user_id,product_id,click_timestamp,click,purchase,product_type,user_location,user_age,user_gender,product_price,product_rating,session_id,time_on_page
2598,810,2024-01-09 09:24:00,0,0,Toys,Chennai,48,Female,5009.69,3.5,97531,64.75
2406,885,2024-12-14 20:09:00,1,0,Home,Mumbai,20,Female,5778.69,3.5,85390,264.52
3926,446,2024-05-09 05:15:00,1,1,Electronics,Kolkata,52,Male,6838.41,3.6,28053,279.03
4211,168,2024-12-25 02:13:00,0,0,Home,Chennai,24,Male,9714.2,4.6,79301,15.97
2810,738,2024-04-02 05:47:00,1,0,Books,Mumbai,40,Male,5425.25,4.2,63404,87.57
1818,516,2024-07-23 18:53:00,1,0,Toys,Chennai,52,Male,8667.55,1.1,25217,142.76
1614,810,2024-03-24 07:52:00,1,0,Books,Bangalore,59,Female,3845.9,4.7,16867,223.53
4740,521,2024-08-05 17:38:00,1,0,Electronics,Delhi,54,Male,2310.4,3.8,33738,250.85
2972,338,2024-08-11 20:58:00,1,0,Electronics,Mumbai,54,Male,7381.58,2.4,89700,176.96
2568,412,2024-10-30 23:36:00,0,0,Toys,Kolkata,35,Male,6265.85,1.7,82350,241.3
2289,437,2024-09-12 05:45:00,1,0,Books,Bangalore,30,Female,1868.7,2.0,81654,117.93
1039,163,2024-09-22 13:27:00,1,0,Clothing,Kolkata,29,Male,3274.93,2.8,94358,73.48
3833,102,2024-07-06 09:15:00,0,0,Clothing,Delhi,31,Female,685.37,4.9,21092,283.19
3513,402,2024-09-10 02:00:00,1,0,Toys,Bangalore,49,Male,9773.54,3.0,68759,107.84
3807,962,2024-06-13 20:57:00,1,1,Home,Chennai,28,Male,4969.84,3.9,77719,57.49
1327,709,2024-09-28 04:52:00,0,0,Toys,Chennai,56,Male,978.06,3.3,85656,201.86
1963,781,2024-12-24 02:18:00,1,0,Books,Bangalore,30,Female,5064.81,3.4,68530,29.43
1190,862,2024-06-28 18:25:00,1,0,Toys,Bangalore,43,Female,3697.23,4.8,73540,28.63
1463,809,2024-10-31 06:19:00,1,0,Electronics,Kolkata,51,Male,4327.5,1.4,88271,287.36
4736,463,2024-01-09 16:47:00,1,0,Electronics,Kolkata,59,Male,9592.39,3.9,72802,40.54
2055,854,2024-06-17 15:27:00,1,0,Electronics,Mumbai,48,Male,1978.74,1.2,95196,210.04
2318,511,2024-04-05 18:21:00,0,0,Electronics,Chennai,25,Female,7367.45,3.3,10808,180.75
3911,776,2024-10-25 22:10:00,0,0,Clothing,Kolkata,39,Male,2408.81,3.3,72661,280.03
4103,172,2024-12-27 15:25:00,1,0,Clothing,Mumbai,23,Male,1247.31,4.4,18503,58.32
3511,334,2024-01-03 02:38:00,1,0,Books,Mumbai,23,Male,9283.78,1.6,17417,29.55
3878,661,2024-01-05 20:54:00,1,0,Electronics,Chennai,34,Female,1468.54,3.2,48188,121.39
4490,359,2024-01-23 07:28:00,1,0,Books,Mumbai,23,Female,5872.8,4.4,29338,134.57
4095,830,2024-03-16 12:00:00,1,0,Books,Bangalore,33,Female,5647.13,3.8,74658,25.76
4690,247,2024-05-29 09:32:00,0,0,Home,Mumbai,42,Male,3561.55,1.1,12115,233.49
1776,992,2024-11-25 04:30:00,1,1,Books,Mumbai,59,Male,799.45,3.2,76052,7.05
1024,602,2024-09-18 09:42:00,1,0,Electronics,Delhi,29,Male,3518.45,2.0,37459,194.29
2118,931,2024-04-25 19:58:00,1,0,Toys,Chennai,36,Male,6407.16,1.1,78563,160.05
1607,488,2024-08-20 00:31:00,1,1,Electronics,Kolkata,38,Male,5343.95,2.6,94173,204.59
4449,284,2024-10-07 15:55:00,0,1,Books,Delhi,54,Male,468.1,3.7,33297,171.39
2574,121,2024-12-17 16:14:00,1,0,Clothing,Chennai,33,Female,3292.9,3.2,79973,49.41
1790,124,2024-01-16 00:25:00,1,0,Home,Kolkata,40,Male,6420.37,2.5,12182,58.56
4556,974,2024-08-15 05:00:00,1,0,Books,Chennai,49,Male,7898.02,2.3,58456,261.42
3055,160,2024-04-08 05:37:00,0,0,Clothing,Kolkata,45,Male,3256.11,1.2,65487,70.21
1203,317,2024-01-22 02:08:00,1,0,Electronics,Bangalore,42,Male,9756.89,2.7,25456,261.58
4893,433,2024-01-22 03:39:00,1,0,Clothing,Chennai,36,Male,1768.2,4.7,56945,87.67
1927,645,2024-07-31 01:51:00,0,0,Books,Delhi,19,Female,2320.18,2.3,20833,234.34
4677,418,2024-05-28 10:44:00,1,0,Electronics,Kolkata,59,Male,5921.13,3.5,29134,115.28
4461,175,2024-09-01 19:35:00,1,0,Home,Kolkata,51,Female,6229.31,4.7,38272,179.81
3215,801,2024-12-14 16:12:00,1,0,Home,Kolkata,19,Male,5155.05,3.2,26637,245.38
4714,159,2024-11-08 02:13:00,1,0,Home,Bangalore,45,Female,3638.14,2.2,27078,141.09
2029,871,2024-04-27 15:40:00,1,1,Home,Bangalore,57,Female,782.31,3.3,92685,30.11
4307,748,2024-08-04 21:10:00,1,0,Clothing,Chennai,44,Male,6106.4,2.4,89275,38.38
2647,850,2024-08-26 10:08:00,0,0,Home,Bangalore,35,Female,7725.96,3.9,34326,236.68
4992,871,2024-02-15 12:35:00,1,0,Electronics,Mumbai,34,Male,6058.75,2.1,61178,280.66
1448,776,2024-02-15 05:59:00,0,0,Books,Mumbai,39,Male,6851.61,3.0,31598,217.95
1469,239,2024-03-25 04:43:00,1,0,Books,Bangalore,54,Male,6185.68,4.6,20992,41.75
4738,323,2024-05-17 19:10:00,0,1,Books,Delhi,34,Female,668.7,1.5,96395,263.81
2528,884,2024-04-11 04:10:00,1,0,Clothing,Kolkata,28,Male,5280.27,3.6,55514,155.38
1511,995,2024-11-02 13:10:00,1,0,Books,Delhi,24,Male,9155.32,4.0,82786,131.32
3011,165,2024-12-20 18:42:00,1,0,Toys,Bangalore,24,Female,5688.3,1.3,77524,195.59
3003,889,2024-01-07 16:48:00,1,1,Clothing,Bangalore,31,Female,6148.99,2.8,17403,77.31
4691,511,2024-02-27 22:41:00,1,1,Toys,Kolkata,52,Male,1930.3,4.1,97991,273.14
1776,501,2024-07-26 03:06:00,0,1,Home,Chennai,55,Female,5380.63,4.3,75248,206.41
2360,646,2024-11-17 12:30:00,1,0,Books,Bangalore,33,Female,9424.97,2.7,95329,268.7
2372,517,2024-03-13 15:29:00,0,0,Toys,Kolkata,37,Female,9913.26,2.9,68926,288.67
1090,964,2024-05-31 11:36:00,0,1,Toys,Chennai,58,Female,4744.35,4.1,65953,240.19
2439,758,2024-10-31 15:15:00,1,0,Electronics,Mumbai,29,Male,9487.91,4.2,63574,275.83
2458,179,2024-12-26 21:34:00,1,0,Clothing,Chennai,46,Female,2038.08,2.8,60819,296.85
4568,797,2024-03-14 19:26:00,1,0,Electronics,Chennai,42,Male,8769.81,4.9,51932,69.89
2266,631,2024-09-05 11:58:00,1,0,Electronics,Delhi,42,Male,3264.32,2.0,21703,9.23
2368,233,2024-01-07 02:53:00,1,1,Books,Delhi,48,Male,8404.98,3.2,32598,157.52
4545,682,2024-04-19 00:18:00,1,1,Clothing,Kolkata,40,Female,8517.13,3.4,77995,280.41
2262,992,2024-04-11 07:46:00,0,1,Home,Delhi,42,Male,3725.61,2.0,93169,109.52
1921,486,2024-03-29 07:53:00,1,0,Toys,Mumbai,55,Female,707.75,3.1,69760,229.32
1170,650,2024-04-30 15:21:00,1,1,Home,Chennai,57,Male,1231.31,3.3,84538,61.12
3278,135,2024-12-05 20:56:00,0,1,Home,Chennai,56,Female,1373.8,3.6,19022,102.66
1902,807,2024-11-13 01:11:00,0,0,Books,Delhi,34,Male,9664.04,4.2,80630,175.87
1726,259,2024-05-23 23:10:00,1,0,Clothing,Chennai,34,Male,1175.3,4.1,10671,177.04
2750,735,2024-10-29 18:26:00,1,0,Toys,Delhi,23,Female,5747.04,4.1,18053,124.54
1771,804,2024-05-06 13:05:00,1,0,Home,Kolkata,48,Female,8490.93,1.9,46239,273.28
3676,268,2024-10-11 17:34:00,1,0,Clothing,Kolkata,20,Female,6397.04,3.6,33884,231.84
1524,699,2024-04-22 15:21:00,0,0,Books,Chennai,59,Male,3387.96,4.0,85369,241.25
4399,805,2024-09-24 01:44:00,1,0,Electronics,Delhi,23,Male,5861.82,2.5,57467,29.78
3870,101,2024-11-08 10:07:00,1,0,Books,Kolkata,42,Male,5052.27,1.2,41695,91.81
4433,953,2024-05-06 17:51:00,0,0,Toys,Chennai,50,Male,1063.23,3.5,84351,222.44
2422,463,2024-12-22 15:17:00,1,0,Home,Bangalore,50,Male,4425.35,4.7,51764,61.35
1694,813,2024-03-16 05:26:00,1,0,Electronics,Mumbai,43,Female,8414.0,2.2,26299,287.37
3267,939,2024-01-12 10:00:00,1,0,Clothing,Mumbai,47,Female,5815.76,4.9,19518,236.81
1295,638,2024-06-23 16:26:00,0,0,Electronics,Delhi,26,Female,2869.19,4.6,21233,125.08
4227,752,2024-02-06 08:33:00,0,0,Toys,Chennai,33,Male,6756.18,2.7,87330,235.2
1756,436,2024-05-19 23:15:00,0,0,Clothing,Mumbai,44,Female,3461.57,1.2,55321,14.12
3946,751,2024-08-15 03:35:00,0,0,Home,Bangalore,38,Female,7989.59,2.0,94348,86.86
1298,844,2024-03-19 01:50:00,1,0,Electronics,Chennai,57,Female,1844.31,3.8,24426,287.25
1856,772,2024-06-25 19:11:00,0,0,Books,Mumbai,47,Female,6885.53,1.6,78288,297.09
4389,643,2024-09-28 10:52:00,0,0,Clothing,Mumbai,56,Male,6104.63,2.4,41822,252.28
1768,849,2024-09-09 05:01:00,1,0,Books,Bangalore,52,Male,9888.76,3.0,37454,297.77
3317,823,2024-04-06 13:35:00,1,1,Clothing,Kolkata,29,Male,7649.66,1.9,56776,277.73
4223,299,2024-06-22 07:51:00,1,0,Toys,Mumbai,51,Female,4993.95,1.2,78472,206.97
4835,900,2024-04-22 07:25:00,1,1,Electronics,Chennai,23,Male,6944.4,4.3,86736,129.18
4609,901,2024-07-11 02:56:00,0,1,Clothing,Delhi,23,Female,1524.82,4.8,45693,266.62
2997,733,2024-10-27 05:59:00,1,0,Clothing,Kolkata,38,Male,4271.23,2.1,79303,167.2
1569,708,2024-11-21 21:41:00,1,0,Clothing,Delhi,42,Female,8808.21,3.4,69810,186.4
1820,891,2024-10-24 17:35:00,0,0,Clothing,Kolkata,18,Female,5068.22,3.3,38096,94.9
1174,907,2024-02-05 23:46:00,0,0,Home,Delhi,26,Male,4214.99,2.9,69870,246.49
4001,115,2024-09-24 19:02:00,1,1,Books,Delhi,50,Male,8447.64,2.0,66072,23.6
2448,886,2024-03-11 18:58:00,1,0,Electronics,Chennai,56,Male,8305.08,1.2,73634,87.61
4775,523,2024-08-05 13:07:00,0,0,Books,Mumbai,24,Female,6033.06,4.6,98369,278.12
3523,203,2024-07-26 16:03:00,1,0,Clothing,Kolkata,26,Male,6313.5,2.4,71892,225.09
4069,698,2024-06-06 11:45:00,1,0,Clothing,Chennai,34,Male,907.7,1.1,37691,207.18
1492,379,2024-07-26 19:57:00,1,0,Electronics,Bangalore,52,Female,5553.55,3.6,56556,217.75
2545,332,2024-12-30 20:53:00,1,0,Electronics,Delhi,39,Male,1695.6,1.7,61072,237.26
4971,819,2024-05-30 20:55:00,1,1,Books,Bangalore,19,Female,4201.05,4.1,50964,56.18
4010,295,2024-09-11 00:22:00,1,1,Electronics,Kolkata,39,Female,5429.42,2.5,60035,206.46
2060,440,2024-11-04 22:59:00,1,0,Toys,Delhi,24,Female,6390.89,4.9,63445,282.71
4331,132,2024-09-02 17:56:00,1,0,Electronics,Chennai,50,Female,2035.86,4.5,72016,243.98
4723,658,2024-02-08 07:29:00,0,0,Home,Mumbai,32,Male,9748.16,4.5,88053,8.27
3249,308,2024-10-31 15:00:00,1,1,Toys,Mumbai,20,Female,5049.93,3.6,90014,133.42
3116,137,2024-01-22 14:00:00,0,0,Books,Delhi,55,Female,6859.7,2.0,57680,57.37
1226,314,2024-04-01 20:22:00,1,0,Home,Mumbai,59,Female,285.52,1.1,22166,168.67
4884,519,2024-10-02 08:17:00,1,1,Home,Bangalore,33,Male,7887.27,2.4,46483,64.36
2798,240,2024-04-30 06:06:00,1,0,Books,Delhi,23,Female,5971.13,1.4,51345,104.17
3135,117,2024-04-11 11:42:00,1,0,Electronics,Delhi,21,Female,8220.38,1.9,30232,248.23
2619,616,2024-06-12 17:35:00,1,0,Home,Chennai,58,Female,9622.18,3.0,60557,218.8
3059,647,2024-02-15 22:38:00,0,0,Toys,Chennai,52,Male,4829.83,1.3,45158,232.93
1986,220,2024-10-17 05:11:00,1,0,Electronics,Delhi,28,Male,870.09,4.3,82524,260.58
4097,693,2024-01-01 00:12:00,1,1,Books,Chennai,20,Male,229.95,4.5,76073,221.22
4393,386,2024-03-15 07:42:00,0,0,Books,Chennai,54,Male,3237.04,1.0,36079,133.63
1543,190,2024-05-04 12:08:00,0,0,Books,Kolkata,21,Female,9769.69,2.5,97530,216.63
4120,988,2024-10-14 06:39:00,1,0,Toys,Mumbai,34,Male,6937.3,3.0,92887,130.47
1490,853,2024-05-14 01:57:00,1,0,Toys,Kolkata,33,Female,1796.12,2.8,98992,228.79
1089,118,2024-03-06 00:23:00,1,1,Clothing,Bangalore,44,Female,1788.1,1.1,35255,87.76
4994,378,2024-04-23 23:18:00,0,0,Clothing,Mumbai,25,Male,6257.56,1.2,17099,63.42
1866,905,2024-03-17 21:09:00,1,0,Toys,Delhi,29,Female,6280.51,1.9,39160,243.33
4244,814,2024-09-06 00:00:00,0,0,Home,Kolkata,36,Female,794.41,4.4,13628,293.78
4750,199,2024-10-04 03:33:00,1,0,Toys,Mumbai,23,Male,7469.16,3.3,79198,175.62
2997,625,2024-08-07 19:26:00,0,0,Home,Chennai,40,Male,3792.83,3.2,95275,282.62
2103,203,2024-09-23 06:39:00,0,0,Electronics,Mumbai,50,Male,4878.72,1.3,43557,156.53
3820,993,2024-08-27 16:55:00,1,0,Home,Kolkata,50,Female,9932.98,2.1,84263,162.44
4499,246,2024-10-26 03:09:00,1,0,Toys,Chennai,29,Male,6691.22,4.3,80475,219.13
1939,744,2024-06-29 23:26:00,1,0,Electronics,Bangalore,59,Female,3802.54,4.1,19465,93.67
2982,305,2024-02-23 18:30:00,1,0,Home,Bangalore,57,Female,3186.0,3.4,60349,77.85
4085,507,2024-10-08 15:27:00,0,0,Books,Delhi,45,Male,2568.03,1.7,48449,154.23
2433,616,2024-03-05 15:17:00,0,0,Electronics,Delhi,28,Male,5628.81,4.5,13217,192.02
3769,425,2024-08-31 11:22:00,1,0,Books,Chennai,45,Male,8514.28,4.4,94195,161.88
1508,604,2024-07-28 10:49:00,1,0,Home,Bangalore,32,Male,4357.98,2.8,80838,196.61
1184,942,2024-11-16 08:44:00,0,0,Home,Bangalore,57,Female,280.53,1.1,30215,16.51
4060,192,2024-05-07 17:49:00,1,0,Clothing,Mumbai,55,Female,5522.05,2.2,71939,24.13
4433,160,2024-02-20 05:58:00,0,1,Home,Delhi,58,Female,8235.82,1.2,29044,22.0
4233,167,2024-05-26 19:18:00,1,0,Books,Kolkata,53,Female,2914.11,2.0,63788,172.98
1827,850,2024-08-20 01:18:00,1,0,Books,Chennai,53,Female,9923.6,3.7,26656,67.2
3123,327,2024-06-11 18:12:00,1,1,Home,Delhi,21,Male,2587.95,2.5,96686,228.24
1898,287,2024-03-16 20:59:00,1,0,Toys,Chennai,29,Female,3543.92,4.7,66262,12.08
2373,572,2024-12-10 09:36:00,0,0,Books,Kolkata,56,Female,9238.01,3.5,82215,186.3
1517,319,2024-10-17 21:13:00,1,0,Clothing,Mumbai,26,Female,6175.41,1.6,11013,10.16
3331,116,2024-04-23 01:39:00,1,0,Books,Delhi,44,Male,1966.48,3.7,54156,28.18
4848,942,2024-10-12 04:29:00,1,0,Electronics,Bangalore,40,Female,7966.83,3.1,60684,198.32
3884,563,2024-03-04 17:52:00,1,0,Books,Bangalore,28,Male,2976.16,1.7,89266,194.05
1556,907,2024-05-18 14:22:00,1,0,Electronics,Kolkata,52,Female,2524.17,3.2,51900,39.44
4402,139,2024-06-29 17:21:00,0,0,Electronics,Delhi,50,Female,6551.06,3.1,30981,61.41
3770,536,2024-01-29 21:13:00,1,0,Home,Mumbai,20,Female,2454.57,1.9,40267,233.82
3911,445,2024-01-21 10:46:00,1,1,Clothing,Chennai,19,Female,7495.18,1.8,60186,171.75
2860,235,2024-05-15 05:49:00,1,0,Electronics,Delhi,53,Male,5317.06,2.2,78067,99.75
3664,601,2024-08-02 01:20:00,1,0,Toys,Bangalore,59,Male,8032.83,2.8,62525,84.27
4487,501,2024-04-27 06:12:00,0,1,Home,Kolkata,41,Male,5603.47,2.0,24196,233.52
4396,865,2024-04-23 00:47:00,0,0,Clothing,Chennai,31,Male,2100.68,3.9,22756,279.41
1791,339,2024-12-17 12:31:00,1,0,Toys,Delhi,23,Male,2419.71,3.8,16126,21.86
4734,122,2024-03-27 03:02:00,0,0,Clothing,Bangalore,46,Female,4396.45,2.8,68551,172.7
1961,729,2024-04-06 09:12:00,1,1,Electronics,Bangalore,33,Male,139.15,2.3,81319,201.02
4756,304,2024-07-26 02:38:00,1,0,Home,Delhi,33,Female,4537.47,1.9,29154,279.04
4647,350,2024-06-10 19:56:00,0,0,Toys,Delhi,50,Male,6935.67,4.1,76855,128.32
1193,957,2024-02-07 21:41:00,1,0,Toys,Mumbai,48,Female,8963.55,1.9,48642,18.61
4439,770,2024-01-01 01:46:00,1,0,Clothing,Mumbai,35,Female,3331.75,1.4,19511,264.93
1831,498,2024-09-06 06:03:00,1,0,Electronics,Kolkata,27,Male,6114.63,1.4,40616,125.92
3879,255,2024-09-17 16:31:00,1,1,Electronics,Mumbai,28,Male,316.85,3.0,31778,150.89
2056,394,2024-11-10 12:28:00,0,0,Books,Delhi,50,Female,2465.57,4.7,92403,124.84
1481,576,2024-10-06 00:32:00,1,1,Clothing,Delhi,43,Male,5941.09,3.7,56557,177.29
1750,562,2024-03-15 16:51:00,1,1,Electronics,Delhi,52,Male,9281.41,3.0,81434,204.7
3669,978,2024-06-14 15:22:00,1,0,Home,Bangalore,39,Female,4738.09,1.7,40915,136.32
2488,514,2024-02-17 15:15:00,1,0,Books,Kolkata,21,Male,3878.06,1.3,33108,237.82
2312,462,2024-05-13 15:44:00,1,0,Toys,Bangalore,20,Female,1867.8,2.2,41286,59.15
1586,931,2024-03-31 20:05:00,1,0,Electronics,Kolkata,56,Male,9969.01,4.4,73100,41.4
1377,376,2024-11-02 12:26:00,1,0,Books,Kolkata,35,Male,5115.92,3.4,97406,106.7
3195,540,2024-02-21 04:10:00,1,0,Clothing,Bangalore,24,Male,8394.08,1.9,15572,211.21
3502,567,2024-07-01 15:12:00,1,0,Books,Chennai,19,Female,9237.82,2.9,41705,243.87
3248,892,2024-06-02 10:53:00,0,0,Clothing,Delhi,59,Female,1164.32,3.1,75200,232.63
1285,726,2024-06-15 09:26:00,1,1,Clothing,Bangalore,54,Male,5151.71,4.1,83275,181.56
4719,506,2024-06-09 06:11:00,1,0,Electronics,Kolkata,29,Male,708.1,3.6,43834,133.65
1702,354,2024-03-01 15:26:00,1,1,Books,Mumbai,43,Male,4485.57,4.8,54709,130.81
2286,133,2024-10-17 15:58:00,0,0,Books,Bangalore,50,Male,7019.67,1.6,16578,92.01
3267,725,2024-08-08 09:40:00,0,0,Home,Mumbai,27,Female,5992.17,2.4,94070,265.09
1386,382,2024-04-14 06:40:00,1,0,Home,Bangalore,19,Male,9677.93,3.1,84962,22.52
3663,862,2024-01-15 15:10:00,0,0,Electronics,Mumbai,31,Female,3259.3,3.9,28198,265.76
2851,879,2024-11-29 04:02:00,0,0,Electronics,Kolkata,57,Female,2497.51,1.3,67064,173.81
4136,296,2024-11-12 22:19:00,0,0,Home,Delhi,26,Female,9421.21,2.4,54911,197.46
2644,272,2024-04-02 06:19:00,1,0,Books,Chennai,47,Female,1180.07,1.4,83070,209.64
3868,577,2024-04-18 01:01:00,1,0,Electronics,Chennai,42,Female,8806.9,4.4,10595,99.69
4132,277,2024-05-29 16:43:00,1,0,Toys,Delhi,25,Male,7548.69,3.4,65648,83.98
2026,348,2024-02-20 16:12:00,1,0,Electronics,Delhi,27,Male,6946.85,2.7,55271,124.63
4014,449,2024-02-18 22:06:00,0,0,Toys,Chennai,52,Male,4317.07,4.2,53413,160.43
3032,288,2024-06-18 05:27:00,1,0,Electronics,Delhi,44,Female,8711.45,3.8,23933,222.89
3284,898,2024-09-11 06:53:00,1,1,Toys,Chennai,57,Female,2942.82,3.0,58631,90.3
3826,224,2024-07-17 04:15:00,1,0,Books,Delhi,59,Male,568.78,3.1,14510,246.57
1025,804,2024-08-05 07:36:00,0,0,Clothing,Bangalore,50,Male,6314.39,3.7,24618,82.11
1481,247,2024-08-10 11:17:00,1,0,Books,Mumbai,47,Male,2097.69,2.4,99825,290.36
2463,320,2024-03-05 07:55:00,1,0,Home,Bangalore,46,Male,1984.09,3.1,85331,29.66
4381,709,2024-01-05 18:09:00,1,0,Books,Delhi,27,Male,3972.83,3.7,68811,261.37
1808,967,2024-10-20 02:53:00,1,0,Clothing,Bangalore,18,Male,9931.31,4.1,35301,26.97
1009,480,2024-10-30 02:27:00,1,0,Clothing,Kolkata,59,Male,6658.07,3.2,92792,65.21
2251,617,2024-02-02 17:44:00,0,0,Home,Kolkata,50,Male,8193.25,1.5,56447,130.68
3067,927,2024-10-02 05:10:00,1,0,Books,Kolkata,43,Male,8227.33,3.8,14109,52.96
2168,416,2024-05-11 13:49:00,1,0,Electronics,Chennai,19,Male,9537.39,1.8,75295,280.32
3769,398,2024-03-20 05:37:00,1,0,Toys,Chennai,25,Female,8192.32,2.1,95757,143.89
3437,927,2024-10-19 02:31:00,1,1,Home,Bangalore,43,Male,7940.3,4.0,20840,252.0
4857,342,2024-01-16 19:46:00,0,0,Books,Mumbai,39,Male,8670.53,4.1,21060,98.45
1262,217,2024-02-06 22:07:00,1,0,Books,Kolkata,18,Female,7255.27,4.4,93668,64.3
1042,202,2024-09-14 08:55:00,0,0,Electronics,Kolkata,42,Male,895.78,1.2,64389,199.76
1755,594,2024-07-13 03:12:00,0,0,Home,Chennai,24,Male,4868.14,3.2,96643,195.49
2521,206,2024-02-17 09:45:00,0,0,Electronics,Kolkata,47,Female,3839.08,2.6,37078,125.64
4813,682,2024-07-21 11:06:00,1,0,Home,Bangalore,59,Female,8673.06,1.7,51222,83.37
3070,773,2024-10-26 23:40:00,1,0,Toys,Kolkata,54,Male,9333.5,1.6,29839,111.69
4507,241,2024-06-11 17:23:00,1,1,Toys,Bangalore,25,Male,4612.7,3.9,74889,181.1
4014,841,2024-06-21 18:39:00,1,1,Home,Kolkata,53,Male,3115.13,1.6,86688,53.3
4287,109,2024-04-17 01:16:00,1,0,Home,Kolkata,37,Female,5130.82,4.2,97443,90.46
4075,725,2024-01-19 10:49:00,1,0,Home,Kolkata,56,Female,8984.18,4.2,58753,247.57
1980,509,2024-11-14 22:36:00,0,0,Home,Bangalore,22,Male,1367.21,1.9,28922,170.39
3463,185,2024-02-22 18:52:00,0,0,Toys,Chennai,28,Female,3982.06,4.8,23848,225.49
1253,166,2024-01-01 04:22:00,1,0,Clothing,Delhi,48,Male,9167.23,1.3,82627,90.42
3846,160,2024-03-12 15:26:00,1,0,Home,Delhi,48,Female,5215.19,1.7,21130,168.55
3271,749,2024-07-10 20:31:00,1,0,Electronics,Kolkata,19,Female,9726.08,4.7,84796,186.67
1857,226,2024-06-14 20:12:00,0,1,Toys,Delhi,31,Male,4008.27,1.8,80652,144.51
4445,344,2024-09-17 17:06:00,1,0,Home,Mumbai,23,Female,9196.31,2.1,79671,187.96
4299,647,2024-02-22 01:40:00,0,0,Toys,Chennai,42,Male,1234.87,4.8,66802,277.31
1643,130,2024-08-13 12:18:00,1,0,Toys,Delhi,23,Female,5193.95,2.7,38374,102.8
2178,123,2024-12-19 08:24:00,0,0,Books,Delhi,32,Female,7200.45,2.7,88344,218.07
3378,708,2024-02-23 07:12:00,0,0,Electronics,Chennai,33,Female,5897.27,4.9,99768,155.83
4570,178,2024-02-04 04:15:00,1,1,Home,Delhi,51,Female,8727.57,4.9,42547,107.83
3896,239,2024-08-31 02:20:00,0,0,Home,Bangalore,42,Male,2398.9,2.9,10908,121.95
4452,312,2024-03-17 09:47:00,1,0,Toys,Bangalore,46,Female,3216.89,3.8,19738,68.99
4867,838,2024-05-11 01:12:00,1,0,Toys,Mumbai,50,Female,3641.65,2.2,65807,23.15
3989,121,2024-07-09 07:48:00,0,0,Clothing,Chennai,57,Female,8374.31,1.5,50667,260.82
3687,584,2024-04-11 14:12:00,1,0,Home,Bangalore,23,Male,9477.59,3.4,77927,251.88
1648,337,2024-09-29 09:16:00,0,0,Home,Chennai,25,Female,4315.3,2.4,36324,289.21
2178,364,2024-11-01 09:58:00,0,0,Electronics,Kolkata,28,Male,5969.71,1.9,54950,69.88
1154,686,2024-10-20 01:05:00,0,0,Books,Chennai,51,Female,6944.93,4.0,92056,39.57
2226,812,2024-12-24 11:37:00,1,0,Toys,Delhi,48,Female,4787.95,2.6,56102,120.41
3126,811,2024-01-08 03:52:00,1,1,Books,Mumbai,49,Male,4486.9,1.7,21182,105.09
4472,543,2024-09-20 04:51:00,1,0,Home,Mumbai,29,Female,7943.79,2.9,48490,16.51
3414,378,2024-09-15 09:21:00,0,1,Toys,Mumbai,56,Female,3650.18,5.0,41793,212.64
1459,501,2024-05-15 11:23:00,1,0,Home,Mumbai,42,Female,9493.92,1.4,15293,123.98
4173,765,2024-04-01 03:10:00,1,1,Toys,Bangalore,33,Female,1908.73,2.5,39921,103.03
3923,500,2024-05-06 06:51:00,0,1,Home,Chennai,46,Female,3741.81,2.5,59298,25.32
2026,483,2024-05-22 03:52:00,1,0,Home,Bangalore,34,Male,6716.21,4.4,11174,167.97
4814,310,2024-02-14 15:25:00,1,0,Clothing,Kolkata,54,Female,7055.27,3.6,46642,6.49
1797,367,2024-05-30 22:33:00,1,0,Electronics,Mumbai,55,Female,4280.63,1.9,85797,56.04
2952,868,2024-08-19 09:53:00,0,1,Books,Delhi,46,Female,9257.52,3.0,89279,295.62
3908,121,2024-07-12 23:23:00,1,1,Clothing,Chennai,30,Female,1207.47,3.3,79708,99.25
2279,912,2024-09-11 22:44:00,1,1,Electronics,Mumbai,32,Female,2090.64,2.4,35818,275.47
3707,175,2024-09-27 00:59:00,1,0,Books,Bangalore,29,Male,2018.11,1.5,44770,125.0
1833,861,2024-08-23 09:04:00,0,1,Electronics,Chennai,43,Male,1826.39,3.0,10422,149.39
3883,225,2024-10-29 23:07:00,1,0,Toys,Kolkata,18,Male,9580.37,4.7,67027,76.99
3842,499,2024-08-12 06:19:00,1,0,Books,Bangalore,52,Male,1358.38,4.9,61312,228.96
2372,543,2024-06-06 03:58:00,1,0,Books,Mumbai,50,Female,477.78,3.1,53997,197.32
1807,376,2024-02-10 09:48:00,0,0,Clothing,Bangalore,47,Male,1656.8,4.6,33917,291.89
3555,762,2024-12-15 21:46:00,1,0,Electronics,Delhi,27,Male,3721.66,3.3,23846,112.05
2185,629,2024-05-14 19:21:00,1,0,Toys,Kolkata,20,Female,6263.18,4.0,58052,172.7
4595,934,2024-12-28 21:55:00,0,0,Clothing,Chennai,47,Female,5322.73,3.8,89248,102.65
3251,730,2024-05-14 20:05:00,1,0,Toys,Mumbai,54,Female,3854.74,4.4,93072,48.69
4842,229,2024-01-29 11:46:00,0,0,Toys,Kolkata,24,Male,6821.62,3.0,54243,102.27
3361,625,2024-04-13 05:26:00,0,0,Books,Delhi,53,Female,2746.25,1.2,43374,276.47
2853,463,2024-05-31 15:57:00,0,0,Home,Bangalore,22,Female,6976.85,1.4,31236,208.37
2236,372,2024-01-03 18:30:00,1,0,Electronics,Delhi,56,Female,9587.18,3.6,30208,295.36
3504,200,2024-07-25 20:58:00,0,0,Books,Delhi,34,Male,7170.76,3.4,86464,168.9
1043,438,2024-03-21 17:25:00,0,1,Toys,Kolkata,48,Female,451.64,4.9,67596,146.77
3716,400,2024-11-12 08:59:00,1,0,Electronics,Delhi,30,Male,2556.78,2.5,21964,85.91
2379,935,2024-08-27 20:49:00,1,1,Electronics,Mumbai,40,Male,8594.05,4.3,25302,183.66
1516,382,2024-07-25 19:30:00,0,0,Electronics,Chennai,33,Male,1864.25,3.6,94687,233.37
3413,147,2024-12-02 12:19:00,1,0,Toys,Kolkata,25,Male,7881.15,4.9,89033,204.71
3265,756,2024-07-23 05:50:00,0,0,Electronics,Bangalore,22,Female,5061.9,4.1,92793,66.77
2853,831,2024-07-12 20:44:00,0,0,Clothing,Bangalore,25,Female,9179.25,1.9,66302,256.05
1884,606,2024-11-06 05:39:00,1,0,Electronics,Kolkata,52,Male,9990.34,4.2,77956,296.27
2191,161,2024-03-16 18:25:00,0,0,Electronics,Chennai,18,Male,9972.03,1.6,58838,254.86
1266,493,2024-02-14 13:01:00,1,0,Books,Chennai,31,Female,6995.29,2.6,18570,298.27
1441,818,2024-01-01 00:35:00,1,1,Clothing,Bangalore,45,Female,1267.2,3.5,98205,121.56
1699,766,2024-11-24 06:58:00,1,0,Books,Chennai,30,Male,6432.53,2.1,19763,211.64
3387,318,2024-03-08 22:25:00,1,0,Books,Chennai,58,Female,8479.86,4.7,32930,55.3
1993,653,2024-07-27 14:15:00,0,0,Electronics,Bangalore,19,Male,7627.14,3.5,14620,209.04
4416,738,2024-02-01 07:03:00,1,0,Clothing,Bangalore,39,Male,2507.27,2.7,30529,187.68
1697,681,2024-12-02 23:11:00,1,0,Toys,Delhi,44,Male,6502.83,3.2,91320,213.24
4054,422,2024-09-12 21:01:00,1,0,Home,Chennai,38,Female,2181.04,1.5,42937,201.69
3085,959,2024-07-12 05:53:00,0,0,Books,Mumbai,34,Female,1516.66,4.1,75378,7.24
2685,443,2024-12-22 13:01:00,1,0,Toys,Kolkata,39,Male,276.89,4.7,31203,225.09
1337,790,2024-02-23 18:41:00,0,0,Home,Mumbai,47,Female,1362.88,2.4,43894,20.05
4938,435,2024-06-20 01:10:00,1,1,Books,Chennai,38,Female,3267.07,1.7,87722,70.57
2172,950,2024-02-28 09:33:00,1,0,Home,Bangalore,56,Female,6309.3,3.8,43480,138.28
1224,530,2024-01-09 22:54:00,1,1,Books,Kolkata,42,Female,8100.47,3.5,22114,160.25
4081,537,2024-12-14 01:11:00,1,0,Books,Kolkata,52,Male,6002.35,3.2,44047,189.76
2241,192,2024-07-05 12:06:00,1,0,Home,Mumbai,52,Male,3462.08,1.8,17646,17.99
1394,374,2024-08-08 08:10:00,1,0,Clothing,Mumbai,22,Male,3897.28,3.6,81761,206.67
2480,138,2024-02-15 05:28:00,1,0,Clothing,Bangalore,18,Male,5122.59,1.9,40932,64.43
2614,355,2024-05-03 00:19:00,1,0,Clothing,Kolkata,32,Male,9522.26,4.1,97832,56.65
1578,658,2024-05-12 22:37:00,1,0,Books,Kolkata,59,Female,3959.26,1.7,88862,288.62
2235,846,2024-12-30 14:20:00,0,0,Clothing,Bangalore,24,Male,2917.25,4.0,62180,172.41
2332,267,2024-04-21 17:33:00,1,0,Books,Mumbai,57,Male,7331.26,4.7,50232,62.07
4278,797,2024-02-11 20:21:00,1,0,Home,Kolkata,26,Female,2613.86,1.6,97713,100.04
3035,681,2024-10-07 13:21:00,0,0,Home,Delhi,27,Male,9678.61,4.1,49876,57.22
4407,475,2024-03-18 02:48:00,1,0,Electronics,Delhi,23,Female,3126.72,4.2,90487,81.77
1458,504,2024-03-14 12:12:00,0,0,Home,Chennai,47,Male,2592.58,1.2,69222,132.14
1749,367,2024-09-02 22:06:00,0,0,Books,Chennai,59,Male,9659.04,2.2,11857,57.52
4156,140,2024-12-04 17:55:00,1,0,Electronics,Delhi,54,Male,4737.12,3.3,70187,90.38
1522,596,2024-12-21 19:01:00,1,1,Home,Delhi,44,Female,9422.15,1.9,12755,125.72
1731,948,2024-09-15 09:31:00,1,0,Electronics,Kolkata,53,Female,9320.58,2.2,11716,280.07
2445,354,2024-10-29 01:53:00,1,0,Books,Kolkata,30,Male,7762.42,1.2,77900,5.46
3599,288,2024-07-26 18:13:00,1,0,Home,Chennai,55,Female,2300.68,3.6,31225,112.98
1321,188,2024-03-20 14:35:00,1,1,Books,Chennai,31,Male,3032.43,4.9,68050,118.33
1313,464,2024-11-03 23:25:00,1,0,Clothing,Chennai,25,Male,2689.57,3.7,34982,78.15
3994,666,2024-01-01 21:00:00,0,1,Electronics,Chennai,54,Male,1851.56,4.6,53712,233.6
3602,929,2024-03-14 01:22:00,1,0,Clothing,Mumbai,56,Female,4431.92,4.2,33825,65.22
1347,326,2024-05-05 22:23:00,1,0,Toys,Delhi,53,Female,6520.57,3.4,68609,140.78
3750,349,2024-06-10 01:36:00,1,0,Electronics,Kolkata,51,Male,5009.78,2.5,47286,5.12
4226,749,2024-02-07 11:53:00,0,0,Toys,Mumbai,41,Male,1664.44,2.6,35014,145.95
1078,390,2024-07-12 19:11:00,0,1,Toys,Mumbai,52,Female,6895.36,3.0,27294,231.61
3684,418,2024-10-27 07:19:00,1,0,Toys,Bangalore,35,Female,6148.36,2.3,21639,31.3
1601,106,2024-10-10 19:10:00,0,0,Clothing,Kolkata,30,Male,2561.4,2.7,12866,8.47
4781,377,2024-06-11 08:23:00,0,1,Electronics,Mumbai,40,Female,399.64,2.2,77053,255.71
1694,115,2024-07-06 18:15:00,1,0,Home,Mumbai,35,Male,8091.69,2.4,35305,29.92
3905,940,2024-04-22 07:30:00,1,0,Home,Chennai,56,Male,5596.19,1.2,42436,180.73
4798,487,2024-08-31 13:32:00,1,0,Electronics,Chennai,54,Female,3503.18,3.1,35722,187.87
4929,645,2024-02-19 07:29:00,1,0,Electronics,Mumbai,18,Male,4580.03,2.4,82142,230.55
2028,577,2024-06-30 07:04:00,0,0,Books,Kolkata,49,Male,7191.27,3.2,50433,30.55
1318,740,2024-01-09 07:03:00,1,0,Toys,Delhi,51,Female,2360.36,4.4,69175,299.97
2094,902,2024-02-21 02:03:00,1,0,Electronics,Chennai,52,Male,8635.43,1.6,82868,255.17
3455,461,2024-12-09 16:11:00,1,0,Books,Bangalore,58,Male,5534.11,1.6,96692,152.33
4045,310,2024-03-15 00:04:00,1,0,Toys,Delhi,35,Male,1995.34,3.6,78488,79.02
3910,915,2024-04-11 01:30:00,1,0,Toys,Mumbai,25,Female,3688.86,1.1,26002,223.61
2100,290,2024-12-28 05:49:00,0,0,Toys,Chennai,26,Male,326.71,4.0,48791,230.98
2794,946,2024-10-07 04:21:00,1,0,Home,Kolkata,33,Male,9716.01,2.3,15343,149.28
2200,801,2024-09-20 09:24:00,1,1,Clothing,Bangalore,49,Male,5449.84,4.1,83867,97.58
4826,265,2024-07-01 07:22:00,1,0,Home,Bangalore,18,Female,1718.5,3.9,21730,206.29
3650,727,2024-04-02 03:56:00,1,0,Toys,Mumbai,29,Male,6356.91,1.7,81579,160.99
1774,352,2024-03-13 17:25:00,0,0,Toys,Chennai,18,Male,8288.71,3.9,13914,47.79
4853,824,2024-10-15 08:31:00,0,1,Home,Chennai,19,Female,8179.42,2.7,79618,31.56
3548,896,2024-09-07 10:39:00,1,1,Toys,Kolkata,39,Female,6255.75,1.2,54284,255.09
4991,654,2024-08-31 06:44:00,1,0,Clothing,Kolkata,48,Female,149.69,1.9,51885,224.73
3464,266,2024-05-25 13:45:00,1,0,Toys,Delhi,21,Male,3905.44,2.4,43929,117.37
2646,608,2024-09-23 02:46:00,1,0,Toys,Delhi,59,Female,6103.49,1.4,79274,88.66
2964,765,2024-09-08 06:10:00,1,0,Electronics,Chennai,26,Male,5446.38,1.6,93403,110.09
3823,871,2024-08-01 18:08:00,0,1,Home,Bangalore,43,Male,6161.38,3.9,24305,178.76
1845,547,2024-03-04 05:04:00,1,1,Toys,Delhi,24,Male,2232.25,3.3,34910,46.22
1089,207,2024-02-10 15:31:00,0,1,Toys,Mumbai,22,Male,6169.81,4.0,44895,26.42
4411,499,2024-08-14 21:43:00,1,0,Home,Delhi,32,Male,252.29,4.9,61482,58.34
1084,902,2024-08-22 01:30:00,1,0,Home,Bangalore,50,Female,8105.99,4.3,25321,168.03
4506,709,2024-03-15 09:25:00,1,0,Clothing,Mumbai,33,Female,8128.57,4.7,51386,86.97
1481,854,2024-05-24 11:20:00,1,0,Electronics,Delhi,59,Male,8145.75,2.3,73314,120.39
2122,331,2024-02-27 04:58:00,1,0,Toys,Delhi,36,Male,3106.33,1.3,67429,134.64
2444,453,2024-07-24 05:03:00,1,0,Home,Chennai,24,Male,994.88,3.8,43975,265.21
3947,409,2024-03-18 03:10:00,1,0,Books,Chennai,22,Male,6193.84,3.7,90902,249.87
1613,569,2024-02-02 21:31:00,1,0,Home,Chennai,18,Male,5399.59,2.2,80916,130.56
1784,805,2024-03-01 20:32:00,0,1,Clothing,Delhi,49,Male,5534.97,3.5,94812,224.06
4161,510,2024-04-14 21:16:00,0,0,Books,Mumbai,26,Male,2614.05,1.0,58951,213.66
4373,604,2024-04-16 15:46:00,1,0,Home,Delhi,26,Male,6767.03,3.5,98380,278.51
4013,188,2024-10-04 00:48:00,1,0,Toys,Kolkata,58,Female,7812.38,4.9,45177,219.14
4427,203,2024-04-07 20:11:00,1,0,Electronics,Kolkata,59,Female,1733.99,2.8,56756,218.05
2343,147,2024-01-24 16:39:00,0,0,Toys,Mumbai,31,Female,5385.3,1.9,89343,180.78
4827,209,2024-03-24 07:31:00,1,0,Toys,Delhi,59,Female,3867.3,2.9,40823,115.89
3219,395,2024-11-04 19:32:00,1,0,Books,Kolkata,43,Female,4504.73,2.2,95134,107.66
4463,430,2024-05-29 12:24:00,0,0,Clothing,Chennai,38,Female,7895.81,4.8,70676,240.05
4894,234,2024-05-26 08:52:00,0,0,Home,Kolkata,30,Male,9701.43,1.7,56621,81.69
2070,406,2024-10-05 06:18:00,1,0,Toys,Delhi,41,Male,9598.49,3.2,69312,119.18
1313,807,2024-06-05 11:20:00,1,0,Clothing,Kolkata,56,Female,2310.55,4.8,66777,296.91
3004,177,2024-11-24 06:47:00,1,0,Home,Kolkata,48,Male,8045.42,2.6,71178,238.85
2275,471,2024-08-10 09:40:00,0,0,Books,Mumbai,20,Male,6697.42,4.6,64913,9.8
3442,729,2024-05-27 03:06:00,1,1,Home,Delhi,34,Male,5982.67,1.1,40058,22.99
3350,596,2024-02-23 11:16:00,0,0,Home,Kolkata,55,Male,1944.65,3.3,96436,239.0
1682,909,2024-08-11 14:36:00,0,0,Books,Mumbai,45,Female,1058.56,4.0,60411,54.9
2298,202,2024-12-30 12:36:00,1,0,Toys,Bangalore,39,Female,5708.22,3.9,72460,213.82
1444,513,2024-08-20 15:37:00,0,0,Home,Chennai,47,Female,459.31,2.7,39246,147.81
1168,905,2024-06-28 23:40:00,1,0,Electronics,Mumbai,33,Female,4521.3,1.2,47521,9.65
2091,336,2024-09-03 04:28:00,1,0,Clothing,Chennai,52,Male,9230.32,1.6,50110,271.73
1660,589,2024-04-17 10:07:00,0,0,Clothing,Bangalore,47,Female,4823.61,2.1,40213,175.44
1297,706,2024-02-08 04:21:00,0,0,Home,Bangalore,58,Female,2711.45,4.4,39703,145.99
3270,575,2024-08-20 23:18:00,1,1,Home,Chennai,49,Female,9419.91,2.3,50079,64.93
3910,983,2024-05-07 11:07:00,1,0,Clothing,Delhi,37,Male,5592.3,4.9,36090,84.87
4229,702,2024-01-06 17:16:00,1,1,Clothing,Delhi,21,Female,6778.94,1.4,11825,169.05
1514,279,2024-06-06 05:19:00,1,1,Electronics,Bangalore,33,Male,7624.88,4.9,48412,14.33
4273,405,2024-10-29 19:42:00,1,0,Toys,Bangalore,26,Female,2076.85,2.9,11003,162.55
1664,862,2024-06-27 21:22:00,1,0,Books,Mumbai,19,Male,4176.59,1.9,78590,224.54
1802,166,2024-11-21 18:20:00,0,0,Toys,Kolkata,29,Male,1379.7,1.3,50206,287.11
4586,106,2024-10-31 00:43:00,0,1,Toys,Chennai,29,Male,2027.28,3.9,94702,175.06
2651,373,2024-03-27 16:31:00,1,0,Electronics,Bangalore,36,Male,289.21,2.5,94144,129.82
4937,128,2024-11-15 22:40:00,1,0,Clothing,Bangalore,50,Female,7033.09,4.8,65293,74.53
4098,307,2024-05-23 10:07:00,1,0,Electronics,Bangalore,44,Male,6693.99,1.5,81738,111.24
3875,137,2024-02-11 19:41:00,1,0,Clothing,Delhi,52,Female,5706.53,4.6,14061,76.4
1083,744,2024-09-26 16:19:00,1,0,Electronics,Bangalore,54,Female,201.52,3.9,45235,165.43
2329,986,2024-06-06 01:04:00,1,0,Home,Chennai,58,Female,4519.31,4.4,92064,105.38
2377,873,2024-04-25 08:45:00,1,0,Electronics,Bangalore,51,Female,8797.28,4.5,21822,291.61
4972,437,2024-01-25 14:46:00,1,0,Clothing,Mumbai,39,Male,7338.56,1.5,71162,46.98
2863,313,2024-04-21 02:17:00,1,0,Electronics,Delhi,25,Male,8860.34,2.7,28321,217.43
4852,683,2024-06-04 13:06:00,1,1,Toys,Bangalore,47,Female,4252.92,4.7,46965,153.35
2587,248,2024-01-11 02:32:00,1,0,Books,Kolkata,52,Female,3530.06,1.1,30509,89.4
1540,280,2024-10-03 21:27:00,1,1,Clothing,Kolkata,23,Male,3369.36,4.7,59904,232.12
4290,726,2024-11-18 19:42:00,1,0,Electronics,Chennai,44,Female,6129.72,2.0,61570,25.67
3584,817,2024-07-13 02:15:00,1,1,Clothing,Kolkata,27,Male,8005.53,2.2,31388,9.49
1833,882,2024-10-31 13:33:00,1,0,Electronics,Chennai,29,Male,6941.53,3.7,16047,224.98
3273,428,2024-08-30 06:04:00,0,0,Toys,Chennai,35,Female,9259.22,1.2,66695,44.2
1156,474,2024-06-23 11:32:00,1,0,Electronics,Bangalore,48,Female,8467.09,3.3,72327,26.55
2735,904,2024-02-24 14:33:00,0,0,Home,Kolkata,39,Female,764.26,1.3,99373,24.78
1897,855,2024-09-23 09:55:00,1,0,Electronics,Chennai,44,Male,2407.11,3.6,76111,193.68
4996,250,2024-10-14 01:56:00,0,0,Toys,Bangalore,19,Male,834.85,1.7,84343,87.48
4776,184,2024-07-22 15:33:00,1,0,Electronics,Kolkata,55,Female,1600.3,2.7,99892,10.65
4416,330,2024-02-15 16:14:00,1,0,Clothing,Kolkata,39,Male,3491.84,1.6,78399,34.06
2277,867,2024-04-04 10:11:00,1,0,Books,Delhi,46,Female,3479.71,2.1,89122,74.4
2977,904,2024-10-20 22:20:00,1,0,Home,Bangalore,18,Male,4070.94,3.9,52311,267.45
4022,960,2024-04-05 13:07:00,0,1,Electronics,Kolkata,56,Female,9133.63,4.3,72419,156.81
4436,394,2024-09-07 23:04:00,0,0,Clothing,Chennai,44,Male,752.69,4.1,64371,51.26
3608,851,2024-05-30 16:13:00,0,0,Home,Chennai,21,Female,1930.48,3.0,88780,194.76
1701,405,2024-09-10 13:40:00,0,0,Home,Bangalore,49,Male,804.22,3.5,60083,120.89
4152,295,2024-01-25 14:25:00,1,0,Electronics,Delhi,35,Female,2314.25,2.4,97956,186.5
4956,249,2024-05-04 11:48:00,0,0,Books,Mumbai,56,Female,2214.08,4.4,29397,191.73
4079,301,2024-03-01 20:49:00,1,0,Home,Delhi,42,Male,2184.76,1.9,27935,166.37
1669,396,2024-11-06 03:20:00,1,0,Clothing,Chennai,51,Female,1514.61,4.2,18068,251.65
1044,496,2024-02-17 12:00:00,1,0,Books,Chennai,40,Female,3200.98,1.3,51218,90.68
4589,528,2024-09-06 06:16:00,1,0,Electronics,Bangalore,36,Female,5590.33,4.5,64924,111.72
2339,659,2024-07-13 19:09:00,1,0,Clothing,Mumbai,24,Male,1291.82,1.9,91521,29.05
4211,718,2024-08-24 20:49:00,0,0,Clothing,Bangalore,51,Female,8413.82,2.9,62194,179.43
1875,554,2024-10-30 22:29:00,0,1,Electronics,Kolkata,20,Female,6152.6,2.0,54040,56.41
3035,190,2024-05-30 11:12:00,0,0,Electronics,Chennai,40,Female,2485.23,3.9,79817,189.14
2696,201,2024-02-13 15:47:00,1,0,Electronics,Mumbai,18,Male,8101.21,2.4,97015,195.34
1178,436,2024-07-11 12:27:00,1,0,Electronics,Kolkata,27,Male,3645.14,1.9,10850,64.02
4070,630,2024-07-04 16:04:00,1,0,Electronics,Bangalore,20,Female,6256.36,2.6,84126,176.68
2472,172,2024-10-06 16:02:00,0,0,Toys,Mumbai,23,Male,2127.57,1.7,36133,49.04
4915,705,2024-11-27 05:57:00,1,0,Toys,Chennai,44,Male,6779.84,2.3,28986,163.83
1954,756,2024-07-18 18:00:00,1,0,Books,Mumbai,34,Female,4948.57,4.1,75261,215.89
2954,841,2024-07-09 19:52:00,0,0,Books,Chennai,46,Male,6799.48,2.0,78855,252.44
4977,662,2024-05-15 21:24:00,1,0,Books,Bangalore,36,Female,8614.55,4.4,10069,73.92
2355,986,2024-05-24 23:41:00,1,0,Electronics,Kolkata,51,Female,7410.5,2.3,23149,172.12
1900,275,2024-12-08 01:22:00,1,1,Clothing,Bangalore,21,Male,1527.86,1.1,39510,270.79
4369,777,2024-10-04 16:19:00,1,0,Electronics,Delhi,46,Female,2353.76,1.9,28769,117.66
3440,533,2024-03-17 08:37:00,1,0,Home,Delhi,36,Female,4498.92,1.1,21593,40.42
1023,313,2024-10-20 11:45:00,0,0,Clothing,Delhi,36,Male,7547.36,3.4,12231,94.92
3491,658,2024-04-11 03:08:00,1,0,Electronics,Chennai,46,Male,7185.28,3.9,20870,272.11
4947,781,2024-10-05 00:07:00,1,0,Books,Delhi,40,Male,5602.64,2.6,56874,274.67
1621,644,2024-06-01 03:46:00,0,0,Electronics,Kolkata,36,Male,7921.83,1.9,90144,293.33
3575,954,2024-01-06 10:22:00,0,0,Electronics,Chennai,43,Male,7414.98,4.3,55364,229.68
4460,310,2024-02-09 10:55:00,0,0,Books,Kolkata,51,Male,8429.03,1.4,61991,167.4
1383,797,2024-08-24 01:34:00,1,0,Clothing,Kolkata,59,Male,9767.09,1.3,17510,69.92
3120,386,2024-01-03 12:59:00,0,1,Toys,Delhi,39,Male,8561.02,3.8,96738,102.05
4926,447,2024-04-29 00:16:00,1,0,Books,Chennai,53,Male,7212.14,2.9,73271,235.18
2811,431,2024-06-11 13:30:00,1,0,Electronics,Mumbai,25,Female,3193.09,3.8,48761,25.91
4286,272,2024-05-11 16:03:00,0,0,Electronics,Chennai,32,Male,3440.82,3.1,20770,197.5
1330,597,2024-11-11 05:37:00,0,0,Home,Delhi,41,Female,9652.6,4.2,32190,183.75
4773,716,2024-08-15 06:03:00,1,0,Toys,Bangalore,35,Female,3094.54,2.5,29884,293.48
4439,295,2024-05-14 06:21:00,1,0,Books,Mumbai,44,Female,5555.0,4.0,57418,240.77
1410,459,2024-04-05 15:38:00,1,1,Clothing,Delhi,56,Male,6607.01,1.6,25754,44.61
3667,848,2024-06-20 13:38:00,0,0,Books,Mumbai,43,Male,2125.83,4.0,36288,46.86
1452,560,2024-05-24 11:42:00,1,0,Clothing,Delhi,45,Female,9901.81,2.9,78547,167.66
1292,449,2024-04-16 01:24:00,1,0,Electronics,Chennai,41,Male,8256.6,2.2,55642,239.64
2715,830,2024-09-25 01:02:00,1,0,Toys,Chennai,56,Female,9946.33,1.7,49634,92.56
3321,559,2024-09-30 15:00:00,1,0,Clothing,Bangalore,20,Female,3695.73,3.6,24256,49.47
1517,937,2024-06-28 16:11:00,1,1,Books,Kolkata,30,Female,7045.08,1.5,36458,266.85
3320,678,2024-12-14 01:51:00,1,0,Books,Bangalore,43,Male,6860.59,4.1,66252,145.37
4793,266,2024-08-13 13:27:00,0,0,Home,Delhi,32,Female,8101.85,3.7,91277,183.65
1759,905,2024-06-21 11:53:00,1,0,Electronics,Chennai,40,Male,6064.19,4.7,41292,67.38
4487,390,2024-03-07 23:07:00,1,0,Electronics,Kolkata,24,Female,8945.77,1.3,87688,191.04
2028,763,2024-09-29 01:22:00,0,0,Electronics,Chennai,59,Female,3005.4,1.1,45303,246.05
2190,443,2024-11-21 17:33:00,1,0,Electronics,Bangalore,43,Female,730.0,3.6,49668,215.98
4471,864,2024-12-15 06:58:00,1,1,Books,Delhi,33,Female,8609.35,2.4,28979,163.93
2780,574,2024-02-02 14:00:00,1,0,Toys,Chennai,19,Female,7816.16,3.1,94437,52.28
2633,309,2024-12-29 14:06:00,1,0,Electronics,Bangalore,53,Male,3357.01,3.1,79015,15.41
2039,190,2024-11-30 13:09:00,1,0,Toys,Bangalore,25,Male,870.4,1.2,97536,236.94
2418,350,2024-02-22 16:18:00,1,0,Toys,Chennai,34,Male,8291.82,3.2,81384,194.97
1679,338,2024-09-26 15:22:00,1,1,Electronics,Bangalore,50,Female,9573.89,4.8,89704,40.48
3177,920,2024-10-17 15:56:00,1,0,Electronics,Kolkata,54,Female,7972.22,3.6,40515,246.78
4411,244,2024-04-28 18:54:00,1,0,Home,Mumbai,19,Female,5970.71,1.5,64850,39.39
4886,577,2024-01-20 23:44:00,1,0,Electronics,Bangalore,51,Male,3658.05,2.2,45539,258.99
4556,864,2024-11-19 19:39:00,0,0,Toys,Delhi,42,Female,6746.93,4.9,56274,159.78
4449,536,2024-04-17 09:26:00,0,0,Home,Chennai,43,Female,7881.01,1.5,54015,77.23
1217,470,2024-09-07 13:15:00,1,0,Clothing,Chennai,23,Male,2637.69,1.9,83155,70.42
2416,105,2024-11-17 05:07:00,1,0,Clothing,Delhi,29,Female,4729.19,3.3,10366,70.67
4088,827,2024-12-11 18:02:00,1,0,Books,Delhi,34,Male,9401.52,3.2,95605,160.34
4525,314,2024-12-24 17:03:00,1,0,Clothing,Delhi,26,Male,5016.57,3.3,58823,197.53
2846,836,2024-09-25 02:54:00,1,0,Books,Chennai,28,Male,2841.86,4.6,20274,91.82
1767,478,2024-04-16 08:16:00,1,0,Toys,Bangalore,36,Male,8720.14,1.5,62387,102.25
3514,919,2024-06-30 00:07:00,0,0,Toys,Bangalore,35,Male,6127.71,3.2,74302,260.81
4294,792,2024-07-24 03:44:00,1,0,Books,Bangalore,50,Male,1249.36,1.3,37761,7.99
2487,368,2024-04-09 05:38:00,1,0,Home,Mumbai,28,Male,9690.93,2.9,53123,21.75
4889,829,2024-03-19 22:50:00,1,0,Home,Kolkata,45,Female,9798.08,2.9,89075,49.4
4738,459,2024-04-25 01:55:00,1,0,Books,Chennai,19,Female,6738.55,4.9,85306,92.96
2049,579,2024-02-14 22:28:00,0,1,Toys,Bangalore,45,Male,5286.09,3.0,85994,213.76
1209,969,2024-10-03 12:28:00,1,0,Toys,Kolkata,19,Male,8882.07,2.6,29797,14.13
1428,451,2024-11-12 14:44:00,1,0,Electronics,Mumbai,54,Male,5643.65,4.8,50442,102.27
1140,679,2024-11-11 12:20:00,0,0,Electronics,Bangalore,20,Female,4346.05,2.3,77220,69.04
2106,661,2024-06-08 21:25:00,1,0,Toys,Bangalore,51,Female,9196.62,2.0,74093,224.03
2093,839,2024-08-07 03:44:00,1,0,Clothing,Mumbai,45,Male,9853.17,2.6,14837,208.41
3368,504,2024-02-05 21:50:00,1,0,Clothing,Mumbai,21,Female,8718.6,1.8,61112,232.97
2400,316,2024-11-17 21:54:00,1,0,Clothing,Bangalore,25,Female,4200.95,4.9,31805,169.15
3138,222,2024-07-20 16:21:00,1,0,Clothing,Mumbai,34,Male,8559.97,1.1,85405,21.02
2317,435,2024-08-09 10:16:00,1,0,Home,Kolkata,35,Male,4540.71,3.1,25062,134.09
1373,888,2024-11-22 13:58:00,1,0,Home,Kolkata,50,Female,6765.19,2.0,83027,77.66
1931,728,2024-01-28 10:25:00,1,0,Clothing,Bangalore,38,Male,9643.76,2.8,85601,177.79
2882,442,2024-08-28 14:52:00,1,0,Home,Bangalore,52,Male,1788.74,3.7,15870,83.38
3132,646,2024-07-21 12:56:00,1,0,Clothing,Bangalore,31,Female,419.13,2.8,49267,266.38
4782,534,2024-11-01 03:16:00,1,1,Home,Kolkata,23,Male,7374.99,4.6,45775,97.73
1139,344,2024-08-09 12:36:00,1,0,Electronics,Mumbai,43,Male,9211.72,2.2,73813,248.82
2803,978,2024-06-01 17:20:00,0,0,Electronics,Chennai,50,Female,6307.18,1.1,54293,83.86
1917,975,2024-01-26 14:20:00,1,0,Clothing,Bangalore,59,Female,4222.72,1.5,99168,256.34
3804,821,2024-12-10 10:39:00,1,0,Electronics,Chennai,56,Male,5608.99,1.3,88459,287.93
4752,638,2024-07-19 20:58:00,1,0,Toys,Chennai,49,Female,6400.48,2.8,99860,9.8
1501,638,2024-10-05 13:51:00,1,0,Home,Delhi,35,Female,7075.82,2.7,34304,81.24
3031,985,2024-10-03 19:48:00,0,1,Books,Mumbai,23,Female,6702.69,3.0,39158,37.31
1630,160,2024-06-01 21:34:00,1,0,Toys,Bangalore,52,Male,6374.25,2.7,80257,90.6
3975,757,2024-08-23 06:17:00,1,0,Books,Mumbai,33,Female,2694.47,1.9,67903,47.97
4349,480,2024-10-21 05:04:00,1,0,Clothing,Delhi,40,Male,6622.82,3.6,37902,245.09
4723,947,2024-01-30 18:37:00,1,1,Electronics,Delhi,21,Female,2904.43,1.5,52515,236.1
4618,834,2024-08-04 12:50:00,1,0,Home,Mumbai,44,Female,8634.25,4.3,31613,299.75
1275,342,2024-10-18 10:55:00,1,0,Electronics,Delhi,55,Male,2121.34,3.4,30687,24.09
2679,712,2024-04-27 12:00:00,1,0,Clothing,Mumbai,45,Female,4360.65,3.9,20649,77.56
3656,574,2024-01-12 22:18:00,1,0,Clothing,Bangalore,26,Male,6910.0,2.6,72702,166.08
4466,180,2024-01-30 18:05:00,0,0,Toys,Chennai,55,Male,2540.56,3.8,91887,71.86
2715,531,2024-07-19 04:21:00,1,0,Clothing,Bangalore,53,Female,5986.15,4.6,38577,293.49
2379,786,2024-08-29 16:17:00,1,0,Clothing,Bangalore,21,Female,4340.72,4.9,13895,259.74
4770,192,2024-12-07 13:02:00,0,0,Electronics,Mumbai,23,Female,7352.83,3.9,23478,16.9
4238,705,2024-01-27 11:59:00,1,0,Books,Chennai,40,Male,2149.26,3.3,89020,282.86
4271,975,2024-10-02 07:45:00,1,0,Home,Kolkata,51,Female,7258.0,2.0,62481,194.67
4084,970,2024-05-14 03:44:00,1,0,Home,Chennai,53,Male,1841.77,1.0,18432,187.73
3209,417,2024-01-14 15:52:00,1,0,Toys,Bangalore,45,Male,3567.85,4.8,15467,33.11
1885,739,2024-12-05 06:11:00,1,0,Home,Chennai,50,Male,6397.57,1.8,40212,55.46
3417,294,2024-07-24 02:39:00,1,0,Electronics,Mumbai,28,Male,1256.31,1.6,54870,205.13
1135,219,2024-10-07 00:22:00,1,0,Electronics,Delhi,19,Female,1249.09,3.9,26569,161.07
2146,966,2024-07-02 20:34:00,1,0,Home,Mumbai,26,Male,9706.24,4.6,12952,101.85
3144,880,2024-11-29 16:38:00,0,0,Home,Bangalore,38,Female,8348.87,1.4,45066,130.56
2026,774,2024-02-27 09:37:00,1,0,Clothing,Chennai,52,Male,1721.12,2.8,70563,167.48
3569,421,2024-06-09 21:28:00,1,1,Books,Kolkata,20,Female,7682.66,1.1,91795,249.2
4145,725,2024-09-29 04:43:00,0,0,Toys,Mumbai,21,Female,2193.92,4.8,85229,15.27
2029,747,2024-03-03 10:43:00,1,0,Home,Delhi,46,Female,3679.6,4.7,49258,205.31
3114,406,2024-12-27 00:13:00,1,0,Clothing,Kolkata,53,Male,485.14,2.1,71379,187.33
4760,572,2024-03-17 15:22:00,1,0,Clothing,Bangalore,21,Female,9870.12,2.3,48045,214.39
4840,294,2024-06-11 11:22:00,1,1,Clothing,Mumbai,57,Male,6208.28,2.0,94734,219.13
3454,968,2024-02-09 12:26:00,1,1,Home,Kolkata,22,Male,5181.83,2.1,25023,263.51
1391,494,2024-10-04 13:36:00,1,0,Clothing,Chennai,48,Male,3202.31,2.0,42280,250.05
4872,201,2024-09-04 14:52:00,0,0,Electronics,Mumbai,43,Male,9267.14,4.4,57696,14.09
4648,605,2024-06-17 01:44:00,1,0,Toys,Kolkata,25,Female,8711.84,3.3,57972,39.57
1715,774,2024-11-15 23:21:00,1,1,Home,Mumbai,32,Male,9499.89,3.3,59813,216.04
4929,959,2024-02-04 18:00:00,1,0,Books,Delhi,35,Male,8116.47,4.8,20979,137.49
3489,818,2024-08-01 06:35:00,1,0,Toys,Delhi,37,Female,3818.53,4.5,38769,135.44
3620,825,2024-12-08 02:12:00,0,1,Books,Chennai,46,Female,5664.45,2.7,89025,273.49
4742,626,2024-05-16 10:55:00,0,0,Electronics,Delhi,25,Female,2207.94,3.8,66380,12.4
4146,901,2024-05-09 22:39:00,0,0,Clothing,Chennai,30,Female,9458.19,3.2,31094,179.33
3456,271,2024-02-08 22:08:00,1,1,Electronics,Chennai,29,Male,8866.52,2.0,56309,194.27
3407,868,2024-09-20 05:03:00,1,1,Clothing,Mumbai,51,Female,2980.34,4.6,89279,160.83
3976,758,2024-08-05 22:17:00,0,0,Toys,Chennai,49,Female,1683.76,4.8,23125,35.19
3797,799,2024-05-22 15:46:00,0,1,Home,Bangalore,28,Male,8923.4,1.9,36885,123.73
3693,706,2024-12-22 16:45:00,0,0,Books,Bangalore,41,Male,6523.54,3.6,47367,19.42
4128,925,2024-09-24 02:55:00,1,1,Clothing,Delhi,21,Male,7078.35,3.6,61613,24.83
2549,665,2024-04-25 09:35:00,1,0,Electronics,Mumbai,18,Female,3432.18,2.9,47331,98.56
1956,271,2024-05-22 14:26:00,1,0,Home,Kolkata,33,Male,2738.7,4.3,45005,140.4
1242,759,2024-05-09 08:11:00,0,0,Electronics,Mumbai,41,Female,3818.53,1.1,21937,136.87
3796,331,2024-12-30 04:38:00,1,0,Books,Mumbai,42,Female,7625.57,2.1,17688,285.52
2484,553,2024-04-24 16:59:00,1,0,Home,Bangalore,32,Male,7305.13,3.9,92467,203.8
1799,327,2024-02-22 07:24:00,1,0,Home,Kolkata,35,Female,9163.8,4.5,22687,31.86
4898,128,2024-11-02 23:36:00,0,1,Toys,Bangalore,41,Male,7523.46,4.6,61014,130.06
2350,677,2024-06-12 21:45:00,0,0,Toys,Bangalore,25,Female,2284.34,1.2,42558,118.45
1028,370,2024-10-06 16:43:00,1,0,Toys,Mumbai,50,Male,8756.79,4.6,51416,209.79
4491,178,2024-02-20 21:54:00,1,0,Electronics,Chennai,31,Female,7248.57,4.9,35283,39.1
3784,674,2024-08-29 23:16:00,0,0,Electronics,Kolkata,36,Male,8710.44,4.2,68725,156.08
4080,624,2024-09-12 18:18:00,1,0,Home,Kolkata,36,Female,8096.7,4.2,49994,211.15
1003,345,2024-02-22 14:13:00,0,0,Toys,Bangalore,49,Male,4632.11,2.4,90851,18.83
3207,269,2024-04-07 05:58:00,1,0,Books,Kolkata,35,Male,5100.56,1.7,74065,82.02
3764,227,2024-07-05 18:42:00,1,0,Electronics,Bangalore,59,Male,7681.67,1.7,30987,18.38
4136,485,2024-03-16 12:32:00,0,1,Toys,Bangalore,26,Female,8069.49,1.2,10207,151.57
2787,731,2024-06-28 11:10:00,1,0,Home,Mumbai,43,Male,646.26,4.8,42656,27.5
4123,403,2024-10-15 14:33:00,1,1,Electronics,Bangalore,39,Female,2564.93,1.8,69175,137.41
1507,810,2024-06-07 14:56:00,1,0,Home,Kolkata,39,Male,3767.95,4.5,44768,294.48
1127,246,2024-07-08 00:39:00,1,1,Electronics,Mumbai,21,Female,384.97,3.4,77363,252.01
1593,110,2024-02-06 00:05:00,1,0,Electronics,Kolkata,19,Female,3252.11,4.6,16247,55.06
4461,362,2024-02-12 15:31:00,1,0,Books,Chennai,30,Female,1905.14,1.5,95215,95.58
3544,110,2024-11-15 13:06:00,0,0,Home,Mumbai,32,Female,9826.58,1.5,61755,273.63
1228,254,2024-02-26 02:54:00,0,1,Books,Mumbai,58,Female,8406.1,3.2,20407,120.49
4089,456,2024-11-12 06:03:00,1,0,Toys,Mumbai,28,Male,9236.37,3.8,33950,286.88
1442,896,2024-03-28 02:30:00,1,1,Home,Kolkata,26,Male,4284.33,3.3,79220,13.17
3047,391,2024-07-24 15:05:00,1,0,Home,Chennai,20,Female,7652.66,4.7,82087,78.48
1204,388,2024-09-05 08:09:00,1,0,Electronics,Chennai,21,Male,8606.65,3.7,38724,11.73
2434,876,2024-07-13 03:39:00,0,1,Toys,Chennai,44,Female,4860.03,2.0,29210,9.09
3353,438,2024-08-23 21:38:00,1,0,Electronics,Kolkata,50,Female,4116.56,1.6,54057,139.36
1961,930,2024-12-09 14:03:00,0,0,Books,Chennai,28,Female,5127.63,1.6,31521,68.57
1997,964,2024-08-26 03:33:00,0,0,Books,Mumbai,41,Female,6616.07,4.2,10735,247.65
1353,605,2024-03-11 01:11:00,1,0,Toys,Chennai,24,Male,6693.17,4.0,14479,98.88
3346,899,2024-06-22 01:41:00,1,0,Clothing,Bangalore,55,Male,7863.52,4.6,36306,146.7
1656,406,2024-08-20 14:51:00,1,0,Toys,Chennai,52,Female,7620.02,2.5,93164,185.95
4632,378,2024-10-28 11:35:00,0,0,Home,Kolkata,31,Male,6247.83,4.9,97811,299.74
3084,721,2024-01-28 05:03:00,1,1,Electronics,Kolkata,32,Female,2697.57,2.9,48987,137.24
3809,154,2024-09-21 01:59:00,0,0,Toys,Bangalore,59,Male,4397.6,4.7,36583,284.45
1488,292,2024-03-17 06:17:00,1,0,Books,Chennai,32,Male,608.4,5.0,92425,144.55
1223,633,2024-05-02 07:02:00,0,0,Books,Delhi,24,Female,8012.76,1.1,77712,44.69
4809,630,2024-03-01 23:59:00,0,0,Home,Kolkata,58,Male,1572.84,1.5,52184,112.34
1997,914,2024-01-27 21:45:00,1,0,Toys,Bangalore,19,Male,8460.14,3.9,46988,194.3
1849,273,2024-12-16 02:21:00,1,1,Home,Mumbai,48,Female,5610.01,2.7,25525,175.93
1898,829,2024-04-17 21:40:00,1,0,Books,Kolkata,48,Female,1795.56,1.8,54682,112.05
1234,178,2024-03-22 02:34:00,1,1,Clothing,Mumbai,18,Male,2386.26,2.7,65420,109.15
2492,219,2024-07-01 19:54:00,1,0,Books,Chennai,44,Male,6867.76,3.6,90212,299.05
3846,219,2024-11-26 01:35:00,1,0,Books,Chennai,35,Female,8862.3,2.1,29325,238.99
3834,139,2024-12-20 10:29:00,1,0,Books,Kolkata,44,Male,2890.59,2.6,38246,272.0
1779,993,2024-09-22 12:01:00,1,0,Toys,Mumbai,51,Male,4506.92,1.7,68477,24.34
1390,598,2024-01-20 15:21:00,0,0,Books,Mumbai,18,Male,4333.5,3.2,82616,115.61
1364,952,2024-10-06 18:18:00,0,0,Electronics,Bangalore,54,Female,1070.01,1.2,51736,20.02
2565,462,2024-12-11 23:45:00,0,0,Clothing,Kolkata,56,Female,6331.36,2.8,22307,231.83
3758,216,2024-03-24 20:16:00,1,0,Toys,Bangalore,42,Female,2329.37,4.2,58850,149.99
1423,983,2024-09-17 05:57:00,1,0,Home,Delhi,43,Female,4365.22,1.4,45267,252.9
1632,739,2024-04-24 18:06:00,1,0,Clothing,Kolkata,37,Female,2217.29,2.7,39181,126.74
3101,577,2024-05-30 12:09:00,0,0,Toys,Chennai,42,Female,6422.19,2.1,22350,125.29
2668,663,2024-11-13 09:06:00,0,0,Books,Bangalore,19,Female,4819.31,4.1,88902,190.15
2807,810,2024-10-11 21:56:00,1,1,Home,Kolkata,31,Male,5494.05,1.4,49467,219.43
3033,731,2024-05-18 06:02:00,0,0,Books,Chennai,21,Female,4903.19,3.6,64743,297.65
4776,945,2024-04-07 07:15:00,1,0,Toys,Mumbai,40,Female,6780.95,3.4,84990,86.38
3066,251,2024-08-28 16:59:00,0,0,Clothing,Kolkata,59,Male,6234.98,2.3,32848,136.3
4574,558,2024-05-24 11:06:00,1,0,Books,Kolkata,38,Female,850.24,3.8,42629,213.55
1862,192,2024-05-01 08:50:00,0,0,Clothing,Mumbai,40,Female,3030.96,1.5,96886,42.02
1437,225,2024-03-17 16:03:00,0,0,Electronics,Delhi,28,Male,9879.42,1.7,66223,12.77
4446,457,2024-06-13 13:34:00,0,0,Electronics,Delhi,20,Female,2846.75,1.8,54613,149.91
4716,175,2024-06-11 21:48:00,1,0,Home,Mumbai,19,Female,3605.2,3.8,23602,258.42
2243,245,2024-04-19 00:29:00,0,0,Books,Kolkata,47,Male,8505.7,3.3,75204,231.73
1586,823,2024-10-11 19:19:00,1,0,Toys,Kolkata,39,Male,3828.37,3.6,87629,248.18
2897,368,2024-06-22 08:05:00,1,0,Home,Delhi,42,Female,5614.28,4.5,32185,165.27
3577,745,2024-12-27 12:47:00,1,0,Home,Kolkata,27,Male,6346.68,1.2,16460,178.3
1492,352,2024-01-27 01:36:00,1,0,Toys,Kolkata,47,Female,782.75,3.6,58233,245.94
1667,221,2024-09-15 17:16:00,0,0,Home,Chennai,50,Male,3508.0,3.3,56301,116.97
3972,148,2024-08-01 00:47:00,1,0,Home,Delhi,37,Female,6331.08,1.1,87285,55.8
2309,661,2024-07-08 10:26:00,1,1,Books,Kolkata,35,Female,154.39,4.2,45677,7.37
1148,489,2024-10-10 06:00:00,1,0,Electronics,Delhi,55,Female,2175.04,4.3,84924,110.07
2648,114,2024-07-22 05:52:00,1,0,Clothing,Kolkata,41,Male,1105.22,4.0,21986,181.23
2744,555,2024-03-23 06:16:00,1,1,Clothing,Kolkata,52,Male,5613.94,4.8,21281,183.28
4842,802,2024-08-12 14:37:00,1,0,Clothing,Delhi,19,Female,6723.13,4.6,21019,28.75
2346,599,2024-06-02 18:18:00,1,0,Home,Kolkata,25,Male,5261.1,1.6,94412,109.0
3818,293,2024-06-17 23:03:00,1,0,Books,Delhi,53,Male,4236.34,1.3,83296,11.77
4354,970,2024-02-26 01:04:00,1,1,Home,Delhi,40,Male,7947.74,1.6,26602,188.46
1949,403,2024-07-02 15:08:00,0,1,Books,Bangalore,48,Male,2187.83,3.0,41834,208.6
2544,759,2024-06-01 23:18:00,1,0,Home,Delhi,55,Male,3529.05,4.6,50847,247.21
1466,895,2024-04-06 15:45:00,1,0,Toys,Delhi,38,Female,3183.43,2.4,73121,56.85
1357,801,2024-08-23 15:29:00,1,0,Home,Chennai,26,Female,9381.28,3.6,99004,37.26
2242,996,2024-09-05 15:00:00,1,0,Home,Bangalore,31,Male,6161.85,2.3,60031,137.16
4036,690,2024-11-02 02:07:00,1,0,Clothing,Chennai,26,Female,5301.45,2.9,37282,47.95
2619,161,2024-11-24 16:02:00,1,0,Books,Kolkata,23,Male,3700.78,1.1,23416,25.32
4642,443,2024-11-28 00:17:00,1,0,Toys,Delhi,52,Female,6033.49,3.6,37767,245.75
2836,901,2024-12-09 17:39:00,0,0,Electronics,Delhi,56,Female,7004.42,1.7,15429,147.99
1282,914,2024-04-25 17:45:00,1,0,Toys,Bangalore,50,Female,1054.03,4.4,48473,53.9
2100,535,2024-07-11 06:03:00,0,0,Clothing,Bangalore,35,Male,3963.12,3.3,84302,296.07
4993,827,2024-05-17 09:09:00,1,0,Electronics,Mumbai,37,Male,4099.57,1.8,95464,256.41
4425,370,2024-09-21 06:48:00,1,0,Electronics,Mumbai,54,Male,7954.18,4.4,55710,216.82
1687,232,2024-03-30 16:24:00,1,1,Books,Bangalore,55,Male,9281.45,2.6,67795,284.61
4232,503,2024-11-19 13:26:00,1,0,Clothing,Delhi,43,Female,1816.39,5.0,18053,123.78
3825,527,2024-08-07 12:57:00,1,0,Toys,Kolkata,27,Male,8809.43,2.0,19890,153.01
3052,756,2024-08-22 18:32:00,1,1,Toys,Chennai,48,Male,2279.35,1.5,89786,34.5
4349,119,2024-06-12 09:36:00,1,0,Books,Delhi,22,Female,8978.69,3.7,95290,99.44
1989,195,2024-09-10 03:34:00,0,0,Electronics,Bangalore,39,Female,4806.65,4.4,83818,229.38
2244,932,2024-01-22 06:56:00,0,0,Clothing,Bangalore,31,Male,6213.49,3.7,21078,127.15
2445,436,2024-12-24 14:31:00,1,0,Home,Bangalore,20,Female,4729.14,1.3,29421,238.03
1305,801,2024-08-17 12:11:00,0,0,Books,Mumbai,50,Male,3676.14,3.2,23778,278.89
4526,360,2024-04-21 17:15:00,1,0,Toys,Delhi,56,Male,4150.68,4.3,55667,19.12
2498,997,2024-12-19 11:39:00,1,0,Home,Chennai,35,Female,3460.91,4.9,73802,130.31
3315,850,2024-06-04 04:20:00,1,0,Books,Chennai,33,Female,3931.39,2.8,79313,8.69
3503,638,2024-10-26 05:59:00,0,1,Books,Chennai,57,Female,2577.47,2.2,41042,10.56
3798,819,2024-02-24 19:33:00,0,0,Clothing,Chennai,29,Male,8015.0,3.2,86496,63.37
3814,262,2024-07-16 04:14:00,0,0,Clothing,Mumbai,52,Male,2018.22,3.0,25552,59.83
1954,276,2024-04-01 08:18:00,1,1,Toys,Mumbai,56,Female,5009.84,3.7,43418,98.12
2720,438,2024-04-03 04:14:00,1,0,Electronics,Delhi,58,Male,1760.55,3.4,17879,59.32
3329,917,2024-04-22 15:30:00,1,0,Electronics,Mumbai,39,Male,853.31,2.1,26471,5.62
3282,452,2024-08-01 02:16:00,1,0,Clothing,Chennai,23,Male,7547.17,1.3,49054,240.78
4672,430,2024-07-20 22:19:00,0,0,Electronics,Mumbai,57,Female,246.25,2.4,26671,50.38
1069,124,2024-11-20 04:41:00,1,0,Home,Mumbai,29,Male,2237.14,3.3,54873,175.81
4566,408,2024-03-27 07:24:00,1,0,Toys,Kolkata,20,Male,203.49,3.7,25595,282.06
1121,554,2024-05-20 15:43:00,1,0,Electronics,Kolkata,35,Female,9036.23,3.7,70868,153.18
3400,273,2024-11-18 20:30:00,0,1,Clothing,Bangalore,39,Male,2087.29,3.1,68788,173.19
1498,968,2024-03-07 12:13:00,1,1,Toys,Mumbai,23,Female,8961.03,3.6,42185,125.35
4950,729,2024-12-28 21:46:00,1,0,Books,Chennai,46,Female,2513.34,1.1,28417,38.68
3406,736,2024-08-16 12:20:00,0,1,Electronics,Kolkata,53,Female,6539.0,1.8,92220,263.63
3474,459,2024-06-05 02:49:00,0,0,Electronics,Kolkata,35,Female,7177.82,4.3,18678,239.34
1351,489,2024-01-07 08:50:00,1,0,Books,Chennai,59,Female,9789.91,4.5,95233,47.98
2557,531,2024-02-03 10:12:00,1,0,Toys,Delhi,30,Male,2614.97,2.0,71823,37.62
4854,457,2024-11-23 00:38:00,0,1,Clothing,Kolkata,45,Female,1478.75,2.1,86394,35.3
4409,579,2024-02-27 19:58:00,1,1,Toys,Delhi,54,Male,8077.45,3.6,38036,35.53
2230,718,2024-03-19 11:40:00,1,0,Electronics,Kolkata,21,Female,8647.83,2.3,41880,207.74
2785,632,2024-11-27 12:35:00,1,1,Books,Mumbai,34,Male,1618.78,1.1,55177,218.22
2609,623,2024-07-20 07:32:00,1,0,Clothing,Kolkata,40,Male,1309.58,3.4,59340,181.41
3684,623,2024-11-04 01:17:00,1,0,Toys,Kolkata,31,Male,1448.86,3.8,47970,87.52
2919,517,2024-07-11 13:10:00,0,0,Clothing,Bangalore,19,Female,1963.02,2.0,11781,77.92
3646,866,2024-09-08 16:05:00,0,0,Books,Delhi,24,Female,6771.53,4.1,84589,241.05
2390,257,2024-06-22 05:31:00,1,0,Books,Chennai,55,Female,3244.74,3.2,86326,102.43
2990,510,2024-08-05 18:02:00,1,0,Clothing,Delhi,33,Male,2470.59,2.7,64561,87.42
4264,225,2024-10-05 07:00:00,1,1,Electronics,Mumbai,42,Male,6769.71,1.1,59199,125.79
4771,827,2024-01-11 22:54:00,1,0,Books,Kolkata,39,Female,5218.57,1.2,85265,54.23
3412,122,2024-12-04 07:22:00,0,0,Clothing,Bangalore,59,Female,7909.55,3.3,43319,186.88
3820,660,2024-07-10 09:41:00,1,0,Clothing,Chennai,59,Male,7286.47,3.8,87596,183.09
3362,594,2024-06-04 21:06:00,1,0,Clothing,Mumbai,25,Female,2349.45,3.7,95085,145.96
4948,212,2024-11-10 17:24:00,1,0,Home,Bangalore,30,Male,9811.58,2.8,77537,7.3
3222,978,2024-05-15 08:59:00,1,0,Toys,Delhi,47,Male,3901.86,2.5,15038,225.26
2653,647,2024-04-01 10:45:00,1,0,Books,Delhi,20,Female,218.61,2.6,39997,175.86
4892,185,2024-02-29 03:35:00,0,0,Toys,Mumbai,38,Female,1800.46,4.9,88550,154.49
1448,806,2024-11-18 15:59:00,0,0,Clothing,Bangalore,28,Male,1567.28,3.3,97618,268.86
4592,127,2024-02-24 18:07:00,1,0,Toys,Mumbai,19,Female,8552.11,4.0,39653,50.55
2925,824,2024-12-15 17:31:00,1,1,Electronics,Chennai,27,Female,1466.19,2.1,87990,184.49
4781,123,2024-02-17 04:37:00,0,0,Electronics,Bangalore,53,Female,1227.76,3.7,41078,44.22
4396,611,2024-07-01 18:38:00,1,0,Toys,Mumbai,53,Female,7199.23,4.8,73140,299.58
2414,552,2024-04-14 21:25:00,1,0,Toys,Delhi,26,Male,6464.7,3.6,27581,109.22
2515,505,2024-03-18 04:59:00,1,0,Toys,Chennai,48,Female,3977.5,3.6,68044,243.49
2129,968,2024-08-10 21:19:00,1,0,Electronics,Chennai,30,Male,4977.49,4.1,92511,262.31
2815,980,2024-09-21 03:18:00,0,0,Electronics,Bangalore,53,Male,517.75,1.0,80726,177.28
1607,587,2024-04-10 14:26:00,1,0,Clothing,Mumbai,21,Male,5250.45,1.9,16747,169.57
4565,140,2024-07-03 20:45:00,1,1,Toys,Kolkata,38,Female,8286.63,1.9,97395,74.29
3735,233,2024-08-03 01:03:00,0,0,Clothing,Chennai,34,Male,7100.89,1.3,46681,49.32
2462,152,2024-07-30 23:52:00,0,0,Home,Chennai,21,Female,8807.74,4.2,38355,104.81
4174,861,2024-05-08 22:10:00,0,0,Books,Bangalore,43,Female,8444.35,2.5,16546,88.74
1481,322,2024-07-16 10:53:00,0,1,Home,Kolkata,26,Female,9649.41,1.8,13511,212.83
2597,992,2024-03-23 09:15:00,1,1,Home,Bangalore,55,Male,7832.73,3.8,42875,29.96
4990,644,2024-10-25 07:29:00,0,0,Home,Chennai,52,Female,5028.75,4.6,32797,191.68
1623,395,2024-03-25 06:19:00,1,0,Books,Kolkata,43,Female,8344.99,3.0,65445,176.62
1156,853,2024-06-24 06:33:00,1,0,Electronics,Delhi,58,Female,2790.96,2.4,31802,203.15
3085,897,2024-04-16 05:37:00,0,0,Home,Kolkata,48,Male,3665.07,1.2,95660,116.16
1011,735,2024-01-12 15:33:00,1,1,Books,Delhi,35,Female,4770.93,2.9,69473,140.62
1511,712,2024-02-18 17:14:00,1,0,Electronics,Delhi,22,Male,2397.37,4.8,87232,207.68
3106,103,2024-04-02 05:24:00,1,0,Books,Chennai,55,Female,851.96,3.2,75458,167.38
2036,382,2024-06-10 20:01:00,1,0,Electronics,Mumbai,36,Male,5373.55,3.9,27918,39.49
2194,639,2024-02-17 06:21:00,1,0,Clothing,Delhi,20,Male,6872.76,3.9,58338,130.86
4472,388,2024-01-08 22:18:00,0,0,Clothing,Delhi,43,Female,4455.73,3.6,80312,260.43
4593,538,2024-04-19 14:41:00,0,1,Home,Bangalore,51,Male,486.12,4.9,29367,116.5
2807,213,2024-01-20 11:09:00,1,0,Home,Mumbai,50,Male,4791.76,3.8,27458,179.89
4065,948,2024-12-22 21:55:00,1,0,Home,Bangalore,47,Male,8853.45,1.8,95465,59.5
3837,742,2024-01-12 04:11:00,1,1,Toys,Bangalore,39,Female,290.72,3.0,40898,208.63
2580,155,2024-04-29 02:29:00,0,0,Clothing,Chennai,23,Female,7436.69,4.0,75391,145.11
2869,187,2024-09-28 11:37:00,1,0,Toys,Delhi,57,Male,3026.93,2.5,16798,229.54
1427,255,2024-05-07 15:13:00,0,0,Clothing,Kolkata,28,Male,4308.59,1.8,87776,106.2
1984,994,2024-01-14 18:57:00,0,0,Books,Kolkata,38,Female,9297.39,3.2,97946,263.34
1244,140,2024-06-22 09:56:00,1,0,Books,Chennai,41,Female,9096.84,2.9,87403,251.41
4921,682,2024-01-23 15:08:00,1,0,Home,Bangalore,50,Female,7172.32,3.4,58150,280.47
4944,566,2024-06-14 18:22:00,0,0,Books,Bangalore,31,Female,3397.36,3.2,31322,292.09
3830,660,2024-08-11 21:17:00,0,0,Books,Delhi,54,Female,4627.92,4.5,79204,32.58
1851,306,2024-01-31 18:10:00,1,0,Books,Kolkata,53,Male,3571.32,3.2,22530,247.83
2876,804,2024-11-24 05:19:00,0,0,Clothing,Mumbai,24,Female,7565.42,3.8,68020,86.87
3228,474,2024-03-18 12:08:00,1,0,Clothing,Bangalore,44,Female,1996.25,3.1,78943,196.44
1507,253,2024-02-22 12:51:00,1,0,Toys,Chennai,54,Female,8395.87,4.2,90007,53.33
3580,969,2024-07-27 23:18:00,1,0,Books,Mumbai,51,Female,7791.79,2.1,94914,76.49
1327,637,2024-04-11 17:58:00,0,0,Home,Mumbai,26,Male,8972.62,4.0,59739,33.65
3047,353,2024-10-09 22:39:00,1,0,Books,Bangalore,50,Female,6034.68,3.4,98745,202.32
4350,830,2024-05-08 10:43:00,0,0,Books,Delhi,50,Female,8752.22,1.0,63949,255.78
1784,204,2024-10-12 23:15:00,1,0,Electronics,Delhi,34,Female,5656.07,4.9,55017,228.83
4157,949,2024-03-30 06:01:00,1,1,Home,Kolkata,53,Female,123.2,1.2,46554,97.55
2309,656,2024-09-21 15:14:00,0,0,Electronics,Kolkata,38,Male,5652.81,2.5,98557,18.42
1604,946,2024-03-26 18:39:00,0,0,Electronics,Delhi,48,Male,9592.44,2.2,53108,275.95
2107,978,2024-05-06 07:29:00,1,0,Toys,Bangalore,21,Male,232.82,4.4,14476,55.49
3575,983,2024-03-11 19:19:00,1,0,Electronics,Bangalore,55,Male,8964.68,1.6,11213,64.65
1994,998,2024-07-13 06:39:00,1,0,Home,Delhi,37,Male,5905.1,3.9,88379,198.62
1199,609,2024-12-29 08:37:00,0,1,Home,Mumbai,47,Male,528.46,2.2,48786,86.84
2386,871,2024-03-02 02:57:00,0,0,Home,Chennai,53,Male,1935.24,4.5,27240,140.97
2567,587,2024-06-22 13:25:00,0,0,Clothing,Delhi,34,Female,396.93,3.4,45662,28.93
1562,381,2024-06-26 05:52:00,0,0,Electronics,Chennai,57,Female,313.37,5.0,44317,32.32
4735,692,2024-02-25 23:35:00,1,0,Home,Chennai,55,Male,3618.15,2.5,20031,148.63
1366,393,2024-11-14 21:40:00,1,0,Home,Delhi,51,Male,7851.73,2.2,87373,27.11
3256,758,2024-06-17 08:05:00,1,1,Books,Mumbai,53,Female,4087.22,2.5,21391,295.05
4696,491,2024-03-26 22:16:00,1,0,Books,Mumbai,41,Female,7540.49,1.8,45150,212.53
3142,752,2024-04-01 06:34:00,1,1,Home,Kolkata,23,Male,6088.44,5.0,73137,40.39
3648,678,2024-07-14 15:12:00,1,0,Books,Bangalore,35,Male,5154.46,2.7,94316,127.78
3309,196,2024-12-08 08:17:00,1,0,Toys,Kolkata,30,Male,7991.35,3.4,87649,219.08
1002,193,2024-07-15 01:02:00,1,0,Toys,Delhi,31,Male,9659.55,1.3,82649,7.77
2691,302,2024-02-15 23:33:00,1,0,Home,Chennai,57,Female,402.79,3.2,30958,180.47
2699,275,2024-07-02 00:07:00,1,0,Toys,Chennai,46,Female,5563.08,3.4,57096,47.33
4643,477,2024-01-02 08:58:00,1,0,Clothing,Kolkata,34,Male,1258.13,1.6,26459,266.97
4021,745,2024-04-13 02:42:00,1,0,Home,Bangalore,50,Female,9515.71,3.3,60064,51.16
2539,827,2024-06-28 13:24:00,1,0,Home,Kolkata,49,Male,1355.07,3.6,56356,246.98
3432,814,2024-02-05 23:39:00,0,0,Home,Delhi,49,Female,7547.83,3.7,73112,9.95
1651,227,2024-02-23 04:13:00,0,0,Toys,Chennai,49,Female,5226.48,2.7,49348,37.78
1455,475,2024-12-29 13:24:00,1,0,Electronics,Kolkata,51,Male,1842.15,3.3,21313,171.57
2587,717,2024-10-24 02:18:00,1,0,Toys,Chennai,44,Male,3021.22,1.6,83771,242.68
1956,120,2024-01-28 23:52:00,1,1,Home,Chennai,44,Male,5381.41,4.0,31364,198.61
1882,879,2024-02-15 17:54:00,1,0,Toys,Mumbai,18,Male,5753.9,1.9,44105,226.55
3139,289,2024-04-24 18:24:00,0,1,Books,Delhi,54,Female,9812.5,3.3,91699,22.03
2969,539,2024-06-03 12:44:00,0,1,Clothing,Bangalore,32,Male,4057.98,2.9,93945,191.69
3116,143,2024-02-12 21:02:00,1,0,Electronics,Kolkata,42,Male,9827.01,3.5,61196,72.14
2147,863,2024-12-08 23:15:00,1,0,Electronics,Bangalore,20,Female,4403.45,2.9,98251,62.58
1912,498,2024-06-04 10:03:00,0,0,Clothing,Bangalore,34,Female,8026.47,3.3,89536,102.14
2488,934,2024-03-12 07:59:00,1,0,Electronics,Kolkata,59,Male,3415.28,3.3,91700,64.56
4318,333,2024-07-17 14:00:00,1,0,Clothing,Bangalore,52,Male,2139.2,1.9,34513,32.57
2652,149,2024-09-01 21:06:00,1,1,Toys,Kolkata,56,Female,3731.57,3.8,99723,58.71
2624,497,2024-03-16 12:49:00,1,0,Electronics,Mumbai,46,Female,9793.63,2.8,51966,184.39
3454,885,2024-07-27 06:09:00,1,0,Books,Chennai,50,Female,8440.88,2.6,48484,131.82
1059,643,2024-09-18 13:52:00,1,0,Electronics,Delhi,21,Male,5529.57,3.3,20957,89.54
1701,967,2024-09-04 02:33:00,1,1,Electronics,Mumbai,41,Female,8323.33,3.6,67851,77.74
3250,988,2024-08-01 05:22:00,1,0,Home,Chennai,41,Female,6663.69,4.6,13631,245.37
3820,434,2024-03-17 07:45:00,1,0,Home,Chennai,52,Female,444.58,1.1,10215,149.12
3480,535,2024-09-04 08:45:00,0,0,Toys,Delhi,39,Female,3324.58,1.6,59255,38.05
1321,663,2024-06-17 17:24:00,1,0,Toys,Delhi,29,Female,6051.77,3.2,97743,8.23
2032,484,2024-05-18 11:23:00,1,0,Books,Delhi,52,Male,5281.89,3.6,95837,186.41
1060,606,2024-07-19 15:34:00,0,0,Electronics,Mumbai,37,Male,1125.64,4.1,96485,61.5
3013,967,2024-09-30 01:03:00,1,0,Electronics,Bangalore,40,Male,2647.0,4.3,54265,96.85
2295,745,2024-04-06 05:08:00,1,0,Books,Chennai,45,Male,6812.45,2.5,22970,194.1
4041,726,2024-12-25 11:58:00,0,0,Electronics,Mumbai,33,Female,3248.14,4.7,55737,99.82
2316,674,2024-10-15 15:46:00,0,0,Home,Kolkata,32,Female,6819.63,4.2,89813,230.22
3353,605,2024-09-28 08:59:00,0,1,Electronics,Chennai,40,Female,3446.12,3.2,12583,112.95
1783,167,2024-12-30 02:28:00,1,0,Books,Kolkata,22,Female,6899.39,4.7,63630,84.33
3486,959,2024-09-24 16:46:00,0,0,Home,Bangalore,24,Female,2834.89,1.2,91253,185.06
1647,271,2024-10-08 21:41:00,0,0,Electronics,Bangalore,36,Male,8576.14,2.6,31176,164.38
3778,242,2024-02-26 12:42:00,1,0,Electronics,Chennai,28,Female,3182.95,3.7,90346,79.34
4724,169,2024-01-15 13:50:00,1,0,Toys,Mumbai,21,Female,2371.48,2.1,97753,64.66
3680,247,2024-02-24 10:54:00,1,0,Home,Kolkata,58,Male,2202.3,3.7,82168,153.33
2980,267,2024-11-30 17:42:00,1,0,Toys,Delhi,54,Male,1301.63,1.1,30077,217.71
1559,946,2024-04-14 08:19:00,1,1,Electronics,Chennai,26,Female,4571.75,2.1,31092,213.36
2192,571,2024-09-05 01:17:00,1,0,Clothing,Mumbai,30,Male,5194.51,3.8,74887,180.48
4705,322,2024-02-29 17:08:00,0,0,Clothing,Kolkata,27,Female,6512.98,1.2,92634,192.5
1498,306,2024-02-21 18:15:00,1,0,Toys,Bangalore,35,Male,5581.38,2.8,43447,100.39
1960,990,2024-02-09 09:25:00,1,0,Home,Mumbai,24,Female,4785.16,3.4,57827,40.59
1749,841,2024-08-03 21:13:00,1,0,Electronics,Bangalore,46,Male,4520.23,1.5,37950,48.64
4549,535,2024-06-03 20:09:00,1,1,Clothing,Mumbai,43,Male,9040.2,5.0,61480,279.83
2059,396,2024-02-04 12:13:00,1,1,Books,Kolkata,18,Male,2523.15,2.0,60497,154.97
2780,310,2024-08-19 00:48:00,0,0,Electronics,Bangalore,48,Male,9778.07,3.8,55348,160.97
1996,374,2024-11-29 12:35:00,1,0,Home,Mumbai,49,Male,5851.53,4.5,95244,78.03
3608,753,2024-02-21 21:46:00,1,1,Clothing,Chennai,38,Female,5562.16,4.0,32791,156.69
1798,858,2024-03-20 15:08:00,0,0,Home,Kolkata,34,Male,3301.9,3.9,59990,219.15
3224,932,2024-09-08 19:24:00,0,0,Home,Bangalore,41,Female,375.27,3.6,78436,77.71
2506,654,2024-08-28 09:52:00,0,0,Home,Delhi,36,Male,2286.74,2.7,98261,182.33
1829,430,2024-11-23 12:41:00,1,0,Clothing,Kolkata,21,Male,1007.32,4.8,52317,221.1
3477,815,2024-10-27 09:10:00,1,0,Home,Delhi,58,Male,9121.77,2.3,39931,159.79
4274,798,2024-11-19 16:18:00,1,0,Books,Delhi,46,Female,548.7,2.3,39042,206.76
1404,795,2024-08-13 07:37:00,1,0,Electronics,Mumbai,22,Male,1589.57,2.1,63906,231.69
4599,322,2024-05-30 09:27:00,0,0,Electronics,Delhi,38,Female,7130.35,2.3,31720,128.87
1732,417,2024-03-29 00:58:00,1,0,Home,Chennai,46,Female,2716.18,2.4,32605,264.02
2956,972,2024-07-21 14:03:00,1,0,Books,Mumbai,28,Female,202.14,1.7,43690,123.13
2218,855,2024-11-09 18:18:00,1,0,Clothing,Chennai,20,Male,8917.53,4.2,83312,197.52
1376,485,2024-04-06 22:21:00,0,0,Clothing,Delhi,33,Male,3182.04,2.8,35230,19.59
4670,444,2024-04-01 05:18:00,1,0,Home,Chennai,59,Female,5206.35,3.6,63730,72.71
2776,351,2024-01-22 01:57:00,1,0,Home,Mumbai,43,Female,830.05,3.2,93776,22.39
2883,754,2024-09-07 16:32:00,1,0,Electronics,Chennai,20,Female,3969.4,2.9,11207,261.75
4288,739,2024-08-28 23:34:00,1,1,Clothing,Kolkata,27,Male,3249.0,3.3,47083,148.15
4214,658,2024-07-07 08:41:00,0,0,Clothing,Delhi,19,Female,4023.94,4.5,15498,150.43
1281,648,2024-01-16 00:26:00,1,0,Home,Bangalore,55,Female,3322.6,3.6,58251,91.66
2608,975,2024-09-07 05:06:00,1,0,Clothing,Bangalore,48,Male,6847.74,1.4,97463,27.63
1725,342,2024-09-24 06:17:00,1,0,Toys,Delhi,23,Female,8162.65,3.2,20458,229.5
4932,304,2024-04-20 05:23:00,1,0,Home,Mumbai,36,Male,9220.63,1.3,48581,18.48
4275,411,2024-02-02 13:52:00,1,0,Home,Bangalore,24,Female,3544.8,4.5,42920,87.9
2580,215,2024-02-02 16:31:00,1,0,Toys,Delhi,59,Female,6065.38,2.3,34928,155.93
4281,882,2024-02-26 19:26:00,1,1,Books,Bangalore,45,Female,8739.93,1.4,53693,225.92
4992,684,2024-02-16 02:16:00,0,0,Home,Kolkata,36,Male,5988.15,4.4,54568,166.92
3109,399,2024-08-20 03:21:00,0,0,Toys,Mumbai,41,Female,1292.72,2.7,17731,74.47
1440,697,2024-11-29 09:11:00,1,0,Books,Delhi,48,Male,1363.81,2.2,51044,12.68
4562,938,2024-07-04 22:14:00,1,0,Home,Mumbai,43,Female,2940.92,2.4,33340,77.82
2487,248,2024-09-03 02:23:00,1,0,Home,Delhi,29,Male,7899.81,4.5,13726,89.17
1445,589,2024-12-24 05:46:00,1,0,Books,Delhi,51,Male,9819.29,4.2,32468,247.1
3604,879,2024-05-13 00:38:00,1,0,Clothing,Chennai,57,Male,6584.04,4.1,64468,127.89
4794,122,2024-01-30 18:30:00,1,0,Clothing,Kolkata,51,Male,8203.4,2.7,85310,169.24
4807,635,2024-03-13 18:00:00,0,1,Toys,Bangalore,54,Male,1509.18,3.5,14582,50.81
2816,238,2024-07-05 13:26:00,1,0,Clothing,Bangalore,47,Female,638.73,3.0,34713,18.19
2819,650,2024-03-14 20:55:00,1,0,Electronics,Delhi,40,Male,2782.48,3.9,53247,293.02
3387,390,2024-12-01 16:57:00,1,1,Home,Kolkata,43,Female,1647.0,2.1,17315,209.64
3618,368,2024-03-25 06:38:00,1,1,Home,Delhi,34,Male,5457.0,2.6,61918,255.02
4917,133,2024-03-27 02:07:00,1,0,Clothing,Delhi,24,Female,9450.03,3.2,30365,14.03
3482,155,2024-03-29 16:46:00,0,0,Clothing,Kolkata,51,Male,2605.38,4.3,40802,241.2
4267,388,2024-02-21 16:28:00,0,0,Books,Bangalore,57,Female,2226.7,5.0,56929,147.76
1615,603,2024-11-23 16:24:00,0,0,Clothing,Mumbai,36,Male,6913.52,3.0,34959,188.47
2494,112,2024-08-06 21:49:00,1,1,Books,Bangalore,42,Female,9045.12,5.0,19096,191.72
3293,481,2024-06-04 05:03:00,1,0,Electronics,Bangalore,41,Male,3183.03,4.6,35790,198.89
4767,529,2024-03-01 03:58:00,1,0,Toys,Chennai,44,Male,200.18,4.2,33432,192.34
4134,633,2024-10-12 20:42:00,1,0,Books,Bangalore,24,Female,4574.99,2.3,82774,128.2
2848,998,2024-08-22 12:20:00,1,0,Clothing,Delhi,31,Male,4305.86,3.5,86773,185.96
2159,974,2024-04-17 12:51:00,1,1,Toys,Mumbai,51,Female,3327.63,4.8,91297,219.26
3916,196,2024-03-12 07:41:00,1,0,Clothing,Bangalore,37,Female,8910.99,1.2,47957,87.95
2360,304,2024-06-09 19:32:00,1,0,Books,Mumbai,38,Female,8024.2,3.0,68338,209.27
4969,795,2024-07-16 11:31:00,1,0,Home,Delhi,46,Female,5891.04,4.0,64392,19.64
2159,606,2024-07-22 11:21:00,0,0,Electronics,Mumbai,41,Male,8306.59,3.1,80438,25.18
2305,264,2024-11-10 13:19:00,1,0,Books,Kolkata,41,Male,4019.72,2.1,62169,67.62
4860,353,2024-07-08 07:08:00,0,0,Clothing,Delhi,53,Male,2250.78,3.4,34178,170.01
1476,500,2024-05-01 22:18:00,1,0,Clothing,Chennai,22,Male,1549.21,2.3,49408,291.05
4268,143,2024-03-05 20:05:00,1,0,Home,Chennai,37,Female,3304.28,4.8,54308,215.54
4857,741,2024-12-20 13:41:00,1,0,Toys,Mumbai,49,Male,5987.75,2.3,14561,98.09
1246,254,2024-04-11 11:29:00,0,0,Clothing,Delhi,18,Male,9738.87,4.2,45502,126.1
4850,434,2024-11-22 06:05:00,0,0,Books,Delhi,36,Male,8848.64,2.5,82385,60.09
1019,804,2024-06-15 00:42:00,0,0,Toys,Delhi,27,Female,9480.88,4.2,18378,21.76
4254,248,2024-08-23 21:06:00,1,0,Clothing,Kolkata,47,Male,2325.87,3.6,64837,112.09
4099,131,2024-09-13 02:02:00,0,0,Books,Kolkata,58,Male,2433.29,4.1,52204,52.6
1361,454,2024-07-25 09:43:00,0,0,Electronics,Kolkata,22,Female,6024.98,1.2,41665,249.64
4137,285,2024-10-17 21:01:00,0,0,Clothing,Kolkata,21,Female,5689.69,2.9,54867,274.41
2562,810,2024-12-29 04:21:00,1,0,Home,Bangalore,24,Female,9638.68,2.7,77667,21.52
3547,212,2024-11-16 15:23:00,1,0,Toys,Delhi,49,Male,1447.89,3.0,88773,206.96
1287,965,2024-08-27 17:09:00,0,0,Home,Chennai,48,Male,3993.86,2.7,81779,272.29
1133,682,2024-05-11 17:59:00,1,0,Home,Mumbai,51,Male,8398.06,3.1,20248,137.7
1009,214,2024-02-26 08:34:00,1,0,Books,Chennai,41,Male,6607.64,2.5,55570,205.36
2386,475,2024-02-08 17:26:00,0,0,Clothing,Bangalore,20,Male,2438.51,4.3,19017,63.41
2532,950,2024-01-12 03:00:00,1,0,Home,Mumbai,47,Male,9684.34,4.9,27538,107.98
4073,119,2024-05-24 20:57:00,1,0,Clothing,Delhi,26,Male,9530.13,2.9,96693,80.02
2260,546,2024-02-19 09:06:00,0,0,Toys,Bangalore,23,Male,6190.23,4.0,92716,180.46
4543,982,2024-09-17 23:12:00,1,0,Home,Mumbai,32,Female,9800.34,3.0,90454,176.47
2921,141,2024-10-17 03:47:00,1,1,Clothing,Chennai,19,Female,3576.5,2.6,72627,43.87
1685,210,2024-06-28 17:36:00,0,0,Home,Chennai,18,Male,7002.69,1.9,26124,163.53
4973,254,2024-10-28 03:18:00,1,0,Home,Mumbai,32,Male,9972.46,3.8,21459,85.73
2652,117,2024-01-04 09:28:00,0,0,Electronics,Mumbai,41,Male,7590.89,1.1,11579,56.35
3636,114,2024-02-15 04:01:00,1,0,Home,Delhi,36,Male,3571.03,3.9,26350,222.39
1897,679,2024-06-02 09:51:00,1,1,Clothing,Kolkata,59,Female,3371.97,4.6,86499,277.24
3884,553,2024-06-05 16:08:00,0,0,Home,Mumbai,46,Male,4510.78,1.6,57623,290.84
2839,922,2024-06-14 05:00:00,1,0,Home,Delhi,34,Female,7546.78,3.6,47854,288.41
4991,972,2024-09-18 02:38:00,1,0,Toys,Chennai,39,Female,4484.19,4.0,95414,208.96
2572,762,2024-09-05 02:09:00,1,1,Toys,Mumbai,31,Male,1806.17,3.0,14100,45.44
1955,465,2024-04-11 04:21:00,1,1,Books,Mumbai,26,Female,202.94,2.2,98215,267.23
4094,828,2024-08-08 02:23:00,1,0,Toys,Mumbai,56,Female,9336.4,4.3,29642,56.33
1580,385,2024-06-17 09:01:00,0,0,Books,Kolkata,20,Male,1720.76,1.7,63187,157.32
4495,410,2024-07-29 21:35:00,1,0,Clothing,Bangalore,48,Male,3518.82,4.9,44489,98.17
2157,334,2024-03-18 21:40:00,1,0,Clothing,Chennai,52,Male,3100.1,3.6,57192,282.92
2002,799,2024-01-11 02:02:00,1,0,Electronics,Kolkata,19,Male,3679.56,2.2,73935,138.68
1551,104,2024-09-10 22:01:00,1,0,Home,Mumbai,27,Male,5036.31,1.0,36200,109.01
4391,386,2024-12-13 17:01:00,1,0,Toys,Chennai,36,Female,8858.66,1.7,52112,182.37
3278,833,2024-10-24 10:06:00,1,0,Home,Delhi,41,Female,9502.02,1.9,91964,271.93
1812,900,2024-12-27 07:16:00,1,0,Books,Chennai,40,Female,8866.5,1.4,11467,21.89
3541,468,2024-04-05 16:10:00,1,0,Electronics,Mumbai,20,Male,3159.29,1.4,63594,277.27
1771,958,2024-11-18 15:32:00,1,0,Toys,Delhi,58,Female,9254.27,4.2,24995,250.52
1208,858,2024-12-06 07:24:00,0,1,Electronics,Chennai,35,Female,4106.92,3.6,21700,64.9
2466,481,2024-12-12 12:53:00,0,0,Electronics,Delhi,53,Male,5650.28,1.1,20239,269.15
2734,228,2024-05-31 03:47:00,1,0,Books,Mumbai,40,Male,1428.84,3.4,51475,63.34
1069,722,2024-02-17 03:01:00,1,1,Home,Mumbai,34,Female,9337.16,3.5,59048,13.01
3062,567,2024-11-04 19:24:00,0,0,Clothing,Delhi,27,Female,9279.67,3.4,59473,283.21
2057,860,2024-11-06 20:31:00,1,0,Electronics,Delhi,37,Male,6071.26,3.5,52201,125.02
4773,540,2024-04-13 04:30:00,1,0,Toys,Bangalore,32,Female,1276.6,2.6,88597,132.71
1307,855,2024-04-01 11:54:00,1,0,Books,Delhi,58,Female,6168.98,2.5,22405,191.36
4225,561,2024-11-24 23:06:00,1,0,Books,Mumbai,45,Female,9377.17,4.1,27122,108.92
4876,280,2024-10-27 03:12:00,1,0,Electronics,Delhi,41,Male,5475.03,3.0,86697,230.38
3283,839,2024-06-04 23:13:00,1,0,Clothing,Mumbai,38,Male,7425.16,2.9,49158,177.96
4400,695,2024-11-12 17:50:00,1,0,Home,Chennai,57,Male,911.51,4.8,60996,63.47
4970,384,2024-09-19 02:18:00,1,0,Clothing,Kolkata,40,Female,5778.48,3.6,14720,109.55
4786,224,2024-04-08 18:23:00,0,0,Clothing,Chennai,37,Female,4608.65,1.0,78683,64.57
4869,511,2024-11-11 17:40:00,1,0,Books,Delhi,55,Female,4714.56,2.6,66798,74.13
3693,153,2024-08-18 00:52:00,0,0,Clothing,Mumbai,31,Female,7901.5,4.8,43849,162.53
2695,269,2024-02-04 04:04:00,1,0,Home,Delhi,24,Female,351.18,1.8,79449,189.73
4709,834,2024-10-03 15:33:00,1,1,Books,Mumbai,31,Male,8510.24,3.0,34816,97.94
1323,541,2024-05-22 17:02:00,1,0,Clothing,Delhi,45,Male,7711.71,4.9,57837,72.65
1010,756,2024-01-15 13:41:00,1,0,Books,Chennai,47,Female,1718.67,4.7,79230,216.6
3953,866,2024-07-27 10:28:00,0,0,Books,Delhi,46,Female,936.12,2.6,34688,230.78
2296,173,2024-06-14 15:46:00,1,1,Books,Mumbai,23,Male,8192.99,4.1,13836,6.1
4650,826,2024-08-12 22:00:00,1,0,Electronics,Mumbai,36,Female,6310.71,3.8,55125,89.36
1358,970,2024-10-20 23:40:00,0,0,Home,Chennai,21,Female,2356.38,1.6,44844,217.7
4659,861,2024-05-18 12:51:00,0,0,Clothing,Mumbai,40,Female,6874.76,3.6,82644,129.2
1400,733,2024-05-25 05:37:00,0,0,Home,Kolkata,42,Male,6941.79,4.8,65267,129.42
1615,111,2024-08-22 00:29:00,1,0,Home,Chennai,44,Female,4114.05,2.8,45617,206.69
2739,196,2024-09-27 08:09:00,1,0,Toys,Mumbai,47,Female,9679.36,4.1,58905,157.23
4646,639,2024-01-27 17:37:00,0,0,Home,Delhi,23,Male,4995.1,1.4,33542,53.33
4665,331,2024-09-07 22:34:00,0,0,Toys,Bangalore,27,Male,3393.84,1.3,79155,100.8
4060,265,2024-02-11 04:27:00,1,0,Clothing,Chennai,27,Female,8143.82,3.2,43732,248.31
2450,800,2024-03-15 19:08:00,0,0,Books,Chennai,53,Female,3561.93,1.3,14165,218.38
2526,977,2024-12-26 16:44:00,0,0,Home,Kolkata,19,Female,3616.79,2.2,38630,292.82
3823,522,2024-01-16 01:12:00,1,0,Home,Chennai,46,Female,7831.47,3.9,65131,17.76
2080,380,2024-11-24 09:31:00,1,0,Toys,Bangalore,57,Female,383.29,2.8,30333,201.84
4428,366,2024-03-09 11:57:00,0,0,Electronics,Delhi,27,Female,6889.83,1.8,78319,185.95
4725,480,2024-02-22 00:57:00,1,0,Electronics,Mumbai,42,Female,4710.43,2.3,35681,7.1
3541,862,2024-01-19 16:47:00,1,0,Books,Mumbai,48,Female,2662.12,3.1,66560,129.31
4754,472,2024-02-21 22:27:00,1,0,Electronics,Bangalore,25,Male,6203.3,1.1,26475,283.86
1565,361,2024-03-24 01:34:00,1,0,Toys,Chennai,39,Male,3946.56,4.4,10135,98.55
1174,792,2024-12-17 01:59:00,1,0,Electronics,Delhi,37,Female,8008.34,3.6,59636,34.42
3450,812,2024-03-17 14:48:00,1,1,Books,Kolkata,50,Female,4455.46,1.6,73643,85.96
4123,878,2024-12-26 10:24:00,1,0,Clothing,Bangalore,27,Male,6439.82,4.8,88234,80.95
1641,438,2024-12-09 07:45:00,1,0,Clothing,Chennai,33,Male,6317.82,1.1,46884,128.77
3988,769,2024-01-18 20:41:00,1,0,Clothing,Kolkata,34,Male,5767.95,1.4,30581,105.84
4019,592,2024-11-20 07:11:00,0,0,Books,Bangalore,44,Female,1698.53,4.2,46250,228.73
1819,381,2024-08-16 06:53:00,1,1,Home,Chennai,30,Female,9685.49,1.6,83530,213.9
1397,778,2024-04-14 10:23:00,0,0,Toys,Delhi,20,Female,9827.62,4.9,68164,149.05
2174,884,2024-08-06 00:29:00,1,0,Toys,Mumbai,22,Female,3580.21,2.3,37801,9.39
2840,699,2024-04-14 04:24:00,0,1,Books,Bangalore,38,Male,7558.34,5.0,12700,237.23
3730,116,2024-08-30 19:07:00,1,1,Clothing,Mumbai,18,Male,1812.5,2.8,39278,292.33
4157,760,2024-02-22 00:29:00,1,0,Books,Kolkata,43,Female,5259.19,1.6,72126,209.64
3109,129,2024-10-01 03:18:00,0,0,Home,Kolkata,57,Male,1129.03,3.5,23921,195.82
3741,206,2024-01-29 16:57:00,0,0,Home,Chennai,59,Female,7786.08,4.6,59557,58.94
4394,629,2024-10-06 23:11:00,1,0,Electronics,Bangalore,45,Female,3249.19,5.0,94023,212.69
2219,979,2024-05-03 14:08:00,0,0,Toys,Bangalore,40,Female,4088.08,4.8,56036,115.48
4439,709,2024-06-19 10:29:00,0,0,Electronics,Kolkata,58,Male,895.11,2.3,61076,15.31
4531,107,2024-08-17 16:23:00,0,0,Electronics,Kolkata,57,Female,8822.88,2.4,37636,260.38
3357,129,2024-04-10 17:06:00,1,1,Books,Bangalore,54,Female,6738.82,3.4,66822,285.88
3193,958,2024-04-11 20:35:00,0,0,Toys,Delhi,40,Female,4744.01,1.2,79882,296.67
3179,295,2024-01-02 14:22:00,1,1,Electronics,Chennai,26,Male,1440.62,1.2,34181,226.68
4958,808,2024-11-27 11:27:00,0,0,Home,Kolkata,26,Female,5328.73,1.1,54679,173.81
4370,796,2024-06-25 11:36:00,0,1,Toys,Delhi,58,Male,5407.14,1.7,99118,182.26
3814,131,2024-01-01 08:04:00,0,0,Electronics,Kolkata,40,Female,7686.72,1.3,46837,37.62
4744,142,2024-06-05 00:02:00,1,0,Books,Kolkata,31,Male,3727.07,2.3,24046,88.64
4246,574,2024-08-02 03:25:00,1,0,Electronics,Kolkata,57,Male,1868.65,5.0,16967,139.45
4354,144,2024-03-05 15:58:00,1,1,Books,Delhi,42,Male,2003.95,1.7,15102,112.12
1352,272,2024-11-11 13:43:00,1,0,Electronics,Mumbai,34,Male,4686.19,3.9,80881,130.27
4196,906,2024-08-29 05:00:00,1,0,Books,Bangalore,50,Female,7393.61,2.2,33306,97.72
1869,594,2024-05-06 22:22:00,1,0,Electronics,Kolkata,23,Female,1775.44,2.9,30973,102.58
1650,998,2024-01-14 21:09:00,1,0,Electronics,Delhi,28,Male,8342.85,1.5,12506,135.11
2275,220,2024-09-18 09:41:00,1,0,Toys,Bangalore,33,Male,1362.33,3.9,80246,184.85
3495,270,2024-06-22 12:23:00,0,1,Electronics,Chennai,35,Female,1726.86,4.8,60656,92.83
1709,978,2024-04-17 22:56:00,0,0,Electronics,Kolkata,29,Female,7421.29,4.9,78226,248.4
1041,980,2024-12-03 02:59:00,1,0,Books,Kolkata,22,Male,4026.33,2.4,63704,70.57
2264,813,2024-11-01 16:42:00,0,0,Toys,Chennai,39,Male,2298.74,2.8,17606,28.93
1333,795,2024-10-17 13:46:00,0,0,Home,Chennai,27,Female,5645.59,3.3,38478,191.61
4503,973,2024-08-08 16:45:00,1,1,Home,Bangalore,20,Female,1563.39,1.9,75567,243.3
4068,102,2024-02-01 18:12:00,0,0,Clothing,Bangalore,19,Male,3195.09,2.4,59031,139.01
2302,483,2024-04-19 17:14:00,1,0,Electronics,Chennai,56,Male,6486.8,3.2,14914,21.26
3831,314,2024-03-28 17:57:00,1,0,Books,Mumbai,56,Male,2012.94,2.4,58730,39.74
2889,205,2024-10-17 19:00:00,1,0,Electronics,Bangalore,49,Female,4420.36,2.1,73033,174.37
2098,567,2024-12-12 00:52:00,0,0,Electronics,Chennai,19,Female,6729.39,4.9,70181,230.14
1321,565,2024-08-09 20:25:00,1,0,Toys,Bangalore,39,Female,3335.44,2.3,56429,120.68
2933,740,2024-12-15 09:55:00,0,1,Books,Mumbai,55,Female,8135.17,2.8,14043,168.25
1690,634,2024-03-22 20:08:00,1,0,Clothing,Delhi,39,Male,6842.37,3.6,40211,49.28
3162,399,2024-08-15 13:20:00,1,1,Clothing,Delhi,19,Male,4988.52,4.0,44601,6.5
3538,943,2024-12-23 16:08:00,1,0,Clothing,Mumbai,38,Male,3851.65,2.4,19068,229.28
3778,331,2024-08-26 14:36:00,0,1,Home,Delhi,43,Female,9636.13,2.6,78897,198.72
3963,303,2024-07-13 15:46:00,1,0,Toys,Bangalore,48,Male,5144.12,1.6,87630,139.15
3104,402,2024-04-29 11:12:00,1,0,Clothing,Delhi,44,Male,4057.1,4.2,36398,141.84
1263,167,2024-06-20 14:39:00,0,0,Clothing,Kolkata,43,Female,1507.78,4.8,33758,266.55
4995,276,2024-11-29 00:57:00,1,0,Clothing,Chennai,36,Female,6337.47,1.8,57643,229.22
1473,651,2024-12-04 00:48:00,1,0,Toys,Kolkata,22,Female,5094.19,2.1,46796,194.23
3283,698,2024-07-17 05:20:00,1,1,Toys,Chennai,18,Male,5036.39,2.4,54936,102.13
2583,702,2024-12-27 20:32:00,0,0,Clothing,Delhi,38,Female,1730.48,4.0,83030,154.19
1364,345,2024-01-14 07:58:00,0,0,Home,Delhi,38,Male,8087.88,1.4,67090,83.94
3459,208,2024-07-28 12:54:00,1,1,Electronics,Kolkata,52,Female,7248.82,3.6,19318,229.75
4908,473,2024-03-18 18:53:00,1,0,Home,Delhi,48,Female,9689.74,4.1,24112,158.28
4744,458,2024-08-11 21:08:00,1,0,Clothing,Mumbai,31,Male,6252.42,1.3,69519,287.87
4357,980,2024-03-18 06:32:00,1,0,Electronics,Chennai,33,Male,5095.99,2.8,59642,259.93
1353,747,2024-02-24 10:21:00,1,1,Clothing,Bangalore,57,Female,4543.23,4.9,12366,279.14
1474,591,2024-08-31 17:41:00,1,0,Toys,Chennai,38,Female,5908.2,3.6,51993,62.81
4317,667,2024-11-13 11:26:00,1,0,Home,Bangalore,50,Female,6453.81,4.2,77046,105.17
3857,631,2024-05-07 22:35:00,0,0,Clothing,Bangalore,53,Female,5117.92,4.4,86504,177.4
3130,264,2024-11-01 17:11:00,1,1,Toys,Mumbai,41,Female,3376.53,2.5,60115,237.39
2388,448,2024-03-15 17:43:00,0,0,Toys,Bangalore,34,Male,8931.14,4.1,67727,141.1
1836,450,2024-09-22 11:19:00,1,0,Toys,Mumbai,45,Female,9846.15,1.7,72980,273.1
2672,271,2024-02-19 02:33:00,0,0,Books,Chennai,43,Female,5713.51,3.6,20931,241.93
4418,672,2024-09-27 09:36:00,1,1,Books,Bangalore,45,Female,381.3,3.3,21748,127.79
4264,241,2024-05-10 12:09:00,1,0,Home,Delhi,29,Female,2473.6,3.7,87242,172.57
3978,961,2024-05-11 05:49:00,1,0,Books,Bangalore,40,Female,1231.38,2.9,27232,267.14
2310,915,2024-05-28 21:48:00,0,0,Clothing,Mumbai,20,Male,7148.61,1.8,76618,107.74
4139,994,2024-08-21 15:25:00,1,0,Toys,Chennai,22,Female,5005.19,3.5,60228,106.23
2806,375,2024-03-15 12:55:00,1,0,Electronics,Chennai,19,Male,5377.72,4.6,31959,175.51
2705,639,2024-05-25 10:06:00,0,0,Electronics,Kolkata,23,Male,7387.13,1.6,11028,206.4
2064,533,2024-08-05 10:59:00,1,0,Books,Bangalore,28,Female,7458.73,2.5,83895,235.96
4918,911,2024-03-30 17:37:00,1,0,Clothing,Delhi,47,Female,5155.31,3.7,90822,272.04
1739,312,2024-06-24 01:35:00,1,1,Clothing,Kolkata,25,Female,1586.82,2.7,95159,74.72
2914,164,2024-04-08 05:23:00,0,0,Toys,Bangalore,26,Female,5120.43,1.3,29961,279.32
2192,398,2024-09-29 11:01:00,1,0,Electronics,Kolkata,19,Female,2979.67,2.9,59746,69.63
1727,565,2024-12-28 21:09:00,0,0,Toys,Kolkata,54,Female,249.7,1.3,17775,81.53
2288,944,2024-09-04 04:01:00,1,0,Home,Delhi,35,Male,5059.16,2.4,88439,31.62
2111,834,2024-07-05 13:33:00,1,0,Toys,Bangalore,36,Female,4329.13,2.5,30343,146.33
2754,844,2024-12-16 02:04:00,1,0,Home,Chennai,33,Female,9975.62,1.9,10254,254.0
2351,439,2024-02-01 22:42:00,1,0,Electronics,Mumbai,51,Female,943.82,1.4,80339,11.92
4590,395,2024-08-29 07:30:00,1,1,Books,Delhi,19,Male,1816.46,3.1,35305,245.41
1109,976,2024-02-25 22:18:00,1,0,Books,Mumbai,23,Female,6095.8,1.3,62719,149.13
2944,699,2024-07-26 14:51:00,1,0,Home,Delhi,49,Male,191.57,4.8,83212,260.14
4361,280,2024-07-27 16:09:00,1,0,Toys,Bangalore,38,Male,9600.64,3.8,48927,103.97
3280,974,2024-03-28 03:44:00,1,0,Clothing,Delhi,20,Male,3231.36,2.9,41923,281.91
4115,883,2024-08-21 10:38:00,1,0,Toys,Mumbai,34,Female,4111.44,1.3,72735,93.4
4746,567,2024-03-08 00:10:00,1,0,Books,Kolkata,42,Female,9649.94,2.8,56138,179.23
3205,228,2024-12-26 06:11:00,1,0,Books,Delhi,27,Female,1999.8,2.1,23271,241.06
3736,778,2024-12-24 07:13:00,1,1,Books,Delhi,47,Female,9814.46,1.3,18403,273.53
3364,870,2024-06-20 20:14:00,1,0,Clothing,Delhi,38,Female,2276.17,4.2,95918,53.17
1856,501,2024-12-19 04:07:00,0,1,Electronics,Mumbai,39,Female,392.69,3.5,59388,12.28
1608,333,2024-07-26 14:54:00,0,0,Toys,Bangalore,43,Female,9901.97,2.2,19289,174.72
4333,735,2024-06-20 23:52:00,1,0,Home,Chennai,22,Male,5556.65,1.6,33781,118.35
4786,809,2024-02-13 23:12:00,1,1,Clothing,Chennai,54,Female,3320.39,4.5,84146,50.33
1561,119,2024-07-19 15:05:00,1,0,Books,Delhi,41,Male,3514.3,2.1,84216,277.32
1002,457,2024-06-02 18:46:00,1,0,Home,Chennai,43,Male,1575.1,1.2,13153,49.49
4801,375,2024-05-03 21:24:00,0,0,Home,Kolkata,49,Male,6823.55,3.7,71781,37.5
4268,638,2024-02-07 15:46:00,1,0,Clothing,Delhi,25,Male,4509.23,3.9,56393,39.74
1051,359,2024-11-02 15:50:00,0,1,Toys,Kolkata,36,Female,6294.8,4.6,82568,147.42
1540,267,2024-11-07 07:29:00,0,0,Electronics,Chennai,58,Female,8287.59,2.1,85616,23.79
2522,340,2024-05-17 08:53:00,1,0,Clothing,Mumbai,44,Male,5476.48,4.3,39742,28.91
1293,192,2024-08-26 13:01:00,1,0,Toys,Kolkata,42,Female,8808.71,3.1,49139,172.83
3768,310,2024-07-10 06:33:00,0,0,Home,Bangalore,49,Male,9429.24,4.5,55795,80.02
3094,628,2024-07-25 04:33:00,1,0,Toys,Chennai,20,Female,562.99,3.5,84412,96.3
1905,490,2024-07-27 16:34:00,1,0,Home,Mumbai,51,Male,7643.6,4.4,21205,130.22
4100,489,2024-06-16 09:01:00,1,0,Clothing,Delhi,31,Male,203.44,2.6,67774,37.21
2791,101,2024-08-03 11:30:00,0,0,Clothing,Kolkata,57,Female,4185.61,3.8,33225,72.67
4071,404,2024-06-02 11:09:00,0,0,Home,Chennai,44,Male,3169.33,2.6,35485,60.16
1496,235,2024-04-15 09:14:00,1,0,Home,Kolkata,37,Female,5891.31,1.6,60264,7.75
1306,208,2024-05-25 02:27:00,1,0,Electronics,Kolkata,51,Male,5013.29,2.5,66976,184.5
3073,132,2024-08-03 15:54:00,1,1,Books,Delhi,32,Male,4408.34,2.8,31351,147.97
1816,608,2024-12-15 07:06:00,0,0,Home,Chennai,50,Female,613.19,3.4,91314,230.14
3756,695,2024-07-27 22:45:00,0,0,Home,Kolkata,30,Male,2437.61,1.8,26689,248.18
2222,584,2024-05-10 10:06:00,1,0,Home,Bangalore,36,Female,2938.69,4.1,97203,205.54
3215,995,2024-04-22 07:52:00,1,0,Books,Delhi,21,Female,6649.31,4.6,94252,169.83
1769,572,2024-06-07 14:55:00,1,0,Books,Chennai,57,Male,4866.65,4.7,70661,110.76
1448,236,2024-11-21 03:11:00,1,0,Home,Chennai,48,Female,8275.85,3.0,89673,140.08
2833,472,2024-12-06 21:21:00,0,0,Toys,Chennai,53,Female,921.8,3.8,22269,185.19
1267,891,2024-04-02 19:40:00,1,1,Clothing,Bangalore,24,Male,5653.15,4.6,26456,180.47
2057,192,2024-08-06 06:31:00,1,0,Books,Chennai,41,Female,7448.03,1.8,43523,228.49
4405,808,2024-10-08 22:46:00,1,1,Books,Chennai,51,Male,4214.56,3.5,91770,159.61
4545,659,2024-05-28 22:30:00,1,1,Home,Mumbai,49,Female,4470.08,1.2,35299,280.53
4222,893,2024-10-12 11:16:00,0,0,Clothing,Chennai,20,Female,8704.01,4.7,17193,131.19
4016,277,2024-03-21 18:51:00,1,1,Clothing,Kolkata,19,Female,5046.55,1.8,32835,17.12
2073,436,2024-11-24 00:44:00,0,0,Electronics,Chennai,24,Female,4504.57,3.2,35115,44.49
2948,868,2024-08-20 01:21:00,1,0,Clothing,Delhi,29,Male,9917.3,3.7,29405,236.2
2420,841,2024-11-08 17:38:00,1,0,Clothing,Mumbai,55,Female,6743.57,4.6,43977,72.62
2214,474,2024-03-26 05:38:00,0,1,Electronics,Mumbai,42,Male,4973.45,1.2,26252,31.59
3748,950,2024-11-26 12:29:00,1,0,Toys,Bangalore,21,Female,8325.11,2.7,48684,234.61
3585,824,2024-01-25 06:20:00,1,0,Electronics,Chennai,26,Female,2120.32,3.9,76413,46.0
4751,917,2024-09-14 20:56:00,0,0,Electronics,Bangalore,46,Male,1719.83,3.3,73997,15.33
3631,770,2024-06-15 20:40:00,0,1,Toys,Kolkata,22,Male,8571.57,2.9,60593,177.92
2438,954,2024-09-06 08:05:00,0,0,Electronics,Bangalore,19,Female,1983.62,3.0,11693,54.43
3613,403,2024-06-18 18:32:00,0,0,Home,Chennai,37,Female,3308.53,4.4,44574,136.96
1814,400,2024-09-03 21:57:00,1,0,Books,Delhi,58,Male,8859.0,2.1,26599,182.45
1829,574,2024-05-30 11:07:00,0,1,Toys,Delhi,46,Female,2349.46,1.1,54721,160.1
1982,740,2024-09-13 15:21:00,0,1,Home,Bangalore,30,Female,6197.18,2.1,68916,98.54
3805,184,2024-05-30 00:00:00,1,0,Books,Kolkata,42,Male,229.86,2.8,20935,262.13
2383,168,2024-11-10 13:20:00,1,0,Electronics,Chennai,44,Male,5504.45,3.6,98818,124.35
3627,855,2024-09-14 12:53:00,1,0,Toys,Mumbai,44,Male,7363.87,3.1,40186,87.12
3592,599,2024-07-17 15:43:00,1,0,Toys,Chennai,24,Male,3176.06,5.0,38961,273.97
1692,643,2024-05-26 23:53:00,1,0,Books,Mumbai,27,Female,7403.21,3.7,99836,265.63
3150,376,2024-09-19 19:07:00,1,0,Clothing,Delhi,29,Male,4835.3,2.5,65499,121.88
4701,713,2024-10-18 10:12:00,1,0,Books,Kolkata,54,Female,8203.11,2.4,82145,52.97
3078,733,2024-12-30 13:51:00,1,0,Home,Delhi,44,Male,3117.17,3.0,13731,58.55
3366,257,2024-07-20 11:10:00,0,0,Toys,Mumbai,29,Female,5711.59,3.4,78739,279.82
1273,317,2024-12-12 01:36:00,0,1,Electronics,Chennai,21,Male,3104.2,2.6,19249,171.71
3017,478,2024-06-29 14:37:00,0,0,Books,Bangalore,22,Female,8282.42,4.8,73051,263.09
1812,242,2024-05-09 15:54:00,0,0,Home,Mumbai,28,Female,257.49,1.4,14507,243.24
3947,448,2024-03-10 04:00:00,1,0,Home,Mumbai,49,Male,6907.11,4.0,95732,31.65
2637,711,2024-09-03 10:37:00,1,0,Electronics,Bangalore,55,Male,6343.35,1.9,77853,40.73
4390,401,2024-03-25 00:47:00,1,0,Electronics,Kolkata,21,Male,7655.13,4.5,39065,108.61
3088,147,2024-04-27 17:38:00,1,0,Toys,Kolkata,46,Female,8926.25,2.3,89592,208.28
1689,877,2024-07-03 06:07:00,1,0,Electronics,Chennai,44,Female,1137.21,1.0,43071,228.0
4637,659,2024-07-04 06:52:00,0,1,Toys,Kolkata,24,Male,1347.09,2.7,58443,109.81
4652,624,2024-08-04 16:58:00,0,0,Toys,Kolkata,48,Female,8476.59,4.7,92244,151.48
1465,705,2024-08-09 05:36:00,1,0,Clothing,Bangalore,52,Male,2085.6,1.5,65228,21.42
1388,884,2024-07-25 02:27:00,0,0,Toys,Delhi,39,Male,5068.78,3.1,21558,214.27
4007,864,2024-06-30 15:51:00,1,1,Electronics,Kolkata,36,Female,515.58,1.8,72262,39.27
4580,954,2024-03-30 05:12:00,1,0,Toys,Mumbai,51,Female,324.14,4.5,28547,81.37
1675,654,2024-01-19 23:52:00,1,1,Home,Chennai,57,Female,9566.8,3.2,26924,73.45
3379,129,2024-03-18 14:04:00,1,0,Home,Chennai,39,Female,4801.17,1.9,57282,169.7
2399,256,2024-02-16 20:03:00,1,0,Home,Kolkata,55,Female,9962.8,4.5,20644,90.93
4141,521,2024-12-11 02:44:00,1,0,Clothing,Delhi,36,Female,9355.73,3.6,55500,292.67
1681,425,2024-09-20 08:04:00,1,0,Electronics,Delhi,56,Female,7761.55,1.4,49598,39.73
4046,581,2024-07-22 23:21:00,1,0,Books,Delhi,32,Male,2089.65,1.7,18191,272.63
2748,887,2024-08-28 15:36:00,1,1,Home,Chennai,28,Male,7233.1,1.1,76479,95.69
3859,580,2024-12-07 02:25:00,1,0,Toys,Bangalore,28,Female,9455.79,4.3,66960,44.98
3513,114,2024-06-22 13:42:00,1,0,Books,Delhi,56,Male,1652.23,4.6,57890,212.09
1393,368,2024-11-26 21:52:00,1,0,Books,Mumbai,48,Female,9965.09,1.8,21842,296.19
3865,841,2024-01-01 05:17:00,0,1,Home,Delhi,24,Male,5938.86,4.2,97795,62.83
1524,328,2024-12-07 12:05:00,0,0,Toys,Kolkata,27,Male,8356.91,4.8,54614,240.89
4175,851,2024-09-20 12:13:00,1,0,Home,Delhi,40,Male,5249.16,2.2,61527,252.74
1510,377,2024-08-06 09:34:00,1,0,Home,Mumbai,48,Female,5562.78,1.8,34904,32.13
3616,760,2024-05-17 13:14:00,1,0,Toys,Mumbai,24,Male,4815.02,2.2,57197,6.55
3241,727,2024-11-16 20:52:00,1,0,Toys,Bangalore,30,Male,9970.85,4.8,60125,269.73
1453,802,2024-08-03 18:18:00,1,0,Home,Bangalore,49,Female,2827.63,1.5,11792,79.99
4236,194,2024-11-22 15:55:00,1,0,Home,Bangalore,19,Female,6998.95,4.3,20988,86.54
3376,624,2024-03-15 09:21:00,1,0,Books,Bangalore,57,Male,6857.7,5.0,95213,148.51
1945,616,2024-04-13 21:11:00,1,0,Toys,Mumbai,58,Male,3729.37,1.7,45007,271.49
3098,699,2024-01-25 23:44:00,0,0,Electronics,Kolkata,47,Female,7172.05,3.7,51848,13.23
1291,235,2024-09-13 09:50:00,0,0,Toys,Mumbai,50,Female,8349.67,3.2,32129,299.77
1154,154,2024-07-09 08:31:00,1,0,Clothing,Kolkata,32,Male,5448.46,4.7,26158,268.36
3930,623,2024-10-23 21:50:00,1,0,Home,Chennai,47,Male,6640.06,2.0,14843,250.34
1649,424,2024-10-28 14:31:00,0,0,Electronics,Chennai,37,Female,6602.24,2.1,30874,77.57
3796,801,2024-12-15 17:48:00,1,0,Books,Bangalore,28,Female,933.98,2.1,61879,198.17
4766,162,2024-09-10 21:12:00,1,0,Toys,Chennai,34,Female,8169.74,1.1,23060,250.31
4623,313,2024-08-28 08:21:00,1,0,Home,Mumbai,55,Male,5064.38,4.9,28545,259.43
3281,845,2024-10-12 02:39:00,0,1,Books,Chennai,21,Male,7090.1,3.8,42553,269.99
1358,336,2024-05-19 05:05:00,1,0,Electronics,Delhi,28,Male,4382.01,2.0,63836,210.54
2492,299,2024-02-22 21:09:00,0,1,Home,Chennai,22,Female,2843.77,1.4,45174,284.03
2755,137,2024-10-19 09:58:00,1,1,Clothing,Kolkata,42,Male,7062.82,1.5,34640,120.25
3452,833,2024-01-19 00:49:00,1,1,Electronics,Mumbai,44,Female,6281.15,4.0,86937,128.9
3679,908,2024-07-31 08:10:00,1,0,Home,Mumbai,38,Female,7741.04,1.3,18876,166.6
1501,356,2024-01-23 01:12:00,1,0,Clothing,Bangalore,48,Male,1766.69,2.0,83281,28.11
3005,717,2024-09-14 14:39:00,1,0,Electronics,Mumbai,24,Male,3166.87,1.2,99865,225.28
2252,211,2024-11-29 04:39:00,1,0,Clothing,Bangalore,31,Male,1815.47,2.2,24634,34.08
1098,122,2024-05-13 23:18:00,0,0,Books,Kolkata,49,Female,4868.91,1.6,29020,27.51
4454,768,2024-02-21 23:46:00,1,1,Electronics,Delhi,38,Female,4539.46,4.9,27629,128.64
2084,140,2024-11-24 13:30:00,1,1,Toys,Bangalore,48,Male,5470.43,4.4,82926,175.43
2071,232,2024-04-13 12:53:00,1,0,Books,Kolkata,45,Male,3498.65,4.1,89025,151.72
1931,247,2024-08-16 04:47:00,1,0,Electronics,Delhi,21,Female,4139.27,1.8,35367,42.05
3991,883,2024-05-30 03:56:00,1,0,Clothing,Mumbai,34,Male,105.49,4.7,43888,268.94
1423,657,2024-04-10 00:38:00,0,0,Clothing,Kolkata,50,Male,4824.91,3.7,69809,256.78
1497,409,2024-06-21 09:04:00,1,0,Clothing,Mumbai,38,Male,469.5,2.0,31879,175.22
4544,671,2024-01-09 00:31:00,0,0,Books,Delhi,53,Male,6427.12,4.2,13687,91.25
2769,445,2024-01-15 02:27:00,1,0,Books,Mumbai,46,Male,9350.85,3.6,57817,82.19
4998,103,2024-11-26 23:19:00,1,1,Electronics,Chennai,44,Female,1804.11,1.1,21134,186.64
3556,848,2024-07-19 11:47:00,1,0,Clothing,Bangalore,50,Male,7762.49,4.9,30832,227.25
1204,992,2024-03-16 02:08:00,1,0,Clothing,Bangalore,37,Male,596.19,4.1,14023,228.9
3736,440,2024-08-13 04:59:00,1,0,Toys,Chennai,25,Male,7731.39,4.9,88180,44.03
4215,555,2024-11-27 14:22:00,1,0,Toys,Delhi,53,Female,4576.43,5.0,88636,36.74
2755,309,2024-09-29 10:33:00,1,1,Toys,Mumbai,40,Male,860.88,2.1,12071,191.75
1228,602,2024-10-29 00:40:00,1,1,Books,Chennai,27,Female,6266.09,2.3,12558,80.08
4221,750,2024-10-01 13:06:00,1,0,Clothing,Delhi,26,Female,3298.2,1.6,85360,227.7
3883,936,2024-11-12 18:37:00,0,0,Home,Chennai,42,Female,6692.82,4.5,12485,239.46
2710,793,2024-02-20 02:53:00,0,0,Home,Delhi,59,Female,1928.91,1.2,22130,242.81
4938,719,2024-12-30 16:04:00,0,0,Toys,Chennai,28,Female,599.87,1.4,47510,117.3
1657,275,2024-09-03 18:17:00,1,0,Toys,Delhi,49,Female,2878.74,3.9,29002,88.75
2351,153,2024-02-07 21:42:00,1,0,Clothing,Delhi,46,Male,3016.12,4.8,87443,222.31
1813,508,2024-11-15 22:02:00,1,0,Toys,Bangalore,52,Male,4411.24,4.4,17895,170.92
3663,633,2024-02-25 04:28:00,1,0,Books,Kolkata,36,Male,8096.25,4.1,33410,102.32
4994,367,2024-09-11 17:27:00,0,0,Clothing,Delhi,25,Male,1767.36,1.8,75587,273.77
1887,852,2024-10-14 08:42:00,0,0,Clothing,Kolkata,20,Male,3798.2,4.0,26126,173.62
4972,557,2024-12-22 07:46:00,1,0,Clothing,Kolkata,55,Female,3889.05,1.8,38156,92.12
1022,984,2024-02-18 12:19:00,1,0,Books,Delhi,39,Female,3160.4,3.0,57981,20.48
3294,856,2024-03-30 02:26:00,1,1,Toys,Kolkata,21,Female,1622.12,3.5,94383,280.15
3016,210,2024-10-05 13:03:00,1,0,Electronics,Delhi,28,Female,6529.36,3.8,18200,181.16
1219,564,2024-10-16 16:49:00,1,0,Clothing,Kolkata,18,Female,5931.86,2.8,22415,17.03
2225,607,2024-12-10 15:00:00,1,0,Home,Bangalore,20,Female,5257.72,2.6,22662,225.05
1670,405,2024-03-29 04:44:00,1,0,Home,Delhi,32,Female,9516.29,2.4,55254,70.91
3327,153,2024-06-13 07:01:00,1,0,Home,Kolkata,26,Female,4466.22,4.6,31399,10.1
4644,314,2024-08-17 19:03:00,0,0,Home,Kolkata,19,Female,6342.8,1.6,99333,193.11
2187,547,2024-02-10 20:05:00,1,0,Toys,Bangalore,19,Female,7267.51,4.1,88815,204.77
4141,987,2024-04-07 04:55:00,1,0,Electronics,Chennai,51,Female,453.84,2.1,92288,130.93
1029,199,2024-06-04 06:07:00,1,0,Books,Kolkata,24,Male,8883.58,2.8,69116,147.79
2424,836,2024-06-22 01:17:00,1,0,Clothing,Bangalore,51,Male,2418.13,4.4,83289,267.89
2736,652,2024-01-10 06:08:00,0,0,Home,Chennai,29,Female,7271.3,3.7,96558,226.67
2103,463,2024-05-18 20:26:00,1,0,Toys,Delhi,41,Female,504.59,2.0,82318,290.53
3162,164,2024-09-11 12:50:00,1,0,Books,Bangalore,40,Female,7886.06,1.4,88416,45.98
3973,996,2024-12-20 00:45:00,1,1,Books,Bangalore,20,Female,1853.34,3.7,12361,164.08
2810,157,2024-10-15 16:48:00,1,0,Electronics,Delhi,42,Male,3618.0,4.0,73489,128.2
4904,371,2024-12-27 02:37:00,1,0,Home,Kolkata,58,Male,2713.52,2.9,76010,178.46
2302,269,2024-08-24 19:18:00,1,0,Books,Delhi,50,Female,5467.01,2.7,93015,179.17
1414,462,2024-12-20 08:32:00,1,0,Clothing,Chennai,40,Female,453.41,4.6,83482,168.33
4508,495,2024-11-28 08:19:00,0,1,Books,Delhi,19,Female,5919.01,4.6,50518,200.75
3678,207,2024-06-13 01:14:00,1,0,Clothing,Chennai,33,Male,5490.72,3.4,67475,111.74
2701,653,2024-11-24 04:01:00,1,0,Books,Kolkata,55,Male,1516.81,2.0,62820,260.91
2323,309,2024-02-06 13:37:00,0,1,Books,Chennai,32,Female,9363.63,2.1,81757,123.07
2338,711,2024-09-10 00:13:00,1,0,Toys,Bangalore,34,Male,8956.57,4.2,32691,295.86
4774,232,2024-05-07 09:36:00,1,0,Home,Delhi,29,Female,6291.83,2.6,39765,18.66
1206,602,2024-05-24 11:02:00,0,0,Toys,Mumbai,54,Female,7732.75,2.2,19534,99.17
2418,921,2024-12-24 10:55:00,0,0,Books,Bangalore,50,Male,7316.53,4.8,45301,289.27
2224,946,2024-04-28 10:43:00,0,0,Electronics,Kolkata,43,Male,7015.6,2.7,32896,88.23
3321,478,2024-01-17 14:41:00,1,0,Toys,Bangalore,31,Female,1837.11,3.1,38259,93.19
4973,832,2024-10-01 04:34:00,0,0,Books,Chennai,58,Male,8012.64,4.5,48210,148.84
3770,223,2024-10-04 14:14:00,1,1,Clothing,Kolkata,39,Female,3531.57,2.0,95697,106.64
3403,594,2024-05-18 20:31:00,1,1,Books,Kolkata,37,Male,6417.51,1.8,19191,28.5
2587,369,2024-09-02 16:58:00,1,1,Toys,Kolkata,54,Female,4824.44,1.6,94876,204.58
2281,323,2024-07-30 12:05:00,1,0,Clothing,Bangalore,55,Female,5419.17,1.0,66700,205.37
2275,137,2024-04-03 02:05:00,1,1,Books,Mumbai,23,Male,2208.06,4.9,73696,124.85
3472,694,2024-11-13 18:55:00,1,0,Home,Delhi,37,Female,4575.24,3.0,66295,224.77
4375,412,2024-08-02 08:45:00,0,0,Electronics,Delhi,59,Female,8808.87,1.1,17301,184.4
2659,666,2024-12-25 22:49:00,1,0,Toys,Mumbai,56,Male,469.13,1.1,92775,131.68
2727,239,2024-03-21 00:16:00,1,0,Clothing,Chennai,42,Female,4674.65,3.4,61418,40.39
3274,965,2024-11-22 14:53:00,1,1,Electronics,Delhi,48,Female,6117.92,4.6,40817,249.95
2145,410,2024-04-19 05:13:00,0,0,Electronics,Bangalore,23,Female,5442.79,4.0,70121,45.83
2085,709,2024-08-25 05:55:00,1,0,Electronics,Bangalore,28,Female,2391.12,2.8,62185,139.93
1199,163,2024-12-25 02:23:00,1,0,Home,Chennai,55,Male,1173.87,4.5,37943,258.49
4362,914,2024-09-23 02:02:00,0,0,Toys,Kolkata,33,Female,5008.76,3.2,43654,147.08
4729,454,2024-09-13 14:53:00,0,0,Clothing,Bangalore,26,Male,1963.8,4.6,83313,282.15
4418,102,2024-05-01 03:39:00,0,0,Books,Delhi,38,Male,3604.19,3.9,78735,219.68
4769,950,2024-11-17 16:17:00,1,0,Home,Bangalore,26,Male,8742.41,4.9,89376,207.11
1591,356,2024-07-22 01:15:00,0,1,Clothing,Mumbai,35,Female,8023.97,1.2,34132,22.32
1267,321,2024-07-28 06:10:00,1,1,Books,Chennai,32,Female,6892.54,2.3,53442,168.43
4695,195,2024-03-31 16:05:00,0,0,Electronics,Kolkata,59,Female,8702.67,3.3,41451,11.8
2822,638,2024-06-10 16:14:00,0,0,Clothing,Chennai,55,Male,1424.96,2.8,89824,142.63
3169,870,2024-02-20 21:50:00,1,0,Clothing,Kolkata,27,Male,323.64,1.2,88713,149.54
1188,193,2024-12-17 17:17:00,1,0,Clothing,Chennai,51,Male,6724.46,1.1,95113,255.37
1662,653,2024-07-23 09:23:00,1,0,Clothing,Mumbai,50,Female,9385.46,5.0,83176,283.65
3502,240,2024-10-21 05:48:00,1,0,Toys,Bangalore,27,Female,5370.37,1.2,35286,287.5
1538,771,2024-12-06 09:03:00,1,0,Home,Bangalore,48,Female,8782.22,4.5,94133,45.68
1210,929,2024-05-18 16:19:00,0,0,Home,Chennai,39,Male,6768.71,1.4,75881,82.85
2900,563,2024-10-25 16:22:00,1,0,Toys,Chennai,20,Male,3389.89,2.0,48951,297.31
2488,588,2024-10-07 19:45:00,1,0,Toys,Delhi,22,Male,8395.82,5.0,42928,67.03
1693,396,2024-06-07 01:00:00,0,0,Clothing,Kolkata,58,Female,7230.5,3.8,43229,179.67
2182,217,2024-05-20 20:19:00,0,0,Electronics,Kolkata,59,Female,6552.83,3.6,94501,43.5
1729,702,2024-10-20 07:41:00,0,0,Home,Mumbai,33,Female,5289.68,3.6,24538,253.56
1322,585,2024-03-15 18:02:00,0,0,Electronics,Mumbai,39,Female,3711.4,3.1,58181,85.45
1561,448,2024-03-06 09:34:00,0,0,Books,Bangalore,58,Female,3210.97,3.2,85447,43.22
2682,465,2024-03-04 07:44:00,1,0,Home,Bangalore,32,Female,1201.33,4.4,13208,76.22
1673,984,2024-11-28 10:15:00,1,0,Clothing,Kolkata,22,Female,5653.08,1.1,81986,221.31
1488,751,2024-10-07 05:40:00,0,0,Toys,Mumbai,46,Male,1486.64,1.0,26661,132.95
1728,681,2024-08-20 20:40:00,1,0,Electronics,Delhi,51,Male,2063.05,3.3,12327,38.54
4444,158,2024-06-25 20:45:00,0,0,Toys,Bangalore,42,Female,229.86,2.0,36898,273.17
4267,399,2024-05-18 22:44:00,1,0,Clothing,Kolkata,49,Female,5464.65,3.2,27353,253.9
2866,518,2024-01-13 22:15:00,1,1,Clothing,Mumbai,44,Female,5167.77,1.3,71026,295.42
2512,802,2024-06-24 17:18:00,1,0,Home,Bangalore,58,Male,9301.04,2.8,46274,36.61
1985,723,2024-11-14 05:23:00,0,0,Books,Delhi,36,Female,4541.79,2.9,79148,261.42
2147,184,2024-07-26 01:03:00,0,0,Electronics,Chennai,51,Female,1310.91,2.2,70371,190.09
3843,355,2024-05-02 02:07:00,0,0,Home,Kolkata,29,Female,1126.81,4.6,99943,169.67
3008,862,2024-11-19 11:05:00,1,1,Books,Chennai,46,Male,6752.59,4.8,19885,278.25
4078,187,2024-03-09 22:20:00,0,1,Books,Chennai,25,Female,9919.9,3.0,47700,54.5
4675,898,2024-05-24 10:52:00,1,1,Books,Mumbai,18,Male,8107.57,1.5,99435,289.82
3456,342,2024-10-28 05:49:00,1,1,Toys,Chennai,33,Female,4117.73,2.3,58136,161.93
3779,390,2024-03-21 18:01:00,1,0,Home,Chennai,41,Female,6521.9,3.6,19783,100.49
1439,973,2024-07-12 18:25:00,1,0,Books,Delhi,33,Male,5801.57,2.8,66628,84.66
2464,553,2024-06-29 11:15:00,0,1,Clothing,Kolkata,40,Male,8805.07,4.6,59100,43.86
4173,573,2024-03-28 18:18:00,1,0,Electronics,Delhi,40,Male,776.3,3.8,21670,265.36
4688,766,2024-11-14 12:00:00,1,0,Clothing,Bangalore,54,Male,2854.09,3.4,41244,94.63
4772,345,2024-11-02 01:47:00,0,0,Home,Bangalore,24,Female,5109.26,4.0,22581,106.03
4802,842,2024-11-29 01:38:00,1,1,Electronics,Kolkata,49,Female,7177.55,3.4,83275,238.65
2471,657,2024-06-22 06:52:00,1,0,Toys,Chennai,37,Male,7491.37,4.5,94604,284.52
1985,831,2024-08-01 12:07:00,1,1,Clothing,Chennai,50,Male,4155.49,4.6,21000,42.66
3471,269,2024-10-29 14:16:00,1,0,Electronics,Kolkata,24,Male,2859.38,2.5,52153,84.68
1278,370,2024-10-18 21:50:00,1,0,Clothing,Mumbai,23,Male,7202.2,3.8,35896,131.29
1849,201,2024-07-12 07:59:00,1,0,Books,Mumbai,29,Male,259.87,2.8,93676,256.35
1287,683,2024-01-25 19:35:00,1,1,Electronics,Delhi,59,Male,8634.5,3.2,24545,276.94
2432,112,2024-01-16 05:02:00,1,0,Clothing,Delhi,35,Female,3389.76,3.9,91603,78.13
2800,339,2024-08-19 12:01:00,0,1,Electronics,Mumbai,19,Male,4176.58,1.5,58986,268.72
3435,199,2024-10-14 13:02:00,0,1,Books,Chennai,28,Female,155.86,4.0,42824,185.8
1876,235,2024-03-26 19:00:00,1,1,Toys,Delhi,23,Male,9927.24,3.8,18691,276.05
3837,553,2024-02-21 10:01:00,1,1,Clothing,Chennai,38,Female,3238.03,3.8,54633,261.21
1444,202,2024-12-27 14:07:00,1,0,Electronics,Delhi,30,Female,5871.65,3.2,96095,251.67
4287,396,2024-04-15 08:27:00,0,0,Home,Chennai,34,Male,8773.54,3.1,12683,172.58
1722,351,2024-03-09 17:54:00,0,1,Home,Chennai,54,Male,568.34,1.5,29755,7.78
1097,400,2024-11-05 13:33:00,1,0,Home,Bangalore,20,Female,9910.2,2.7,39304,145.19
2612,435,2024-07-18 06:21:00,1,0,Clothing,Delhi,29,Female,2692.83,4.0,21990,298.25
3098,180,2024-07-10 08:45:00,1,0,Books,Chennai,57,Male,2315.43,1.1,71685,139.01
3041,570,2024-12-08 23:56:00,1,0,Books,Bangalore,26,Female,9071.02,1.6,32958,152.55
2701,811,2024-04-03 09:35:00,1,0,Electronics,Kolkata,48,Male,5251.91,4.3,23748,162.77
4470,611,2024-08-24 23:58:00,1,0,Clothing,Kolkata,50,Female,7916.47,4.6,41767,172.6
2294,717,2024-10-07 23:06:00,0,0,Books,Mumbai,56,Male,593.76,4.2,41765,238.08
4469,584,2024-11-10 04:49:00,1,0,Toys,Mumbai,57,Male,5620.97,3.7,62893,64.56
2919,331,2024-09-04 21:19:00,1,1,Home,Kolkata,53,Female,4298.87,1.6,74848,241.09
1669,791,2024-04-13 17:26:00,0,0,Clothing,Delhi,35,Female,6686.35,3.6,77323,272.18
3231,153,2024-11-12 00:31:00,1,0,Home,Mumbai,55,Female,1737.02,2.1,54874,279.42
3075,717,2024-09-26 22:15:00,0,0,Home,Chennai,44,Male,3131.82,1.3,28152,11.55
3342,336,2024-02-07 03:02:00,1,1,Toys,Bangalore,18,Female,6248.62,2.7,68225,44.85
1043,604,2024-05-03 06:02:00,1,0,Home,Kolkata,49,Male,8949.9,1.4,21537,189.37
4857,109,2024-12-29 11:48:00,1,1,Clothing,Mumbai,52,Female,5469.19,4.5,82653,24.61
1089,105,2024-03-03 04:40:00,1,0,Home,Bangalore,37,Male,8195.39,2.4,21021,245.22
2243,135,2024-10-12 10:17:00,1,0,Electronics,Kolkata,44,Female,8060.76,1.2,64972,93.08
2623,451,2024-06-16 23:06:00,1,0,Clothing,Mumbai,36,Female,653.28,3.7,46103,271.87
2834,212,2024-12-27 06:08:00,1,0,Toys,Delhi,41,Female,2517.66,2.4,12642,124.78
4315,694,2024-01-22 02:46:00,1,0,Clothing,Bangalore,43,Male,6490.59,3.9,24697,250.39
1444,973,2024-03-01 22:51:00,1,0,Toys,Chennai,21,Male,2624.66,4.0,18073,103.51
2475,413,2024-05-03 03:03:00,1,1,Home,Chennai,52,Male,4857.06,2.9,84367,131.02
1049,375,2024-11-28 04:44:00,1,0,Books,Kolkata,47,Male,7271.49,1.7,96318,218.8
3102,302,2024-03-21 01:54:00,0,0,Electronics,Chennai,49,Male,8423.34,1.5,67159,17.9
1044,426,2024-07-07 12:21:00,1,0,Clothing,Delhi,53,Female,2388.38,3.4,73475,35.14
4502,492,2024-06-23 02:50:00,1,0,Electronics,Delhi,28,Female,3803.12,3.4,50529,70.34
4325,619,2024-10-13 09:46:00,1,1,Clothing,Delhi,59,Male,2611.68,1.6,71404,269.37
4796,118,2024-06-12 10:26:00,1,0,Books,Chennai,44,Male,7373.45,4.5,16152,215.67
3639,438,2024-02-24 05:28:00,1,0,Books,Delhi,46,Male,2626.83,4.6,11057,249.85
3497,896,2024-04-25 21:08:00,0,0,Toys,Delhi,56,Male,452.7,1.6,23930,89.24
4243,330,2024-08-30 18:43:00,1,0,Home,Bangalore,28,Female,5346.49,4.7,52055,259.77
2749,805,2024-03-02 13:31:00,0,0,Home,Bangalore,23,Male,9666.45,2.0,25311,54.6
3019,699,2024-10-13 11:21:00,0,0,Electronics,Chennai,28,Female,6885.29,2.9,11306,85.24
2573,131,2024-03-10 21:39:00,1,1,Home,Kolkata,23,Male,7402.41,4.1,45064,241.97
1286,387,2024-04-26 19:56:00,0,1,Home,Bangalore,39,Female,4179.58,2.6,44538,291.65
1184,786,2024-07-07 23:17:00,0,0,Toys,Mumbai,47,Male,1670.06,1.7,66647,237.89
4058,837,2024-12-18 11:29:00,1,0,Home,Kolkata,41,Female,4178.61,2.8,85017,156.7
4202,267,2024-08-12 15:04:00,0,0,Toys,Chennai,35,Male,4882.47,1.1,42339,115.27
4844,798,2024-09-10 20:09:00,0,0,Electronics,Mumbai,45,Male,6856.5,3.5,96342,148.06
2231,234,2024-12-24 03:32:00,0,0,Books,Bangalore,54,Female,5628.93,3.4,25837,261.95
2466,767,2024-08-25 16:24:00,1,0,Books,Mumbai,57,Female,8440.75,3.1,53375,202.82
2028,539,2024-09-08 19:55:00,1,0,Electronics,Bangalore,51,Female,6021.22,4.0,65334,191.25
2868,566,2024-12-18 17:49:00,1,0,Home,Kolkata,54,Female,1950.37,4.3,87151,48.15
2595,954,2024-08-05 01:40:00,1,0,Books,Delhi,40,Female,1003.05,2.5,69587,40.59
4676,954,2024-05-06 06:55:00,0,1,Clothing,Bangalore,29,Male,3246.59,3.3,98530,38.71
3736,994,2024-04-19 06:12:00,0,0,Electronics,Bangalore,20,Female,9396.28,2.3,41569,93.58
2080,418,2024-10-29 14:25:00,0,1,Clothing,Chennai,49,Male,3159.17,3.7,58292,258.03
2199,808,2024-02-10 06:10:00,1,0,Clothing,Mumbai,53,Female,8317.63,4.8,38298,5.16
1121,263,2024-07-13 07:36:00,0,0,Books,Chennai,53,Female,9491.5,3.3,36531,188.63
4220,383,2024-12-07 15:42:00,1,0,Toys,Mumbai,35,Male,6296.8,2.4,37366,150.97
4207,542,2024-06-24 16:47:00,0,0,Clothing,Mumbai,22,Male,4053.72,2.5,96083,69.52
1272,109,2024-10-06 06:39:00,1,0,Books,Delhi,34,Male,659.95,2.1,35525,267.99
2448,932,2024-09-03 09:54:00,0,0,Toys,Bangalore,54,Male,404.08,1.0,35364,77.5
2719,355,2024-09-15 11:36:00,0,0,Books,Chennai,51,Female,8007.56,1.3,17144,172.6
4833,445,2024-09-22 03:36:00,1,0,Books,Mumbai,26,Male,3510.39,3.5,49021,203.89
1620,560,2024-11-12 21:21:00,1,0,Home,Kolkata,21,Female,4557.08,1.9,64141,51.88
1062,851,2024-03-12 19:32:00,1,1,Electronics,Mumbai,51,Female,7455.29,3.4,25571,219.48
2545,452,2024-03-04 12:21:00,0,0,Books,Bangalore,51,Male,1345.99,1.0,22049,289.46
4153,148,2024-01-28 01:07:00,1,0,Toys,Mumbai,23,Male,3826.16,2.9,12295,293.34
2538,851,2024-10-22 14:13:00,1,0,Toys,Chennai,46,Female,5272.22,4.8,61342,180.89
1804,210,2024-06-14 08:15:00,1,1,Books,Chennai,46,Female,2114.92,3.6,24513,299.43
2404,945,2024-08-21 12:21:00,0,0,Toys,Kolkata,22,Male,893.92,3.3,63340,47.47
2289,141,2024-05-25 20:51:00,1,0,Electronics,Mumbai,50,Female,8416.32,2.8,54518,287.45
2583,562,2024-01-21 08:13:00,1,1,Clothing,Delhi,43,Male,203.9,2.2,57610,204.71
4508,201,2024-02-01 23:28:00,1,0,Books,Bangalore,55,Male,5314.41,3.0,88842,212.84
1205,642,2024-11-15 07:23:00,1,1,Toys,Mumbai,53,Male,8719.1,1.2,27394,182.69
3145,956,2024-07-31 22:10:00,1,0,Clothing,Chennai,19,Male,7583.84,2.9,67737,194.19
4388,438,2024-10-10 11:49:00,1,0,Clothing,Mumbai,53,Male,7462.9,4.1,82934,124.11
1368,693,2024-09-27 08:58:00,1,0,Electronics,Mumbai,47,Male,8962.02,2.9,27174,42.9
4042,182,2024-09-06 02:10:00,1,0,Books,Mumbai,27,Male,8036.46,4.5,65207,193.12
1873,115,2024-11-26 18:42:00,1,0,Clothing,Mumbai,49,Male,724.22,1.6,42706,35.1
4040,637,2024-07-18 07:54:00,0,0,Home,Chennai,41,Male,1709.18,2.9,56175,186.22
1213,819,2024-07-03 00:06:00,1,0,Home,Chennai,26,Male,2266.77,4.0,65299,196.82
4188,785,2024-04-17 23:37:00,1,0,Clothing,Mumbai,26,Male,1269.92,3.9,55189,191.34
1307,728,2024-01-27 13:15:00,1,1,Clothing,Mumbai,42,Female,9019.88,2.7,63641,72.86
2674,437,2024-04-02 22:08:00,1,1,Toys,Mumbai,37,Female,9739.22,1.2,14579,232.62
4693,671,2024-10-04 18:50:00,1,0,Toys,Mumbai,50,Female,5347.95,4.4,20712,68.33
2163,127,2024-02-21 05:25:00,1,0,Toys,Bangalore,30,Male,9713.43,5.0,33859,82.33
4295,490,2024-07-20 04:00:00,1,0,Toys,Mumbai,34,Female,6361.15,3.5,58276,138.1
1324,146,2024-05-23 16:41:00,1,1,Clothing,Mumbai,40,Female,8770.18,4.2,62794,12.26
1692,150,2024-02-27 15:00:00,1,0,Books,Bangalore,28,Male,1655.5,1.0,97274,48.03
3010,274,2024-05-27 11:21:00,1,0,Clothing,Delhi,42,Male,5343.83,3.7,99780,91.77
4567,795,2024-08-17 05:42:00,1,0,Books,Bangalore,49,Female,1023.66,4.3,78094,48.78
4758,668,2024-03-02 20:35:00,0,1,Home,Mumbai,18,Male,3108.49,2.1,60883,111.64
1580,389,2024-04-15 19:24:00,0,1,Toys,Bangalore,39,Male,8435.56,2.1,37976,290.07
2504,414,2024-05-17 21:52:00,1,0,Toys,Delhi,22,Male,6785.89,2.8,40803,91.23
1407,125,2024-06-26 04:38:00,1,0,Electronics,Bangalore,47,Female,6509.26,2.8,71155,178.17
1809,804,2024-08-06 09:51:00,1,1,Home,Bangalore,51,Female,4030.89,3.5,99150,63.21
2980,544,2024-05-26 16:32:00,1,0,Toys,Delhi,18,Male,1958.29,1.5,38552,148.84
2870,133,2024-02-06 16:36:00,0,1,Toys,Delhi,39,Female,606.73,1.9,89337,74.86
4679,106,2024-07-06 04:22:00,1,0,Books,Kolkata,49,Female,9052.38,2.1,12232,22.41
1282,579,2024-02-01 09:04:00,1,0,Home,Mumbai,25,Male,4856.68,1.6,54690,174.04
3901,969,2024-06-06 00:39:00,0,0,Toys,Kolkata,59,Male,9289.09,1.3,73280,46.96
3605,419,2024-02-01 21:11:00,1,0,Clothing,Delhi,35,Male,1530.81,4.7,48543,55.12
2793,303,2024-05-16 23:57:00,1,0,Electronics,Delhi,22,Male,4740.89,2.5,99477,129.16
4345,345,2024-08-08 07:54:00,1,0,Toys,Delhi,20,Male,4284.94,4.3,58528,236.88
1118,897,2024-02-22 22:14:00,1,0,Home,Kolkata,34,Male,1823.07,1.8,36165,225.24
4093,307,2024-02-23 19:09:00,1,0,Clothing,Bangalore,29,Male,7986.88,4.9,83231,68.96
3486,796,2024-02-11 16:46:00,1,0,Home,Chennai,24,Female,249.0,3.6,40387,48.9
4208,888,2024-01-17 08:57:00,1,1,Electronics,Chennai,30,Male,7513.9,2.0,89597,218.0
3038,270,2024-10-03 06:44:00,0,0,Home,Mumbai,31,Female,2836.53,2.3,31912,60.63
1212,660,2024-12-26 02:46:00,1,0,Electronics,Kolkata,29,Female,9800.6,1.5,19350,162.88
3443,504,2024-06-08 19:47:00,0,0,Toys,Delhi,18,Female,1565.75,2.8,25134,249.41
1973,890,2024-11-12 15:01:00,0,0,Electronics,Kolkata,29,Male,5184.63,2.2,20356,31.41
4136,738,2024-11-21 08:20:00,0,0,Electronics,Delhi,32,Female,2479.55,3.6,26272,270.35
3822,691,2024-09-20 18:04:00,1,0,Clothing,Chennai,51,Female,4863.22,2.3,64408,289.24
2931,436,2024-01-19 12:39:00,1,1,Clothing,Mumbai,48,Male,160.48,2.5,37618,114.95
2925,722,2024-06-18 07:27:00,0,0,Toys,Bangalore,55,Female,2008.05,4.3,77997,11.21
4300,715,2024-03-28 22:11:00,1,0,Toys,Delhi,45,Male,7232.53,3.8,86417,146.04
1713,672,2024-11-09 18:57:00,0,0,Books,Chennai,50,Female,5152.54,2.5,76143,166.24
3528,430,2024-03-19 13:03:00,1,0,Toys,Kolkata,22,Female,3426.12,2.4,68221,150.58
3422,191,2024-02-04 17:44:00,1,0,Clothing,Mumbai,18,Male,6342.94,1.9,49242,7.84
2105,654,2024-08-25 23:43:00,1,1,Toys,Delhi,57,Female,2515.96,3.3,48704,106.19
4188,131,2024-06-09 05:27:00,0,0,Clothing,Mumbai,23,Female,7183.1,1.7,14640,33.53
3176,836,2024-10-15 04:38:00,0,1,Books,Chennai,59,Female,971.39,1.7,22558,281.9
3376,908,2024-04-01 08:36:00,0,0,Electronics,Bangalore,46,Male,3046.4,1.4,70602,279.78
1137,724,2024-11-19 19:43:00,1,0,Home,Delhi,41,Male,3293.21,1.2,13952,10.12
4850,626,2024-10-19 13:17:00,1,0,Clothing,Bangalore,36,Male,276.21,1.1,37467,216.42
4075,626,2024-10-17 13:47:00,1,0,Toys,Mumbai,48,Male,2995.09,4.3,57531,93.57
2206,672,2024-12-18 00:27:00,1,0,Clothing,Bangalore,40,Male,3644.67,1.6,49296,44.16
3936,300,2024-11-19 05:49:00,1,0,Electronics,Kolkata,53,Female,6709.93,1.2,86801,260.98
1230,107,2024-06-20 12:05:00,1,0,Books,Mumbai,36,Female,7689.27,4.3,51277,55.7
4288,437,2024-04-25 18:52:00,1,0,Clothing,Bangalore,28,Male,7931.97,1.8,72217,181.39
2254,290,2024-09-01 23:10:00,0,1,Home,Mumbai,53,Female,8292.64,3.2,16203,223.88
4423,888,2024-08-11 00:20:00,0,0,Toys,Chennai,51,Female,7213.53,2.7,14006,263.15
3923,912,2024-01-01 19:22:00,1,0,Clothing,Kolkata,52,Female,1711.35,3.1,16817,118.41
4906,771,2024-07-09 07:34:00,0,0,Electronics,Kolkata,49,Male,9164.42,2.8,97965,200.85
4042,341,2024-07-09 07:39:00,1,0,Books,Delhi,32,Male,5057.03,3.8,62730,38.2
2553,323,2024-01-28 22:26:00,0,0,Toys,Chennai,23,Male,7460.74,4.9,85041,188.37
1083,243,2024-12-26 10:17:00,0,0,Books,Bangalore,37,Male,801.47,1.0,31493,74.81
3308,392,2024-12-22 13:47:00,1,0,Clothing,Chennai,48,Male,9788.53,4.7,48525,143.05
1450,100,2024-05-27 13:36:00,1,0,Books,Delhi,30,Male,7908.72,1.8,49851,219.43
3067,548,2024-02-29 16:28:00,1,0,Books,Chennai,50,Female,5123.41,4.8,21996,257.55
3854,491,2024-12-21 09:51:00,1,0,Books,Mumbai,23,Female,9254.95,1.9,97208,59.93
3617,875,2024-07-09 04:55:00,1,0,Clothing,Mumbai,27,Male,4238.88,1.6,26575,97.28
1868,954,2024-03-30 07:10:00,1,0,Clothing,Kolkata,28,Female,6475.49,1.9,33691,293.68
3100,611,2024-11-27 03:17:00,0,0,Toys,Delhi,55,Female,2674.82,1.8,49311,169.93
3320,253,2024-04-16 09:39:00,0,0,Electronics,Chennai,54,Male,4957.35,2.6,54057,46.21
2291,654,2024-08-06 01:15:00,1,0,Home,Delhi,55,Female,2518.7,4.1,47489,172.74
2566,289,2024-02-16 01:37:00,1,1,Home,Delhi,22,Female,966.43,2.0,51938,78.69
3350,565,2024-11-28 03:30:00,1,0,Home,Delhi,36,Female,2414.65,1.9,66516,126.41
3207,299,2024-06-16 18:39:00,0,0,Toys,Kolkata,25,Female,528.18,3.9,16673,153.87
2071,382,2024-07-01 09:20:00,1,0,Home,Kolkata,29,Female,3123.6,3.3,13707,60.51
3999,178,2024-11-07 13:53:00,1,1,Toys,Delhi,34,Male,9709.88,1.1,87511,19.2
4157,678,2024-05-23 04:49:00,1,0,Toys,Kolkata,40,Female,176.97,2.1,30928,84.36
1517,228,2024-01-14 21:01:00,0,0,Toys,Mumbai,28,Male,2604.24,3.0,32009,234.87
3194,763,2024-04-14 00:16:00,1,0,Toys,Mumbai,31,Male,4997.76,1.4,32447,279.61
2177,663,2024-09-08 08:01:00,0,1,Electronics,Mumbai,32,Male,1527.85,4.0,64554,163.84
1578,748,2024-05-02 22:16:00,1,0,Clothing,Chennai,49,Male,313.6,3.0,83319,110.08
3480,804,2024-08-07 09:13:00,1,0,Clothing,Chennai,54,Female,1221.04,4.2,27430,159.99
4873,807,2024-12-11 13:08:00,1,1,Toys,Mumbai,20,Female,5891.1,3.1,84269,191.13
4501,544,2024-09-29 08:44:00,1,0,Books,Mumbai,41,Male,2491.4,4.2,71296,202.94
2182,620,2024-07-28 11:35:00,0,0,Home,Delhi,25,Male,2788.15,4.9,71085,21.31
4912,471,2024-08-13 05:26:00,0,0,Clothing,Chennai,39,Male,6780.62,4.2,31044,103.22
2064,973,2024-08-06 19:09:00,1,0,Electronics,Delhi,37,Female,3755.53,4.7,77067,284.15
1109,847,2024-11-23 22:57:00,0,1,Books,Chennai,53,Female,7346.97,1.9,82335,188.22
4164,124,2024-11-04 12:03:00,1,0,Clothing,Chennai,42,Male,4791.46,4.6,73752,110.64
2667,470,2024-03-13 20:27:00,1,0,Books,Bangalore,20,Female,2653.37,3.8,41625,257.12
4629,507,2024-01-03 02:51:00,1,0,Books,Kolkata,58,Male,7077.68,3.5,37831,111.29
1884,158,2024-08-01 00:44:00,1,1,Home,Delhi,38,Female,7278.49,2.4,70752,81.61
1574,932,2024-05-18 18:40:00,1,0,Books,Kolkata,21,Male,7114.46,2.0,96042,143.49
1385,118,2024-01-04 15:48:00,1,0,Clothing,Mumbai,59,Male,5445.23,4.6,92625,45.21
4300,362,2024-10-11 20:18:00,0,0,Books,Delhi,48,Female,5238.86,1.3,48513,260.96
1188,908,2024-07-12 23:12:00,0,0,Home,Bangalore,50,Female,2342.34,1.3,14118,181.39
1331,985,2024-03-24 20:26:00,1,0,Electronics,Mumbai,34,Male,5328.23,1.8,26419,124.56
2501,734,2024-02-10 01:23:00,1,0,Clothing,Delhi,47,Male,9459.89,2.9,94709,232.44
4145,144,2024-05-05 02:25:00,0,0,Home,Kolkata,21,Female,9548.5,3.4,51097,100.38
3281,110,2024-04-16 21:25:00,1,0,Clothing,Bangalore,43,Male,6396.27,4.0,49512,222.18
1889,294,2024-03-31 02:18:00,1,0,Toys,Delhi,37,Male,2338.06,2.3,95998,148.98
3287,697,2024-02-29 19:50:00,1,0,Toys,Delhi,46,Male,4380.11,4.4,81246,101.94
3868,408,2024-03-23 00:14:00,1,1,Home,Bangalore,51,Female,1566.61,3.3,49625,191.61
1360,974,2024-08-30 23:08:00,0,0,Clothing,Delhi,54,Male,8518.16,1.5,33931,292.95
4308,224,2024-02-19 07:21:00,1,0,Clothing,Mumbai,23,Female,7488.6,1.3,63575,168.91
2413,987,2024-05-26 06:05:00,1,0,Home,Mumbai,44,Female,1580.0,3.8,42143,222.97
1362,751,2024-03-21 05:02:00,1,1,Toys,Kolkata,28,Male,5430.25,1.4,23627,295.11
2215,762,2024-04-01 18:29:00,1,1,Toys,Chennai,23,Female,2441.78,4.6,60057,140.13
2258,916,2024-04-02 01:42:00,1,0,Home,Kolkata,32,Male,1033.13,3.9,52955,294.2
1978,753,2024-09-03 18:08:00,1,0,Toys,Delhi,51,Male,7871.97,1.9,86478,258.35
1338,259,2024-06-15 20:12:00,1,0,Books,Mumbai,40,Male,8956.68,1.9,49301,109.01
2050,682,2024-11-25 13:40:00,0,0,Clothing,Kolkata,39,Female,9961.51,1.4,89502,268.93
4498,770,2024-06-10 18:36:00,1,0,Clothing,Bangalore,57,Female,7878.83,2.3,95916,154.62
4995,550,2024-07-30 06:26:00,1,0,Books,Delhi,36,Male,5583.84,4.2,61385,77.48
2161,680,2024-09-20 15:50:00,1,0,Books,Chennai,28,Male,8858.7,3.1,34309,173.87
1606,349,2024-03-31 05:44:00,0,0,Books,Kolkata,32,Female,4913.72,5.0,54110,285.97
2992,832,2024-09-30 22:52:00,0,0,Toys,Bangalore,21,Female,9050.65,4.5,97881,248.8
1680,309,2024-09-29 04:02:00,1,0,Toys,Kolkata,53,Female,3994.19,1.9,49162,286.3
2691,785,2024-08-24 19:41:00,1,0,Home,Bangalore,52,Male,6376.8,1.5,95899,291.19
2202,696,2024-11-15 06:13:00,0,0,Books,Delhi,26,Male,2739.34,4.1,11505,271.06
3522,416,2024-08-07 05:52:00,1,0,Toys,Bangalore,32,Female,7723.3,2.2,27527,183.14
1437,426,2024-04-18 21:56:00,1,1,Toys,Chennai,29,Female,1198.03,4.8,72980,28.86
4160,302,2024-07-13 10:38:00,1,0,Clothing,Kolkata,21,Male,9846.88,3.3,60555,271.45
4668,345,2024-08-16 04:57:00,1,0,Toys,Delhi,52,Male,2041.33,4.5,55320,36.24
1759,206,2024-09-25 16:27:00,0,1,Books,Chennai,39,Male,4266.58,2.3,81117,170.9
1649,770,2024-03-21 17:52:00,1,0,Home,Chennai,21,Male,8583.33,1.4,77638,104.92
1338,150,2024-04-15 15:28:00,0,1,Books,Chennai,43,Male,2497.38,4.8,89953,266.36
2072,770,2024-12-20 12:07:00,0,0,Toys,Chennai,57,Male,8831.95,4.2,71289,154.51
3164,974,2024-11-12 23:05:00,1,0,Electronics,Chennai,39,Female,2168.81,4.4,82676,201.93
2404,313,2024-05-01 05:34:00,0,0,Electronics,Kolkata,45,Male,7010.55,2.3,56955,169.62
2438,283,2024-11-10 20:06:00,1,0,Home,Delhi,48,Male,1787.47,1.1,12332,283.34
1794,807,2024-01-19 20:38:00,1,1,Clothing,Bangalore,55,Male,4201.41,2.9,85994,57.22
2903,397,2024-04-04 12:18:00,1,1,Electronics,Delhi,59,Female,6426.4,2.9,94876,52.06
1955,808,2024-12-28 22:24:00,0,0,Clothing,Delhi,30,Male,1796.34,1.3,72292,7.83
4025,969,2024-06-10 00:39:00,1,0,Toys,Mumbai,41,Male,9324.46,3.1,22436,11.72
1822,171,2024-11-15 02:09:00,1,0,Clothing,Chennai,23,Female,7075.84,2.3,11681,226.73
4907,608,2024-08-09 03:18:00,1,0,Books,Mumbai,37,Male,4387.21,3.7,63305,134.57
3544,161,2024-01-25 14:34:00,1,0,Electronics,Delhi,48,Male,6945.91,4.1,42039,294.01
4848,190,2024-07-09 17:49:00,1,0,Electronics,Delhi,35,Male,1018.57,2.9,91923,136.33
3414,723,2024-03-11 00:51:00,0,0,Home,Kolkata,21,Male,4998.62,4.0,37762,26.85
2096,205,2024-06-29 09:15:00,1,0,Electronics,Delhi,43,Male,4694.03,4.5,79990,156.78
3293,771,2024-12-15 19:45:00,1,0,Home,Delhi,48,Female,9298.4,1.9,98459,291.78
2896,982,2024-09-08 20:53:00,0,0,Toys,Delhi,54,Female,6898.11,1.6,29988,276.06
1369,832,2024-07-26 13:21:00,1,0,Home,Chennai,39,Female,4411.35,1.3,28197,250.46
3512,543,2024-04-16 02:50:00,0,0,Books,Mumbai,39,Female,2314.13,1.1,10492,106.78
4210,146,2024-06-22 21:03:00,1,0,Clothing,Bangalore,20,Male,5210.79,3.5,90215,136.52
3518,909,2024-11-24 16:09:00,1,1,Home,Kolkata,44,Male,5131.13,4.0,36992,196.06
1075,115,2024-04-16 14:22:00,1,1,Home,Chennai,54,Male,9994.94,1.4,61053,291.93
3978,841,2024-09-18 19:49:00,1,0,Books,Mumbai,55,Male,4383.01,3.6,92187,161.37
4194,277,2024-09-26 13:14:00,1,0,Electronics,Kolkata,41,Female,6505.44,1.9,55668,111.24
4907,430,2024-07-05 08:57:00,1,0,Toys,Bangalore,29,Female,3037.08,3.3,17010,37.61
3190,573,2024-06-24 06:44:00,1,0,Books,Mumbai,39,Female,2736.43,3.5,93242,251.63
2613,379,2024-09-27 18:23:00,1,0,Toys,Mumbai,44,Male,9114.95,3.2,47704,161.06
4047,628,2024-05-24 10:46:00,1,0,Home,Delhi,44,Male,2356.85,4.1,31377,128.55
1208,191,2024-03-18 08:30:00,1,0,Electronics,Kolkata,49,Female,7238.35,4.7,18314,78.37
3731,331,2024-07-30 23:06:00,1,0,Home,Delhi,49,Male,4785.45,3.7,46067,25.0
2885,613,2024-08-24 10:55:00,1,0,Clothing,Kolkata,18,Male,3818.9,3.5,30333,282.69
2935,986,2024-06-09 01:27:00,0,0,Clothing,Mumbai,47,Female,5735.6,4.7,54652,42.51
4537,909,2024-02-14 05:14:00,0,0,Clothing,Mumbai,59,Male,9495.34,4.9,97029,147.25
4880,538,2024-02-26 01:28:00,1,0,Electronics,Bangalore,42,Male,2642.29,4.3,85079,236.92
1669,405,2024-08-02 01:30:00,0,0,Electronics,Delhi,18,Female,2963.99,5.0,15058,258.5
2962,420,2024-06-17 16:22:00,1,0,Books,Kolkata,41,Female,6291.19,2.7,23418,178.82
1324,171,2024-10-24 22:23:00,1,1,Clothing,Kolkata,57,Female,3885.67,4.3,92049,146.96
1428,864,2024-07-30 20:24:00,1,1,Books,Kolkata,57,Female,5638.26,1.7,74763,185.92
4644,330,2024-01-09 20:47:00,0,0,Toys,Chennai,40,Female,3158.56,2.3,16402,262.49
4698,460,2024-09-22 03:08:00,1,0,Home,Kolkata,43,Male,8662.94,1.2,64194,121.54
3103,595,2024-04-29 00:26:00,0,0,Electronics,Chennai,30,Female,5106.17,2.3,31590,137.48
3265,581,2024-05-13 05:16:00,1,1,Clothing,Kolkata,47,Male,1687.17,2.8,70990,164.33
1855,768,2024-10-21 08:40:00,1,0,Books,Mumbai,57,Male,9777.54,4.6,75937,112.4
1685,675,2024-03-01 22:09:00,0,1,Books,Bangalore,46,Female,1026.58,4.2,12997,125.54
4503,212,2024-03-04 04:31:00,1,0,Toys,Kolkata,58,Female,8733.18,3.2,35780,127.71
2596,693,2024-04-10 15:05:00,1,1,Electronics,Bangalore,42,Male,298.45,4.2,63497,40.14
4766,137,2024-07-03 17:09:00,0,0,Toys,Chennai,28,Female,7087.09,1.6,39235,91.32
1000,252,2024-01-14 16:24:00,1,0,Toys,Kolkata,36,Female,2474.14,1.2,65810,243.33
1874,723,2024-03-26 01:11:00,1,0,Electronics,Bangalore,29,Female,1875.33,2.1,86726,266.54
4194,981,2024-08-10 20:35:00,1,0,Home,Kolkata,32,Male,305.0,2.7,62137,167.84
1541,617,2024-08-10 23:24:00,0,0,Toys,Bangalore,35,Male,8667.51,2.2,53895,259.46
3963,909,2024-05-07 14:55:00,1,0,Clothing,Bangalore,48,Male,255.85,1.9,86550,242.98
1311,769,2024-03-25 12:49:00,1,0,Toys,Delhi,20,Female,9554.34,3.7,93470,288.85
2643,509,2024-07-31 17:03:00,1,0,Home,Kolkata,57,Male,3430.59,4.0,37459,292.16
3883,176,2024-08-21 10:46:00,1,0,Books,Chennai,36,Male,6087.03,3.1,71361,294.63
3619,492,2024-09-30 05:01:00,1,1,Toys,Delhi,26,Male,7801.36,4.4,86270,295.52
3239,203,2024-12-02 00:13:00,1,0,Home,Delhi,29,Female,3306.62,3.0,42644,121.28
2631,909,2024-02-07 09:46:00,0,0,Books,Chennai,22,Male,3355.39,1.5,49618,137.71
2711,951,2024-12-25 14:25:00,1,0,Toys,Bangalore,22,Female,2632.86,3.5,38347,28.32
1314,841,2024-06-04 07:15:00,1,0,Home,Mumbai,36,Male,9473.64,4.5,88875,37.75
2959,255,2024-03-09 04:52:00,1,1,Toys,Chennai,33,Male,7303.22,1.1,81825,251.28
2785,293,2024-04-14 04:22:00,1,0,Electronics,Mumbai,48,Female,7797.64,4.4,93070,168.17
4795,444,2024-04-20 00:03:00,1,0,Electronics,Chennai,59,Male,6822.2,1.4,84571,182.67
1535,176,2024-04-09 17:57:00,1,1,Clothing,Chennai,34,Female,5873.03,1.5,43296,90.57
1611,903,2024-07-08 04:49:00,1,0,Books,Bangalore,31,Female,2265.67,1.2,80773,49.14
4525,499,2024-02-17 00:32:00,1,0,Books,Kolkata,35,Female,9520.96,3.9,16229,16.21
3383,257,2024-01-19 00:22:00,1,0,Electronics,Chennai,18,Female,3959.75,1.2,67064,33.67
4044,539,2024-09-16 19:21:00,1,0,Toys,Kolkata,18,Male,3600.09,4.5,68319,6.67
1027,855,2024-09-09 20:15:00,1,1,Home,Kolkata,36,Female,4597.95,3.2,34549,266.95
1810,263,2024-08-29 15:10:00,0,0,Toys,Kolkata,48,Female,2302.54,3.1,32414,39.93
4307,626,2024-07-26 20:57:00,1,1,Toys,Bangalore,26,Female,7676.15,2.9,80502,82.33
4427,763,2024-09-20 06:43:00,1,0,Home,Mumbai,32,Male,7255.73,1.8,30145,86.31
4382,803,2024-05-29 12:32:00,1,0,Home,Mumbai,39,Female,4376.91,1.5,14479,160.35
1411,468,2024-09-12 04:00:00,0,0,Books,Kolkata,37,Male,6525.07,1.2,71402,202.58
1844,139,2024-01-28 00:14:00,1,0,Electronics,Bangalore,40,Male,2712.65,4.4,47403,50.46
3042,603,2024-04-14 07:17:00,1,1,Electronics,Bangalore,50,Male,6346.51,2.2,72896,186.49
3628,181,2024-10-21 02:05:00,1,0,Home,Bangalore,35,Male,8704.06,5.0,10968,82.12
4817,435,2024-09-29 05:20:00,1,0,Clothing,Chennai,57,Female,9644.86,1.8,25896,73.89
4473,192,2024-04-08 23:08:00,1,0,Books,Mumbai,55,Female,8774.22,1.9,81130,131.73
2213,483,2024-05-28 05:41:00,1,0,Home,Mumbai,53,Male,7425.53,2.5,88775,59.44
1090,458,2024-03-15 01:33:00,1,0,Electronics,Bangalore,44,Male,8793.22,1.7,62191,270.59
3898,664,2024-08-12 08:39:00,0,0,Home,Mumbai,43,Female,5531.31,2.2,88085,122.2
3790,594,2024-01-17 17:05:00,1,1,Electronics,Mumbai,56,Female,366.43,1.0,63286,40.97
1290,110,2024-03-18 11:42:00,1,0,Home,Mumbai,47,Female,5707.83,1.5,78414,245.74
2697,470,2024-08-04 12:13:00,1,0,Electronics,Chennai,41,Male,839.35,4.6,53681,59.76
2181,526,2024-04-26 00:52:00,1,0,Electronics,Delhi,37,Male,8755.84,2.4,23559,191.68
2340,909,2024-11-24 10:13:00,1,0,Electronics,Bangalore,32,Male,8703.02,3.4,19301,52.7
3442,252,2024-06-22 17:56:00,1,0,Books,Bangalore,48,Male,941.24,2.3,18519,85.99
2321,528,2024-11-09 04:35:00,0,0,Toys,Delhi,33,Female,7674.97,4.0,56274,167.3
4443,377,2024-11-05 01:41:00,1,0,Home,Bangalore,51,Male,3436.98,4.5,51174,110.61
1200,290,2024-12-05 08:42:00,0,1,Home,Bangalore,50,Male,2722.97,4.7,82217,210.35
1103,775,2024-11-13 14:48:00,0,0,Clothing,Kolkata,36,Female,2465.78,1.5,52851,68.95
1092,962,2024-03-31 07:36:00,1,0,Clothing,Delhi,28,Male,6303.38,2.3,36855,267.99
2253,241,2024-09-15 13:44:00,0,0,Books,Bangalore,21,Female,8332.83,2.2,49556,54.28
3619,695,2024-12-18 10:33:00,1,0,Home,Kolkata,53,Male,6549.27,3.9,47601,215.22
4975,866,2024-07-16 01:34:00,1,1,Clothing,Kolkata,23,Male,2405.48,3.7,78566,244.69
4246,347,2024-08-28 13:27:00,0,0,Toys,Kolkata,59,Female,8998.86,4.0,33568,297.0
2218,591,2024-10-04 15:56:00,1,1,Clothing,Mumbai,31,Male,2215.29,2.7,55988,140.78
4852,358,2024-07-25 03:39:00,1,0,Home,Kolkata,22,Female,8607.8,1.2,25620,49.94
3661,615,2024-11-20 08:07:00,1,0,Electronics,Chennai,42,Male,4837.67,2.2,98442,71.2
3338,960,2024-10-19 05:45:00,1,0,Home,Bangalore,21,Female,9983.89,2.9,46858,256.21
4929,761,2024-05-03 18:45:00,1,0,Home,Mumbai,43,Female,3384.51,2.8,40498,154.55
3455,667,2024-08-07 10:45:00,1,0,Electronics,Bangalore,51,Female,3356.03,3.4,46790,66.27
2100,503,2024-10-26 03:31:00,1,0,Clothing,Delhi,32,Male,5155.39,2.7,22403,295.87
1579,474,2024-07-11 17:49:00,1,0,Electronics,Bangalore,21,Male,4883.19,3.7,73024,256.49
1069,341,2024-04-01 02:37:00,1,0,Electronics,Mumbai,57,Female,1026.77,2.2,87615,144.9
1394,292,2024-12-21 12:15:00,1,0,Books,Delhi,44,Female,6284.24,1.4,61011,277.57
1936,941,2024-11-23 10:14:00,1,1,Books,Kolkata,59,Female,7590.96,1.9,44025,197.19
3008,704,2024-12-15 23:08:00,1,0,Home,Kolkata,33,Male,6244.98,3.8,62730,259.57
3277,240,2024-08-08 14:58:00,1,1,Home,Delhi,35,Male,7611.26,1.2,75066,58.39
3493,817,2024-03-07 20:53:00,1,0,Clothing,Chennai,23,Male,6308.19,4.0,22287,191.87
1849,281,2024-11-03 06:18:00,1,0,Clothing,Delhi,54,Female,2950.08,2.6,19540,69.22
4882,581,2024-11-11 17:57:00,1,1,Toys,Mumbai,52,Female,966.71,1.7,72513,42.04
4537,121,2024-11-09 01:09:00,0,0,Home,Chennai,44,Female,4155.35,4.4,27833,16.83
2356,573,2024-12-04 20:45:00,1,1,Clothing,Bangalore,24,Male,7134.19,3.4,17956,36.13
2806,835,2024-11-27 15:44:00,0,1,Books,Bangalore,41,Male,7230.69,4.8,74801,57.7
3958,584,2024-09-28 12:31:00,1,0,Toys,Kolkata,25,Male,4972.33,1.6,19196,165.98
2810,245,2024-07-25 18:43:00,1,1,Home,Delhi,50,Female,5515.02,4.1,69521,190.69
3613,640,2024-11-13 19:41:00,0,1,Toys,Mumbai,26,Male,6513.79,4.1,16620,263.47
3839,995,2024-11-04 19:30:00,1,1,Home,Mumbai,56,Female,545.86,4.8,31930,162.09
1739,526,2024-04-10 16:19:00,1,0,Home,Chennai,30,Female,3196.1,1.7,37970,225.03
2524,219,2024-03-26 13:30:00,1,0,Clothing,Kolkata,56,Female,5005.11,5.0,84286,95.87
4447,299,2024-08-17 01:42:00,0,0,Electronics,Kolkata,52,Female,6335.21,3.0,35438,17.15
1252,879,2024-05-26 23:57:00,1,0,Clothing,Mumbai,51,Female,9370.87,3.1,74092,259.31
1259,806,2024-02-20 19:57:00,1,0,Books,Bangalore,19,Female,9004.51,3.5,21376,159.73
4090,264,2024-09-26 08:22:00,0,0,Home,Chennai,47,Female,2216.55,4.9,71182,178.17
2008,126,2024-01-22 10:59:00,1,0,Books,Kolkata,57,Female,8202.49,3.3,63169,199.39
1574,371,2024-07-23 13:25:00,1,0,Toys,Chennai,21,Female,443.3,1.6,75637,73.63
1992,954,2024-06-06 02:34:00,1,1,Electronics,Bangalore,29,Female,7931.45,1.3,88408,168.91
1468,425,2024-08-18 17:16:00,0,1,Books,Chennai,42,Male,8505.66,1.8,71846,78.59
4364,932,2024-02-10 20:22:00,0,0,Electronics,Chennai,52,Female,4829.21,4.4,77353,290.35
2967,677,2024-02-09 03:32:00,0,0,Books,Mumbai,58,Male,6117.46,3.2,72494,11.35
3511,268,2024-03-07 17:58:00,1,1,Electronics,Bangalore,40,Female,8166.46,1.2,44039,254.58
1274,942,2024-11-30 07:58:00,0,0,Home,Kolkata,29,Male,9089.18,1.9,86068,253.75
1135,242,2024-03-24 23:23:00,0,1,Clothing,Bangalore,21,Male,1017.15,2.8,38401,116.44
1338,491,2024-11-21 18:30:00,1,0,Clothing,Kolkata,41,Female,2243.73,4.2,24884,209.3
3048,577,2024-10-19 04:42:00,1,1,Books,Bangalore,31,Female,6707.1,1.2,36077,68.87
4419,955,2024-06-20 13:18:00,0,0,Clothing,Bangalore,21,Female,5685.61,2.3,37016,117.38
1602,957,2024-07-05 15:12:00,1,1,Electronics,Chennai,53,Female,5340.96,1.2,95894,8.82
2890,615,2024-12-14 18:40:00,1,0,Toys,Chennai,53,Female,208.08,4.1,18576,126.77
4208,503,2024-11-01 08:44:00,1,0,Clothing,Delhi,27,Female,9394.74,1.7,10110,147.07
4592,602,2024-01-13 01:55:00,1,0,Books,Kolkata,57,Female,7113.35,3.5,86652,243.71
1026,613,2024-12-17 09:50:00,0,0,Electronics,Delhi,52,Male,9115.69,4.1,55599,213.48
3611,878,2024-11-07 01:05:00,1,0,Electronics,Bangalore,34,Male,4642.53,4.1,81628,96.03
2022,284,2024-12-13 20:45:00,0,1,Books,Bangalore,35,Female,6962.99,4.9,65513,144.6
1401,686,2024-03-03 14:37:00,1,0,Home,Delhi,21,Female,998.69,2.8,93438,109.66
3524,203,2024-05-17 20:27:00,0,0,Clothing,Delhi,54,Female,368.03,2.1,66842,291.17
4105,996,2024-04-26 19:07:00,0,1,Home,Chennai,53,Male,8706.85,4.0,45019,155.78
1635,311,2024-11-03 18:21:00,1,0,Books,Delhi,48,Female,4147.98,4.4,69580,288.12
3486,356,2024-06-20 03:07:00,1,0,Books,Delhi,35,Male,1245.37,4.1,47951,260.29
3751,287,2024-09-30 00:17:00,1,0,Electronics,Chennai,19,Female,9420.36,5.0,90150,141.6
2991,326,2024-09-16 10:02:00,0,1,Clothing,Mumbai,28,Male,9189.12,2.1,99817,288.54
2095,779,2024-03-13 11:33:00,0,0,Clothing,Bangalore,40,Female,9180.85,3.7,21533,268.55
1227,645,2024-01-12 23:12:00,1,0,Books,Kolkata,40,Female,3025.02,1.3,91885,215.1
4331,156,2024-06-23 03:50:00,1,0,Toys,Chennai,25,Male,1531.37,3.9,91737,147.53
3822,950,2024-08-22 02:35:00,0,0,Home,Kolkata,46,Male,974.97,4.5,18668,56.41
4816,102,2024-04-04 01:34:00,0,0,Books,Kolkata,50,Male,5822.4,2.3,26994,172.65
3725,990,2024-02-20 01:19:00,0,0,Home,Bangalore,35,Female,5947.28,3.0,13947,284.73
3057,434,2024-10-02 03:45:00,0,0,Home,Chennai,46,Female,5454.19,4.0,10687,121.78
3697,300,2024-11-30 19:51:00,0,0,Books,Bangalore,49,Female,6114.37,2.4,24109,171.35
4551,787,2024-10-06 15:10:00,1,0,Clothing,Mumbai,43,Male,474.45,4.8,18433,149.79
1511,504,2024-09-20 18:25:00,0,0,Books,Delhi,30,Male,5152.42,4.3,33224,136.36
2737,391,2024-04-16 14:31:00,0,0,Toys,Mumbai,40,Female,2734.93,4.0,65653,245.43
3431,432,2024-11-14 14:44:00,1,0,Books,Kolkata,47,Female,5499.36,4.2,86828,128.95
1378,926,2024-08-07 17:28:00,1,0,Toys,Delhi,23,Male,1896.04,2.6,22229,103.95
2395,528,2024-12-12 10:24:00,0,0,Books,Bangalore,34,Male,3848.2,3.0,87312,90.02
2768,795,2024-11-04 20:43:00,1,0,Clothing,Bangalore,48,Male,1574.6,3.3,38530,169.3
3218,900,2024-02-27 20:42:00,0,0,Electronics,Chennai,36,Male,4861.13,4.1,56937,110.9
4112,528,2024-02-05 18:15:00,0,0,Books,Chennai,45,Male,2444.72,1.8,21256,133.88
2995,877,2024-11-01 23:35:00,1,1,Electronics,Mumbai,33,Male,7972.29,4.3,97877,40.01
2439,439,2024-12-09 21:47:00,0,1,Clothing,Kolkata,36,Female,5395.37,2.7,90814,158.26
4918,194,2024-02-20 23:35:00,1,1,Books,Delhi,51,Male,6561.41,3.5,60372,50.93
4987,936,2024-09-15 06:06:00,0,0,Home,Bangalore,55,Female,6681.0,2.6,63759,72.77
4042,548,2024-10-11 20:10:00,1,1,Electronics,Bangalore,29,Male,5826.22,1.2,73147,276.5
1104,169,2024-05-10 03:51:00,1,0,Clothing,Chennai,52,Male,5052.0,2.6,46966,14.6
4146,162,2024-04-11 04:59:00,1,0,Clothing,Delhi,19,Male,9959.51,3.2,56570,160.5
1438,857,2024-03-06 02:12:00,1,0,Electronics,Delhi,47,Male,8578.27,4.5,96798,157.34
4734,543,2024-05-12 02:07:00,1,0,Home,Chennai,57,Male,195.84,4.1,13507,160.57
4138,653,2024-02-12 18:52:00,1,0,Clothing,Mumbai,42,Female,4399.97,4.2,18151,293.4
1220,280,2024-11-19 16:59:00,1,1,Toys,Mumbai,58,Female,3347.24,4.8,40779,128.45
4745,317,2024-08-04 02:36:00,1,1,Toys,Kolkata,28,Male,511.34,2.5,91553,36.84
4152,685,2024-08-15 18:39:00,1,0,Electronics,Mumbai,56,Male,3063.48,5.0,12551,277.81
4245,130,2024-01-22 22:45:00,1,0,Clothing,Mumbai,31,Female,1327.56,2.5,70821,38.04
2626,810,2024-04-02 06:37:00,1,0,Toys,Mumbai,25,Female,6984.13,2.2,56123,60.75
4917,559,2024-01-15 21:16:00,1,0,Home,Mumbai,30,Male,8873.83,3.8,45230,144.68
4549,219,2024-03-08 20:24:00,0,0,Clothing,Chennai,18,Male,3401.92,3.0,60124,43.45
3351,890,2024-05-16 20:07:00,1,1,Toys,Kolkata,21,Female,7696.09,2.2,10507,231.81
1681,236,2024-04-30 20:07:00,1,1,Toys,Mumbai,31,Female,8468.1,4.8,83474,270.08
1213,721,2024-06-30 03:16:00,1,0,Books,Mumbai,49,Male,5430.19,3.4,35149,57.03
3216,865,2024-03-10 22:12:00,0,0,Books,Mumbai,57,Male,4761.87,1.3,23867,270.59
1775,540,2024-12-25 07:38:00,1,1,Toys,Delhi,38,Female,7534.47,1.6,64073,238.71
3296,102,2024-11-05 07:11:00,0,0,Home,Mumbai,49,Female,4915.94,3.0,42366,79.59
1668,709,2024-02-07 03:52:00,0,1,Home,Bangalore,52,Female,9666.53,4.2,36057,82.81
4485,548,2024-08-16 21:12:00,1,0,Home,Delhi,59,Male,9712.78,1.9,24390,286.99
3616,180,2024-10-21 10:58:00,1,0,Home,Delhi,18,Male,7409.3,3.2,20265,48.65
4451,295,2024-08-18 16:33:00,1,0,Toys,Delhi,26,Male,9483.0,1.7,58058,273.69
3883,544,2024-08-13 04:23:00,0,0,Toys,Delhi,53,Female,464.97,1.2,87931,67.07
4494,948,2024-06-26 04:09:00,1,0,Electronics,Mumbai,34,Male,359.84,1.4,82725,222.53
4096,587,2024-01-29 15:54:00,0,0,Books,Chennai,41,Male,8493.64,1.0,98340,232.34
3903,615,2024-10-03 19:26:00,1,0,Home,Bangalore,22,Female,8022.72,4.5,35344,89.07
2263,690,2024-08-30 16:58:00,0,1,Books,Delhi,39,Male,1610.43,2.9,14843,105.72
3064,781,2024-09-20 07:37:00,1,1,Electronics,Chennai,38,Male,4867.79,4.7,48336,39.91
2855,419,2024-05-25 18:55:00,1,0,Electronics,Chennai,25,Male,6883.08,1.9,14107,100.94
2548,477,2024-12-06 16:42:00,1,0,Toys,Chennai,30,Male,1224.69,4.1,55199,78.98
1475,434,2024-08-11 04:01:00,0,1,Clothing,Chennai,45,Male,1210.7,3.3,85967,42.09
2353,200,2024-10-14 12:33:00,1,0,Books,Chennai,39,Female,5287.7,3.5,45155,118.51
1433,556,2024-04-05 00:55:00,1,0,Toys,Mumbai,21,Male,7135.15,1.9,40415,21.45
4064,637,2024-06-27 13:40:00,1,1,Home,Mumbai,56,Female,2327.65,3.9,91296,286.51
4964,556,2024-12-08 05:39:00,1,1,Clothing,Kolkata,34,Female,1214.22,3.0,61403,195.06
2574,585,2024-12-02 11:46:00,1,0,Electronics,Mumbai,22,Female,9128.77,5.0,82395,91.33
1494,289,2024-10-13 09:36:00,1,0,Electronics,Delhi,40,Female,1081.01,2.3,93167,285.53
4243,180,2024-09-17 19:50:00,1,1,Books,Kolkata,58,Male,5799.68,3.0,43097,204.25
1710,518,2024-08-17 00:32:00,1,0,Toys,Delhi,44,Male,6233.63,2.7,59330,86.25
1451,236,2024-03-15 19:44:00,0,0,Toys,Bangalore,51,Female,5255.23,1.4,49868,294.63
3407,357,2024-10-25 22:29:00,0,0,Home,Kolkata,23,Female,3452.94,3.3,93750,255.68
3680,272,2024-08-18 11:15:00,1,1,Books,Kolkata,59,Female,4274.74,2.3,90815,259.34
2427,513,2024-04-22 21:27:00,0,0,Home,Chennai,57,Male,7815.31,4.7,23683,239.48
1065,175,2024-03-20 08:10:00,1,0,Electronics,Mumbai,40,Female,5335.51,1.4,24557,192.04
2982,506,2024-09-28 14:49:00,0,0,Books,Mumbai,23,Male,8429.95,2.4,25584,12.3
4483,877,2024-12-15 17:06:00,1,0,Books,Kolkata,33,Male,6975.05,1.1,99902,212.83
4803,633,2024-07-21 07:23:00,1,0,Home,Chennai,33,Female,5654.83,2.2,63660,5.78
2611,355,2024-11-08 18:40:00,0,0,Books,Kolkata,45,Female,980.72,1.7,97270,89.51
1346,237,2024-08-13 22:38:00,1,0,Electronics,Bangalore,49,Male,2908.5,3.2,49203,220.25
1486,183,2024-04-19 16:20:00,1,0,Toys,Chennai,28,Female,8158.29,3.2,93357,297.18
1086,113,2024-09-10 18:39:00,1,0,Clothing,Chennai,29,Male,5460.83,2.6,39806,235.18
2446,876,2024-06-16 09:37:00,1,0,Books,Kolkata,27,Male,4566.88,4.6,97138,243.88
2260,385,2024-06-13 07:05:00,1,0,Clothing,Kolkata,50,Female,9318.86,3.9,86862,272.05
4867,205,2024-10-20 13:12:00,1,0,Electronics,Kolkata,51,Female,8454.84,1.5,23978,269.41
1362,653,2024-07-30 05:03:00,0,1,Toys,Kolkata,52,Female,1880.77,4.5,58235,30.06
2814,221,2024-03-24 07:18:00,0,0,Toys,Delhi,19,Male,2826.38,4.1,40192,284.22
1375,855,2024-08-19 18:55:00,1,1,Books,Mumbai,52,Male,9708.41,2.2,62300,272.77
2034,687,2024-05-01 09:04:00,1,0,Clothing,Chennai,58,Male,5279.65,3.4,42430,134.56
4003,171,2024-05-15 06:27:00,0,1,Clothing,Kolkata,19,Female,7636.79,1.9,22626,286.26
3194,795,2024-09-14 01:07:00,0,1,Books,Bangalore,33,Female,3945.02,3.1,45077,156.84
2959,997,2024-10-16 11:45:00,0,0,Books,Kolkata,43,Male,5674.61,3.7,47961,276.71
4396,668,2024-10-04 05:51:00,1,0,Toys,Mumbai,49,Male,8694.62,4.5,65820,215.66
4985,840,2024-10-11 01:13:00,1,1,Toys,Bangalore,30,Female,4806.94,4.5,71527,178.99
2846,635,2024-08-23 10:44:00,0,0,Electronics,Bangalore,32,Male,7405.74,3.7,16679,144.31
3575,236,2024-07-31 03:43:00,1,1,Clothing,Mumbai,30,Male,3679.13,2.8,81899,198.78
4963,584,2024-06-13 08:34:00,1,0,Home,Kolkata,44,Female,7286.64,3.9,67684,157.94
4749,153,2024-01-31 00:19:00,1,0,Clothing,Kolkata,48,Female,6557.61,1.5,39181,85.19
3932,102,2024-02-23 10:46:00,1,0,Books,Kolkata,55,Male,3326.61,2.6,21011,155.38
2599,619,2024-01-13 13:26:00,0,0,Electronics,Mumbai,31,Male,4522.9,2.9,31869,135.53
4496,385,2024-07-23 03:15:00,1,0,Home,Mumbai,43,Female,1696.11,2.3,54231,127.65
3636,141,2024-05-07 20:10:00,1,0,Toys,Delhi,30,Female,3600.1,1.6,59042,31.31
1924,383,2024-05-31 08:39:00,1,0,Electronics,Kolkata,55,Female,7661.16,2.3,64660,159.8
4545,674,2024-12-04 21:41:00,0,1,Books,Chennai,18,Male,8462.31,4.5,13054,216.12
1979,376,2024-09-13 16:05:00,0,0,Electronics,Mumbai,55,Male,415.9,3.0,78181,85.19
3783,549,2024-10-19 14:44:00,1,0,Clothing,Mumbai,44,Female,2568.74,3.9,52850,274.83
3829,322,2024-11-20 06:27:00,0,0,Books,Mumbai,32,Female,2538.16,4.2,48133,230.71
3557,860,2024-04-05 11:52:00,0,0,Clothing,Chennai,49,Female,3238.57,3.2,56437,289.27
2144,542,2024-08-09 17:39:00,1,0,Books,Chennai,54,Male,9038.14,2.8,89558,84.16
2443,589,2024-04-30 11:31:00,1,0,Home,Mumbai,30,Male,152.19,2.9,38370,214.91
4995,416,2024-06-22 00:52:00,1,0,Electronics,Delhi,23,Male,2260.36,5.0,77908,170.61
2275,767,2024-06-20 00:10:00,0,1,Clothing,Delhi,23,Male,2941.95,4.5,18319,274.16
1583,255,2024-03-30 19:20:00,1,0,Electronics,Chennai,58,Female,1365.14,3.6,38993,21.96
4294,910,2024-09-19 18:22:00,1,0,Home,Delhi,41,Female,7175.14,2.3,68276,273.84
2271,446,2024-10-23 00:21:00,1,0,Books,Kolkata,36,Female,165.68,2.8,80051,266.43
1243,745,2024-01-09 15:53:00,1,0,Toys,Kolkata,27,Male,3351.57,1.2,51050,86.34
4170,121,2024-04-18 19:33:00,0,0,Clothing,Chennai,34,Male,9162.08,3.6,52866,293.5
3013,569,2024-01-22 09:01:00,0,0,Clothing,Mumbai,29,Female,8422.62,4.8,96202,5.72
4635,248,2024-01-22 21:44:00,1,0,Electronics,Bangalore,41,Male,4116.87,2.7,27291,260.52
3407,812,2024-11-19 04:18:00,0,0,Toys,Chennai,23,Male,8517.29,1.4,64063,266.41
1847,906,2024-06-06 11:48:00,0,0,Clothing,Mumbai,19,Male,467.97,1.5,33548,277.28
1921,583,2024-01-29 03:29:00,0,0,Toys,Kolkata,48,Male,993.8,3.7,13917,66.15
1026,756,2024-01-23 15:58:00,1,1,Books,Mumbai,43,Female,2834.7,4.2,88425,285.92
2369,557,2024-09-22 12:30:00,1,0,Clothing,Bangalore,46,Female,8104.27,1.9,67681,214.12
1610,798,2024-08-01 08:50:00,0,0,Books,Mumbai,58,Female,9188.21,4.2,87671,27.11
3907,814,2024-06-10 07:28:00,0,0,Home,Mumbai,33,Female,4832.27,2.3,31457,73.81
3577,778,2024-02-19 23:55:00,1,0,Clothing,Kolkata,41,Male,4665.74,1.6,42211,20.98
4252,979,2024-04-12 19:38:00,1,0,Electronics,Bangalore,42,Female,7111.33,1.8,84385,261.87
3329,227,2024-02-09 13:04:00,0,0,Toys,Chennai,59,Female,7606.0,2.3,94003,6.99
4528,646,2024-12-17 05:06:00,0,0,Home,Chennai,21,Female,3764.2,4.9,46878,182.22
3404,852,2024-09-24 02:39:00,1,0,Books,Mumbai,33,Male,8007.81,3.5,48418,268.93
3457,935,2024-07-27 06:34:00,0,0,Clothing,Kolkata,42,Male,5631.39,3.7,16717,35.23
2792,108,2024-03-30 13:09:00,1,0,Clothing,Bangalore,52,Male,1294.34,2.8,84575,197.84
1249,236,2024-12-19 19:08:00,1,0,Electronics,Kolkata,31,Female,8943.29,2.9,96213,258.85
1148,377,2024-11-01 11:48:00,1,0,Electronics,Delhi,33,Male,1824.87,1.5,88080,198.06
3993,688,2024-06-14 09:49:00,1,1,Books,Delhi,45,Female,7132.36,2.5,99294,194.77
4696,731,2024-04-23 01:00:00,1,0,Books,Bangalore,55,Male,4658.13,1.5,77537,63.44
1121,390,2024-05-20 01:09:00,1,0,Books,Kolkata,24,Male,9151.91,3.5,86319,124.12
4100,917,2024-12-27 20:38:00,0,1,Electronics,Delhi,40,Male,2556.44,1.3,49588,133.4
2330,314,2024-10-31 07:20:00,1,0,Books,Bangalore,44,Male,5829.64,4.6,90046,18.75
2364,292,2024-08-16 14:03:00,1,0,Books,Chennai,22,Female,7851.21,4.2,83770,180.83
3049,949,2024-10-08 08:51:00,1,0,Books,Mumbai,25,Female,6950.43,4.0,44786,130.97
2912,287,2024-02-24 12:56:00,1,0,Toys,Chennai,21,Female,8278.55,2.9,31645,142.9
3747,486,2024-03-27 07:29:00,1,1,Toys,Mumbai,58,Male,2829.02,3.1,17798,105.77
4441,662,2024-04-20 06:38:00,1,0,Books,Bangalore,46,Female,9949.8,2.7,84978,251.65
4759,215,2024-02-22 09:43:00,1,0,Toys,Mumbai,46,Male,1956.14,3.3,99774,122.8
2471,324,2024-06-06 02:33:00,1,0,Home,Delhi,28,Male,6683.82,2.4,70552,14.41
4480,708,2024-07-24 08:37:00,1,0,Books,Bangalore,31,Female,5877.3,2.9,19300,171.75
1019,308,2024-09-23 18:04:00,1,0,Books,Bangalore,43,Female,1277.53,4.4,54909,230.68
1328,722,2024-01-16 20:21:00,1,0,Books,Bangalore,52,Female,4021.06,1.0,77691,17.99
1141,425,2024-12-07 22:48:00,1,0,Home,Kolkata,49,Female,2413.55,4.9,21475,76.28
1771,406,2024-04-30 19:12:00,1,0,Toys,Bangalore,38,Female,4218.17,2.5,70642,81.69
4230,963,2024-12-02 15:28:00,1,0,Home,Delhi,29,Female,5416.67,1.8,17934,161.86
3001,706,2024-12-26 07:16:00,0,0,Home,Chennai,55,Female,7777.61,2.9,81491,49.53
3230,528,2024-07-20 06:32:00,0,0,Toys,Kolkata,44,Female,9578.14,1.7,34061,74.77
3088,448,2024-02-01 10:22:00,1,1,Electronics,Kolkata,53,Female,5555.04,4.0,77645,287.7
3668,344,2024-02-03 11:02:00,1,0,Electronics,Kolkata,51,Female,4847.55,2.5,67549,182.69
1899,605,2024-02-02 01:36:00,1,0,Books,Chennai,24,Male,2183.34,3.5,13910,24.47
2065,361,2024-02-19 12:03:00,1,1,Books,Delhi,26,Female,1782.71,1.6,96552,162.28
4134,162,2024-05-30 09:05:00,1,0,Toys,Bangalore,23,Male,8669.97,2.3,39370,299.25
2022,542,2024-02-17 18:46:00,0,0,Toys,Kolkata,43,Female,5643.04,4.8,61049,248.4
1060,390,2024-07-11 20:45:00,1,0,Books,Kolkata,52,Female,1291.91,1.1,92736,111.13
2206,701,2024-09-01 18:28:00,0,0,Toys,Chennai,55,Male,1747.89,2.3,95792,283.1
2033,514,2024-01-08 19:24:00,0,0,Clothing,Bangalore,25,Female,4995.47,2.9,43669,93.72
2676,284,2024-08-02 06:42:00,1,0,Toys,Bangalore,19,Male,8424.38,3.3,78567,262.61
4745,265,2024-11-17 10:23:00,0,0,Electronics,Delhi,33,Female,9357.18,4.8,41888,281.81
2761,713,2024-02-08 19:40:00,1,0,Electronics,Kolkata,30,Male,2905.69,4.6,86147,243.1
4213,154,2024-10-30 12:49:00,1,0,Electronics,Delhi,46,Male,9803.7,1.4,98473,242.31
2751,527,2024-07-14 08:42:00,1,1,Toys,Kolkata,41,Male,339.44,4.6,66189,87.38
1384,159,2024-07-30 06:46:00,1,0,Clothing,Kolkata,56,Male,2274.38,3.4,48772,195.44
4648,672,2024-02-05 23:47:00,1,1,Books,Bangalore,26,Male,3280.79,3.6,27579,275.59
2510,541,2024-05-15 17:18:00,0,0,Home,Kolkata,59,Male,7314.19,4.5,97473,92.81
1923,890,2024-10-27 10:00:00,0,0,Home,Chennai,31,Male,212.44,3.8,81389,241.85
3743,723,2024-07-15 11:03:00,0,0,Clothing,Mumbai,45,Female,486.04,3.0,71646,70.46
4517,752,2024-11-17 15:50:00,1,0,Books,Chennai,42,Female,5500.31,3.5,37455,187.37
4413,229,2024-05-27 23:19:00,1,0,Home,Bangalore,33,Female,5620.12,3.7,84845,262.43
4518,477,2024-03-05 09:02:00,1,0,Clothing,Bangalore,23,Female,4809.43,2.3,20687,188.1
2324,768,2024-12-22 06:36:00,1,0,Home,Delhi,55,Female,3234.35,2.2,39626,178.75
2254,972,2024-11-01 05:19:00,1,0,Home,Delhi,55,Female,179.32,4.1,83881,149.47
1606,908,2024-09-03 18:44:00,1,0,Toys,Bangalore,35,Female,4390.67,2.2,56666,218.07
4414,643,2024-11-23 00:27:00,0,0,Toys,Chennai,37,Female,807.72,1.6,79470,57.19
3977,660,2024-06-30 03:38:00,1,0,Toys,Mumbai,18,Female,7538.14,1.1,47042,157.76
1568,115,2024-06-23 13:28:00,1,0,Electronics,Chennai,41,Male,5394.23,4.1,54651,14.29
4490,713,2024-04-30 01:21:00,1,0,Books,Delhi,24,Female,8166.65,1.5,75986,140.14
2156,866,2024-02-14 08:20:00,1,0,Home,Delhi,40,Male,6642.75,4.8,70412,136.96
2782,827,2024-05-28 15:44:00,1,0,Electronics,Mumbai,49,Male,299.14,4.0,14376,51.48
3628,245,2024-11-23 13:59:00,1,1,Electronics,Kolkata,56,Male,4442.4,2.4,63056,195.37
4533,199,2024-04-30 11:40:00,1,0,Clothing,Mumbai,55,Female,7901.96,3.0,40630,37.46
2536,432,2024-06-09 21:47:00,1,0,Home,Bangalore,29,Male,6080.68,3.6,19688,153.11
1281,182,2024-10-10 11:08:00,0,1,Electronics,Bangalore,35,Female,4194.63,3.2,38224,214.75
4432,876,2024-03-16 00:03:00,1,1,Electronics,Mumbai,52,Male,1622.88,1.1,24354,79.96
3898,432,2024-07-14 04:13:00,0,0,Home,Mumbai,45,Male,5575.02,3.3,98240,146.4
3878,844,2024-07-15 07:07:00,1,0,Toys,Delhi,24,Female,3019.03,3.9,75754,234.32
2544,544,2024-02-12 22:21:00,1,0,Books,Kolkata,56,Male,5085.89,4.1,71198,279.47
1868,392,2024-11-16 21:39:00,1,1,Electronics,Kolkata,32,Female,9955.84,2.2,16718,99.42
2163,267,2024-06-05 02:52:00,1,0,Home,Kolkata,52,Male,175.66,3.4,93462,35.94
3809,336,2024-07-22 23:04:00,0,0,Books,Chennai,34,Male,7946.73,1.7,33481,281.2
1304,543,2024-11-28 08:58:00,0,0,Clothing,Bangalore,33,Male,7626.06,3.5,93899,286.42
3171,645,2024-07-06 20:26:00,0,0,Clothing,Chennai,31,Female,2477.84,3.8,83842,166.89
3450,248,2024-12-08 06:11:00,1,1,Clothing,Bangalore,48,Female,5438.89,4.6,80457,102.66
2199,579,2024-03-29 10:44:00,0,0,Clothing,Kolkata,20,Female,9008.35,4.2,40354,89.24
1873,633,2024-12-13 19:48:00,1,0,Toys,Bangalore,34,Female,7347.51,4.9,92870,126.77
2482,536,2024-11-28 22:23:00,0,1,Books,Kolkata,59,Male,4590.56,2.3,36398,66.51
1665,779,2024-09-04 02:45:00,1,0,Books,Kolkata,23,Female,8588.62,4.3,39517,238.88
2406,566,2024-09-21 00:42:00,1,0,Electronics,Kolkata,48,Male,7632.37,2.7,94396,145.38
4065,926,2024-02-21 18:06:00,1,0,Home,Mumbai,34,Female,1331.68,1.2,54518,91.46
4703,361,2024-04-29 05:52:00,1,0,Clothing,Delhi,55,Female,8378.38,1.4,33927,57.35
3420,370,2024-05-14 04:35:00,1,1,Electronics,Kolkata,50,Female,3502.2,4.7,70126,262.68
1952,596,2024-08-01 19:17:00,1,0,Electronics,Chennai,32,Female,7016.28,3.5,31341,119.74
1443,277,2024-10-20 12:53:00,1,0,Toys,Chennai,43,Female,5689.48,4.2,46835,235.12
4332,645,2024-07-20 10:18:00,1,0,Toys,Mumbai,55,Male,315.46,4.2,66643,79.92
4894,632,2024-08-21 12:32:00,1,0,Electronics,Kolkata,20,Male,5453.37,3.6,46657,85.92
3036,401,2024-09-23 20:09:00,1,0,Books,Bangalore,28,Female,9250.61,3.1,97346,159.67
3984,486,2024-09-03 01:48:00,0,0,Electronics,Chennai,35,Male,4353.98,3.4,49526,33.79
1128,523,2024-01-01 22:35:00,1,0,Books,Mumbai,42,Male,6492.84,4.9,89440,127.27
2241,750,2024-08-10 00:58:00,1,0,Clothing,Kolkata,39,Male,2913.34,1.5,43017,274.51
1832,786,2024-03-08 02:17:00,1,1,Books,Chennai,38,Female,8892.72,2.0,18035,96.6
2963,109,2024-10-26 03:34:00,1,0,Books,Mumbai,42,Female,1226.37,1.6,95500,292.98
4579,293,2024-07-06 10:21:00,1,0,Books,Delhi,25,Male,5853.13,3.1,32905,113.69
4958,905,2024-01-01 18:33:00,1,0,Electronics,Kolkata,53,Male,489.73,2.3,69719,140.82
2590,897,2024-05-05 18:43:00,1,0,Toys,Delhi,25,Male,5574.31,1.2,33830,208.61
2209,728,2024-02-18 07:05:00,1,1,Home,Delhi,24,Male,1480.7,4.4,39660,234.29
4131,107,2024-05-30 11:57:00,1,1,Toys,Chennai,52,Male,1549.34,3.3,90588,77.96
4560,514,2024-02-03 15:32:00,1,0,Clothing,Kolkata,34,Male,4401.88,4.4,46829,255.72
4401,164,2024-07-11 05:34:00,1,1,Toys,Bangalore,31,Male,4357.87,3.6,91225,235.02
1658,471,2024-12-11 13:06:00,0,1,Clothing,Bangalore,49,Female,9310.88,1.5,84385,270.87
4709,872,2024-03-20 21:55:00,1,0,Books,Chennai,54,Female,4907.31,4.0,39898,119.33
1356,168,2024-07-01 07:24:00,1,1,Books,Chennai,50,Female,7349.12,3.2,75265,5.82
2412,191,2024-05-09 14:21:00,1,0,Clothing,Delhi,40,Female,5342.75,1.8,37533,247.37
4762,915,2024-07-17 02:10:00,1,0,Books,Kolkata,56,Male,8132.8,4.5,92715,60.7
2328,663,2024-12-07 09:49:00,0,0,Home,Delhi,18,Male,1324.06,3.6,59928,70.02
4057,168,2024-11-18 02:07:00,1,0,Electronics,Kolkata,23,Female,9794.53,2.1,87616,86.25
2266,308,2024-05-26 22:06:00,1,0,Electronics,Chennai,44,Female,8048.8,2.6,68204,46.49
2457,306,2024-05-21 05:27:00,0,0,Home,Kolkata,47,Male,1108.55,2.1,34474,189.24
1786,718,2024-12-11 03:03:00,0,0,Books,Kolkata,46,Male,4412.26,2.4,54582,285.63
3225,689,2024-02-26 15:28:00,1,1,Home,Kolkata,29,Male,1544.52,1.3,99787,272.78
3762,189,2024-08-27 06:41:00,0,0,Home,Chennai,51,Male,4946.06,2.9,21586,200.46
1705,864,2024-07-15 01:54:00,1,1,Books,Kolkata,37,Female,7630.74,3.1,40381,105.87
3462,881,2024-01-08 00:52:00,1,0,Home,Mumbai,40,Female,2192.78,3.6,89927,66.41
2827,620,2024-09-27 08:01:00,0,0,Home,Bangalore,48,Female,3563.29,3.4,29403,175.94
1329,759,2024-05-28 04:20:00,1,0,Home,Bangalore,40,Male,4755.5,4.9,81619,127.81
3140,496,2024-12-02 04:39:00,1,0,Clothing,Kolkata,43,Female,7948.91,4.4,98766,84.77
1126,608,2024-06-21 21:17:00,0,1,Clothing,Bangalore,41,Female,1630.61,1.9,64236,19.0
4152,392,2024-08-23 08:29:00,1,1,Electronics,Kolkata,45,Male,6269.32,1.5,32594,155.72
3649,597,2024-08-02 17:21:00,0,0,Home,Mumbai,34,Female,7697.83,2.2,34447,260.65
2230,600,2024-12-28 04:55:00,1,0,Clothing,Kolkata,24,Female,9130.93,3.0,66545,61.28
3003,537,2024-07-19 06:04:00,0,0,Books,Chennai,37,Male,6556.11,2.1,37637,107.32
3487,635,2024-08-15 06:18:00,0,0,Clothing,Kolkata,34,Female,5858.95,4.3,54444,134.77
4931,746,2024-02-26 13:00:00,1,0,Clothing,Bangalore,58,Female,2227.18,3.9,76892,278.6
4470,894,2024-08-31 06:02:00,1,0,Clothing,Chennai,24,Male,713.23,3.9,82319,189.86
1689,250,2024-02-03 03:32:00,1,0,Home,Chennai,29,Male,7725.36,3.8,82969,271.45
3922,291,2024-05-25 06:44:00,0,0,Books,Delhi,31,Female,6852.06,2.9,33414,30.83
1876,933,2024-09-24 00:22:00,1,0,Books,Kolkata,43,Male,3465.53,1.3,23326,156.62
4542,752,2024-10-10 04:41:00,1,0,Toys,Kolkata,33,Male,6747.8,1.4,17535,148.81
2761,972,2024-04-14 20:42:00,1,0,Toys,Kolkata,47,Male,2484.15,1.9,15544,152.89
2800,238,2024-06-20 20:41:00,1,0,Books,Mumbai,33,Female,3809.43,3.3,61011,177.84
4200,868,2024-01-02 23:02:00,1,0,Electronics,Delhi,51,Male,2348.48,4.1,41784,196.73
3544,165,2024-12-27 15:51:00,1,0,Clothing,Mumbai,37,Male,1985.67,4.4,42685,43.76
4609,327,2024-08-15 19:39:00,0,0,Books,Mumbai,18,Male,7775.75,3.3,42376,112.54
1738,698,2024-09-07 19:27:00,1,0,Books,Chennai,21,Female,2486.52,1.7,34317,96.99
2465,379,2024-02-27 02:41:00,0,1,Toys,Mumbai,20,Male,5503.94,1.2,17179,202.95
3375,643,2024-01-19 10:28:00,1,0,Clothing,Chennai,59,Female,1337.77,1.9,54468,148.33
4428,717,2024-03-24 11:00:00,0,0,Home,Kolkata,42,Male,902.29,2.1,74919,65.99
4323,495,2024-10-27 07:24:00,1,0,Books,Kolkata,31,Female,9971.56,2.1,91567,242.33
4188,969,2024-08-19 04:55:00,1,1,Books,Chennai,52,Female,5158.41,3.0,26444,104.46
4729,642,2024-03-17 21:20:00,1,0,Toys,Chennai,46,Male,6020.87,2.0,95117,103.11
4127,398,2024-12-14 00:03:00,0,0,Books,Bangalore,49,Male,9019.13,3.5,45101,163.49
4587,769,2024-12-20 00:45:00,1,0,Toys,Kolkata,50,Female,8112.14,4.4,44661,292.55
3078,573,2024-07-22 05:41:00,1,0,Books,Mumbai,39,Male,9960.15,1.3,98614,142.93
2530,733,2024-07-31 05:53:00,0,0,Toys,Chennai,30,Male,9401.02,4.9,21195,172.06
1625,936,2024-07-04 11:05:00,1,0,Clothing,Mumbai,23,Male,7769.09,3.2,14370,49.73
3415,781,2024-10-30 18:57:00,1,0,Clothing,Mumbai,56,Male,3847.83,4.0,39712,280.49
2266,387,2024-12-03 01:07:00,1,1,Home,Chennai,23,Female,2070.78,4.5,69421,112.98
1615,154,2024-08-29 14:47:00,0,0,Home,Mumbai,47,Female,1629.06,3.4,61148,71.52
4014,481,2024-06-24 06:23:00,0,0,Clothing,Chennai,22,Male,4595.3,3.7,91491,6.12
3350,228,2024-06-28 15:45:00,0,0,Home,Mumbai,23,Male,8544.7,2.6,56220,103.53
2859,366,2024-01-01 22:54:00,1,0,Electronics,Chennai,34,Female,250.11,3.4,76389,116.5
3615,814,2024-03-25 09:18:00,0,0,Electronics,Chennai,37,Female,8178.65,4.0,13733,155.41
1294,674,2024-11-05 15:39:00,0,1,Books,Mumbai,54,Male,3543.47,3.9,35382,26.4
4251,395,2024-09-22 01:58:00,1,0,Clothing,Chennai,42,Male,5885.42,2.3,30683,251.92
3866,737,2024-08-27 16:50:00,0,0,Electronics,Chennai,24,Male,4343.32,4.9,41632,112.37
1256,952,2024-01-31 15:43:00,1,0,Clothing,Kolkata,53,Male,769.22,1.8,68412,36.09
1422,668,2024-01-16 19:23:00,1,1,Home,Mumbai,45,Female,7265.54,1.6,53424,193.02
4023,395,2024-08-08 21:33:00,1,0,Electronics,Chennai,32,Female,2111.91,1.5,34269,108.28
4882,610,2024-08-12 04:11:00,0,0,Electronics,Chennai,25,Female,7260.24,4.2,50556,102.12
1531,449,2024-11-05 14:01:00,1,0,Toys,Chennai,18,Female,8748.97,4.0,91544,59.05
4091,176,2024-10-03 09:51:00,1,0,Home,Mumbai,28,Female,2375.68,1.5,72576,156.47
3146,804,2024-10-06 06:28:00,1,1,Home,Kolkata,44,Male,4523.83,3.7,52076,136.1
3291,865,2024-07-13 11:54:00,1,1,Toys,Delhi,55,Male,4915.06,4.5,71881,200.72
2044,625,2024-01-01 22:16:00,0,0,Clothing,Chennai,55,Female,4330.8,4.5,79936,69.26
2104,451,2024-12-24 13:09:00,0,0,Toys,Bangalore,53,Female,2438.15,4.9,44269,131.65
3298,645,2024-01-14 16:08:00,1,0,Clothing,Bangalore,19,Female,1507.79,3.7,29615,281.24
2948,680,2024-06-21 19:32:00,0,0,Books,Mumbai,35,Female,3514.76,1.2,76526,220.91
4472,962,2024-10-06 03:59:00,1,0,Electronics,Chennai,49,Male,2870.35,3.4,36859,14.78
4573,463,2024-03-28 02:18:00,1,0,Books,Delhi,42,Female,4398.09,4.0,78951,25.7
3456,810,2024-07-13 22:55:00,0,0,Books,Delhi,53,Female,3045.52,4.2,93819,148.26
3373,462,2024-01-16 12:48:00,1,0,Toys,Mumbai,52,Female,6781.99,4.3,38002,160.82
3678,321,2024-09-02 04:17:00,0,0,Toys,Chennai,25,Female,2121.88,2.3,11170,214.8
4075,563,2024-01-04 15:11:00,1,0,Electronics,Delhi,51,Male,2835.83,4.8,71768,147.02
3151,742,2024-12-20 22:22:00,1,0,Toys,Chennai,35,Female,1173.91,1.7,41714,225.76
2655,948,2024-05-15 12:36:00,1,0,Home,Delhi,19,Male,6846.6,4.9,16874,32.94
2104,685,2024-03-25 15:42:00,0,0,Clothing,Kolkata,27,Female,1080.47,2.1,13535,288.44
4518,243,2024-09-02 09:20:00,1,1,Toys,Kolkata,58,Female,6024.11,2.6,55108,96.24
1439,878,2024-05-28 13:17:00,1,0,Clothing,Mumbai,34,Female,3686.39,4.6,69818,47.8
1329,579,2024-09-09 02:41:00,1,1,Electronics,Mumbai,25,Female,4908.04,3.4,22873,27.85
3847,345,2024-03-28 00:28:00,0,0,Toys,Delhi,39,Male,1428.24,1.8,67982,214.18
4018,719,2024-05-22 09:06:00,0,0,Clothing,Kolkata,46,Female,4065.91,3.9,77094,16.27
3323,549,2024-09-20 08:09:00,1,0,Toys,Kolkata,48,Male,3754.87,1.2,74965,31.67
3638,152,2024-02-02 22:03:00,1,1,Electronics,Mumbai,59,Male,1356.43,4.4,46464,241.2
4559,396,2024-04-30 01:00:00,1,1,Clothing,Kolkata,26,Male,1258.78,3.9,75114,84.9
3834,777,2024-06-10 12:04:00,1,0,Books,Chennai,26,Female,2146.95,3.7,35892,229.99
3060,283,2024-10-19 10:56:00,0,0,Electronics,Delhi,43,Male,2239.83,4.1,90060,196.63
3295,453,2024-02-18 02:51:00,0,1,Toys,Kolkata,53,Male,9919.01,1.1,63134,232.18
4024,678,2024-01-08 08:30:00,1,0,Books,Mumbai,33,Male,3868.76,1.9,57004,134.3
1467,927,2024-05-05 18:46:00,1,0,Toys,Kolkata,22,Female,4426.01,4.3,96245,266.64
1805,147,2024-04-03 05:20:00,1,1,Toys,Mumbai,59,Male,7308.12,4.0,17837,124.42
1738,582,2024-03-29 09:01:00,1,0,Electronics,Chennai,29,Male,2837.13,1.2,91172,68.19
2962,104,2024-10-16 19:47:00,0,0,Books,Bangalore,18,Male,2309.76,2.1,48065,243.45
2987,853,2024-10-20 06:45:00,1,0,Books,Delhi,48,Female,6048.15,3.2,72027,206.4
1416,337,2024-03-05 20:50:00,1,0,Clothing,Kolkata,21,Male,2675.41,2.2,37063,228.41
1745,706,2024-03-03 20:38:00,0,0,Electronics,Chennai,26,Female,1081.72,2.4,34831,83.28
4684,787,2024-09-17 11:23:00,1,0,Books,Mumbai,24,Female,9000.29,4.7,79150,58.79
2826,184,2024-04-11 07:01:00,1,0,Clothing,Kolkata,53,Male,428.33,1.7,27124,176.98
4749,160,2024-02-10 19:56:00,1,0,Toys,Kolkata,19,Male,1438.62,3.2,83136,85.18
2082,366,2024-11-11 00:06:00,0,0,Toys,Chennai,32,Female,9677.28,2.9,37659,190.13
1281,649,2024-08-05 09:51:00,1,0,Home,Chennai,24,Male,4519.44,4.3,36266,23.59
1004,151,2024-06-17 19:44:00,0,1,Electronics,Mumbai,50,Female,3984.81,4.3,45091,42.72
3379,990,2024-03-23 00:44:00,0,0,Home,Kolkata,22,Female,9927.69,3.9,89764,259.35
2700,664,2024-05-27 14:03:00,1,0,Clothing,Bangalore,32,Male,6002.23,4.8,10015,35.64
3838,551,2024-11-22 03:15:00,0,1,Home,Chennai,53,Male,5609.07,2.8,76531,199.5
2837,373,2024-11-18 20:51:00,1,1,Toys,Bangalore,46,Male,7435.82,1.2,83881,287.56
3819,151,2024-10-13 03:21:00,1,1,Electronics,Delhi,33,Female,4750.2,1.2,40541,48.17
3686,342,2024-07-18 21:16:00,0,0,Books,Chennai,49,Male,2525.42,1.6,55916,266.95
2610,762,2024-07-11 06:42:00,1,0,Electronics,Chennai,36,Female,8825.04,2.2,28091,100.91
4939,285,2024-10-20 06:48:00,1,0,Home,Mumbai,58,Female,9501.75,4.6,60179,197.48
3777,429,2024-06-11 03:34:00,0,0,Clothing,Chennai,22,Male,5593.53,1.8,33957,275.6
1973,936,2024-03-04 16:14:00,1,0,Home,Bangalore,38,Female,3022.69,2.3,61816,270.0
4608,779,2024-11-14 14:25:00,1,0,Home,Chennai,57,Female,4216.0,3.1,32860,289.0
2831,243,2024-12-17 16:28:00,1,0,Electronics,Kolkata,59,Male,2585.92,5.0,63881,29.73
2359,171,2024-12-04 10:43:00,1,1,Clothing,Bangalore,38,Female,8488.19,2.8,28358,210.57
4677,639,2024-03-01 01:29:00,1,0,Electronics,Chennai,24,Male,8446.01,3.8,56994,192.87
1400,460,2024-12-19 13:32:00,1,0,Electronics,Bangalore,48,Male,9503.86,2.6,67459,70.78
4823,566,2024-05-09 03:30:00,1,0,Clothing,Kolkata,27,Female,2851.48,1.1,42904,181.3
4354,174,2024-10-08 18:46:00,0,0,Books,Bangalore,26,Male,1136.24,3.1,31995,197.44
2510,185,2024-10-17 14:35:00,1,0,Home,Kolkata,49,Male,1230.76,1.3,56910,209.67
4097,937,2024-05-13 18:48:00,1,0,Electronics,Kolkata,43,Female,8225.39,1.8,37570,55.52
3189,921,2024-07-01 11:44:00,1,0,Books,Bangalore,25,Male,3744.82,3.1,38999,169.58
4075,264,2024-10-03 12:35:00,1,0,Books,Kolkata,55,Female,3053.57,2.1,40477,55.25
3051,637,2024-10-08 01:11:00,1,0,Home,Bangalore,48,Female,238.85,1.2,36720,195.28
4754,171,2024-10-11 04:58:00,1,1,Clothing,Kolkata,18,Female,6713.57,2.4,14585,265.42
4238,742,2024-04-08 02:08:00,1,0,Books,Chennai,37,Female,3041.98,3.6,92374,291.35
3537,601,2024-02-08 09:55:00,0,1,Electronics,Bangalore,26,Male,950.48,4.0,70323,42.11
1187,137,2024-08-03 17:26:00,1,0,Electronics,Bangalore,39,Female,6346.75,1.5,57068,296.02
4523,817,2024-10-01 04:03:00,1,0,Home,Bangalore,30,Male,9687.05,3.4,77406,276.41
2803,264,2024-01-22 21:44:00,1,0,Home,Chennai,49,Female,3883.24,4.6,62589,55.52
3540,541,2024-07-23 13:22:00,1,0,Home,Kolkata,54,Female,4331.96,4.5,21166,176.71
3357,244,2024-03-15 09:09:00,1,0,Home,Chennai,51,Male,5428.51,2.1,14932,111.32
3359,319,2024-07-18 18:53:00,0,0,Clothing,Mumbai,40,Male,5047.35,3.3,79873,282.46
3844,430,2024-04-04 21:58:00,0,0,Clothing,Mumbai,27,Female,8562.17,2.0,30839,217.76
2807,220,2024-11-20 03:43:00,1,0,Books,Kolkata,20,Male,2406.0,1.5,32258,293.65
4110,436,2024-12-17 03:16:00,0,1,Books,Bangalore,29,Female,2908.98,3.5,56641,252.37
2440,220,2024-03-31 11:09:00,1,1,Toys,Bangalore,50,Female,8451.62,4.2,93140,24.05
2778,510,2024-04-11 07:47:00,1,0,Home,Chennai,21,Female,2031.93,2.6,47846,182.47
3097,220,2024-11-11 13:22:00,1,1,Home,Kolkata,50,Male,6735.05,1.0,25504,187.99
2567,264,2024-12-23 10:17:00,1,0,Books,Kolkata,49,Female,8642.77,2.0,48838,144.04
1511,436,2024-06-29 15:51:00,0,1,Electronics,Chennai,34,Male,7723.37,1.2,20028,295.45
3542,316,2024-04-06 13:36:00,0,0,Books,Kolkata,18,Female,6274.6,4.3,72927,82.66
1548,839,2024-05-06 21:49:00,0,0,Toys,Mumbai,35,Male,632.53,1.6,62299,44.62
1831,575,2024-06-25 16:01:00,0,0,Electronics,Mumbai,41,Female,5940.84,5.0,25902,287.62
1897,388,2024-10-23 11:55:00,1,0,Clothing,Bangalore,52,Male,7649.32,3.3,69770,185.58
3668,350,2024-12-21 02:18:00,0,0,Books,Mumbai,40,Female,3538.39,1.7,31219,165.85
3499,809,2024-12-19 22:34:00,0,0,Clothing,Bangalore,35,Female,6647.54,4.1,35525,47.96
3071,710,2024-11-27 05:50:00,0,0,Books,Bangalore,55,Male,5789.43,4.8,51345,299.3
1992,208,2024-11-03 23:32:00,0,0,Home,Chennai,25,Female,6329.45,5.0,44255,68.29
3956,372,2024-11-12 03:56:00,1,0,Clothing,Mumbai,54,Male,4114.79,4.0,84984,207.17
3437,893,2024-03-10 17:00:00,1,0,Toys,Mumbai,39,Male,5056.45,1.6,26125,95.89
1610,720,2024-05-27 06:18:00,0,0,Clothing,Delhi,51,Female,5860.56,1.4,10502,265.7
1297,189,2024-10-18 08:52:00,0,0,Toys,Mumbai,23,Male,5826.17,3.2,41573,272.1
2346,833,2024-03-06 19:14:00,0,0,Books,Delhi,39,Male,5520.69,1.9,38169,9.32
3894,421,2024-10-16 12:10:00,0,0,Clothing,Bangalore,21,Male,6575.3,2.3,43974,295.13
4351,192,2024-12-19 14:17:00,0,0,Books,Kolkata,31,Male,5691.11,1.0,14435,121.49
1547,740,2024-04-06 13:32:00,1,0,Clothing,Bangalore,25,Female,7348.9,4.3,21794,133.8
4248,434,2024-01-17 05:18:00,0,0,Clothing,Bangalore,46,Female,7858.54,2.1,57955,203.03
4945,381,2024-05-26 02:46:00,0,0,Clothing,Chennai,22,Male,6004.15,3.0,38948,291.97
4562,521,2024-03-05 09:01:00,0,0,Toys,Kolkata,47,Female,1044.75,2.3,11964,231.96
2875,914,2024-10-25 03:47:00,1,0,Clothing,Bangalore,42,Female,7158.81,3.5,91818,275.58
2546,902,2024-05-19 02:52:00,0,0,Home,Delhi,42,Female,1957.45,3.8,45498,243.7
2245,450,2024-06-12 15:27:00,0,0,Books,Bangalore,59,Female,4598.48,1.1,77769,43.97
3798,686,2024-01-27 03:53:00,1,0,Books,Bangalore,58,Female,6016.94,3.9,80816,262.92
3875,612,2024-08-04 19:08:00,0,0,Electronics,Delhi,25,Male,4827.64,4.6,99807,34.24
4545,652,2024-09-05 07:44:00,1,0,Books,Bangalore,32,Female,2479.05,5.0,76688,130.38
3247,520,2024-08-17 10:48:00,0,0,Books,Kolkata,55,Male,8810.05,2.8,62084,76.11
4842,785,2024-05-19 23:13:00,1,0,Home,Bangalore,21,Female,6748.23,3.2,97610,141.63
2363,708,2024-12-07 13:29:00,0,1,Toys,Mumbai,43,Male,3546.24,1.9,32184,273.74
4110,660,2024-02-14 01:21:00,1,0,Electronics,Delhi,39,Female,7546.03,3.5,62982,23.33
1075,210,2024-04-02 01:43:00,0,0,Toys,Chennai,21,Male,6575.99,3.1,88509,40.31
2729,597,2024-01-28 01:41:00,1,0,Toys,Bangalore,25,Male,5114.79,4.8,73148,265.41
1491,465,2024-08-10 22:44:00,1,1,Electronics,Mumbai,55,Female,4464.37,1.0,64396,181.56
3573,630,2024-09-01 08:24:00,1,0,Electronics,Bangalore,25,Male,5970.37,3.4,80348,250.21
1107,463,2024-09-27 22:13:00,1,0,Clothing,Delhi,57,Male,264.34,1.1,23746,273.1
2250,963,2024-07-12 11:44:00,1,0,Clothing,Kolkata,21,Male,7788.38,2.8,34969,160.31
2947,683,2024-08-14 03:58:00,0,0,Electronics,Kolkata,58,Male,9228.88,1.7,58710,61.09
3068,152,2024-06-25 00:19:00,1,0,Books,Chennai,46,Male,4610.44,3.4,93186,31.01
3471,878,2024-07-18 08:31:00,1,1,Electronics,Mumbai,20,Male,5534.23,4.7,28586,159.15
2885,238,2024-04-09 07:47:00,1,0,Toys,Mumbai,32,Male,6530.2,3.8,72531,140.89
3777,315,2024-09-11 14:44:00,0,1,Clothing,Mumbai,25,Female,6531.42,4.6,98702,231.56
2572,452,2024-05-26 20:45:00,0,0,Toys,Kolkata,53,Female,4964.39,1.2,73416,120.16
1644,516,2024-06-08 11:57:00,1,1,Electronics,Delhi,56,Male,1532.86,1.3,71888,288.37
2627,556,2024-03-21 07:24:00,1,0,Electronics,Delhi,43,Male,6665.23,1.2,43314,159.51
2623,160,2024-04-21 10:33:00,1,0,Home,Delhi,40,Male,6310.83,3.1,34908,264.18
1497,564,2024-10-11 02:30:00,0,0,Electronics,Bangalore,27,Female,1128.8,1.0,74914,21.57
4399,995,2024-03-26 05:41:00,1,0,Home,Bangalore,28,Male,3075.84,3.1,24202,236.2
2078,368,2024-03-20 04:02:00,1,1,Clothing,Delhi,51,Male,6052.46,2.9,28754,296.13
1920,925,2024-11-04 10:15:00,0,0,Toys,Bangalore,58,Male,3436.72,4.1,84463,240.58
4553,580,2024-07-11 19:43:00,1,1,Clothing,Kolkata,35,Female,1865.22,1.6,34624,68.17
4621,752,2024-03-08 08:08:00,1,0,Books,Mumbai,27,Male,5870.45,2.3,83809,79.26
3246,573,2024-09-05 17:36:00,1,0,Electronics,Chennai,24,Female,1450.13,4.7,95744,201.34
3215,693,2024-10-03 15:04:00,1,0,Electronics,Delhi,47,Female,213.07,2.0,98353,77.65
3201,584,2024-03-26 07:52:00,1,0,Toys,Chennai,51,Male,2870.61,2.5,43788,128.0
4810,837,2024-11-11 09:58:00,1,0,Clothing,Mumbai,35,Female,7677.6,1.2,89670,215.15
3210,160,2024-07-24 14:19:00,1,0,Electronics,Kolkata,50,Female,1257.67,4.0,91343,236.67
3328,882,2024-04-01 01:04:00,1,1,Home,Chennai,40,Female,5650.16,2.8,55807,92.37
1672,653,2024-12-03 06:38:00,0,0,Home,Mumbai,18,Female,5178.79,4.2,53997,288.94
3952,242,2024-01-10 06:56:00,0,0,Clothing,Chennai,51,Male,4807.27,1.0,77150,24.6
1304,992,2024-11-22 09:02:00,1,0,Electronics,Delhi,37,Male,101.13,1.3,37651,277.7
3190,688,2024-09-16 07:42:00,1,0,Home,Delhi,29,Male,6894.59,3.9,98484,103.78
4369,795,2024-05-05 23:38:00,1,0,Clothing,Chennai,50,Male,3972.09,4.4,69809,153.27
4239,882,2024-08-11 20:13:00,1,0,Clothing,Chennai,48,Female,7813.73,4.2,88662,207.85
2622,921,2024-06-06 22:20:00,1,1,Books,Mumbai,49,Male,8848.94,1.1,91386,156.87
2540,519,2024-01-05 02:45:00,0,0,Clothing,Kolkata,30,Female,5244.82,2.0,13513,280.94
4734,104,2024-06-12 20:13:00,1,0,Electronics,Kolkata,30,Female,984.04,4.8,21952,226.87
3648,318,2024-04-01 22:09:00,0,0,Clothing,Mumbai,27,Male,3665.95,1.7,40846,175.44
2189,908,2024-02-02 23:35:00,0,0,Clothing,Mumbai,36,Female,5174.33,2.3,52926,200.3
4088,305,2024-07-06 21:38:00,0,0,Clothing,Bangalore,41,Male,9124.92,4.1,89434,284.15
1762,346,2024-03-03 21:31:00,0,0,Clothing,Mumbai,57,Female,9924.72,2.1,65426,62.25
2695,232,2024-05-06 22:21:00,1,1,Clothing,Chennai,46,Female,4647.8,4.9,85058,115.53
4025,451,2024-05-22 20:54:00,1,0,Home,Chennai,43,Female,7389.49,4.0,62578,259.51
2241,674,2024-09-28 07:55:00,0,0,Toys,Chennai,35,Female,8242.71,1.8,65234,43.88
1699,142,2024-12-03 18:27:00,1,0,Home,Delhi,21,Female,8307.65,4.8,85459,181.76
1197,621,2024-11-04 15:10:00,0,0,Toys,Kolkata,51,Female,7751.51,1.3,66934,109.92
3220,861,2024-03-22 20:00:00,1,0,Clothing,Mumbai,21,Female,9151.32,3.0,66225,294.0
1739,876,2024-03-18 07:31:00,1,0,Clothing,Mumbai,23,Male,3518.86,3.5,63378,227.89
3466,761,2024-05-22 20:27:00,1,0,Clothing,Kolkata,51,Female,2338.83,3.1,55048,109.34
3680,690,2024-04-23 20:32:00,1,0,Toys,Chennai,31,Male,6878.36,4.8,50678,129.67
4984,298,2024-03-06 05:10:00,0,0,Electronics,Delhi,41,Male,9717.25,3.7,66760,217.77
3925,381,2024-03-06 15:33:00,0,0,Clothing,Delhi,25,Male,4609.71,2.4,33281,291.21
2509,444,2024-12-15 00:30:00,1,0,Books,Chennai,38,Female,8355.89,3.1,68164,286.53
3812,857,2024-11-21 08:49:00,0,0,Clothing,Bangalore,25,Female,9228.49,4.6,34294,107.65
3955,235,2024-01-21 11:28:00,1,1,Clothing,Mumbai,51,Male,600.31,4.9,86681,290.61
4807,445,2024-08-28 11:38:00,1,0,Home,Bangalore,30,Female,7886.0,4.3,14814,69.13
3725,839,2024-08-07 09:51:00,1,0,Toys,Mumbai,51,Female,1622.89,4.5,86544,99.04
3726,933,2024-06-26 07:10:00,1,0,Home,Bangalore,22,Male,7498.07,3.0,28178,228.53
2550,492,2024-04-30 20:01:00,0,0,Home,Delhi,18,Female,3934.18,2.0,33473,220.38
4588,902,2024-09-18 18:04:00,1,0,Home,Mumbai,30,Female,9925.64,3.6,65615,157.55
3849,464,2024-08-23 22:11:00,1,0,Toys,Kolkata,18,Female,5591.94,3.9,12133,120.57
1872,640,2024-02-04 11:36:00,0,0,Electronics,Bangalore,25,Female,2312.87,4.6,38114,226.64
3322,534,2024-01-20 20:38:00,1,0,Home,Delhi,21,Female,694.81,1.2,85936,106.69
1571,524,2024-05-26 13:13:00,1,0,Clothing,Delhi,22,Female,7575.77,1.4,53561,9.03
2102,197,2024-03-21 12:52:00,1,1,Home,Mumbai,59,Male,8114.41,4.9,16188,74.98
4921,104,2024-01-28 13:12:00,0,0,Clothing,Delhi,27,Female,7618.08,1.7,75336,127.05
2962,508,2024-06-18 20:40:00,1,0,Toys,Bangalore,25,Male,7569.91,4.1,32739,196.49
2710,587,2024-06-05 23:25:00,1,0,Home,Mumbai,59,Female,9028.89,3.5,80176,55.03
2495,554,2024-05-11 09:34:00,0,0,Books,Kolkata,38,Male,2148.69,1.1,66921,152.1
3712,679,2024-07-11 17:25:00,1,0,Clothing,Bangalore,48,Female,9132.07,2.1,97981,9.62
3274,830,2024-02-12 21:02:00,1,0,Home,Chennai,23,Male,399.79,1.2,63215,114.3
3162,356,2024-08-09 10:44:00,1,0,Books,Bangalore,33,Male,2838.19,2.6,21334,80.0
1755,197,2024-01-06 06:29:00,1,0,Clothing,Mumbai,53,Female,6320.11,1.8,90911,163.52
2208,484,2024-08-06 08:15:00,0,0,Toys,Kolkata,37,Female,833.38,1.8,44417,78.22
4004,433,2024-06-11 18:15:00,1,0,Books,Chennai,37,Female,9730.33,1.3,53547,91.02
1977,711,2024-05-05 02:10:00,1,0,Toys,Delhi,18,Male,4889.42,1.6,35072,113.74
3817,624,2024-11-24 13:20:00,1,1,Electronics,Delhi,56,Male,6673.25,2.8,44322,246.43
1026,763,2024-02-09 08:39:00,1,0,Home,Kolkata,36,Female,8016.33,1.9,48892,66.62
4300,928,2024-09-17 01:45:00,1,0,Clothing,Mumbai,38,Female,7900.64,2.9,93736,84.29
1521,707,2024-06-27 16:31:00,1,0,Home,Kolkata,51,Female,7453.87,3.2,86523,256.77
4687,524,2024-10-07 07:51:00,1,0,Home,Delhi,31,Male,5181.33,4.9,80869,289.04
2130,824,2024-04-07 22:48:00,1,0,Toys,Mumbai,24,Male,2817.87,1.6,50683,157.38
2818,929,2024-08-30 09:44:00,1,0,Electronics,Chennai,22,Male,492.82,2.5,14778,173.91
1768,665,2024-12-26 18:07:00,1,1,Electronics,Chennai,42,Male,9139.56,2.3,13722,20.89
1919,830,2024-05-27 09:53:00,1,1,Clothing,Mumbai,46,Male,2459.64,4.8,62763,114.6
1464,680,2024-12-13 09:33:00,0,1,Books,Delhi,48,Male,7540.99,2.2,85583,207.14
3526,722,2024-09-19 09:24:00,1,0,Toys,Kolkata,39,Female,3287.86,4.3,80513,188.89
2864,350,2024-02-13 13:50:00,0,0,Electronics,Delhi,50,Male,4672.98,1.8,96324,201.21
1877,770,2024-03-13 00:43:00,1,0,Home,Kolkata,28,Female,9776.59,2.3,44842,228.17
2052,945,2024-02-28 04:38:00,1,0,Home,Bangalore,52,Female,8679.19,3.8,93544,291.74
1930,570,2024-07-11 11:42:00,1,0,Books,Kolkata,33,Male,2943.63,4.0,52779,48.03
1552,715,2024-03-07 20:47:00,1,1,Clothing,Chennai,46,Male,6507.31,2.1,83250,289.99
3673,563,2024-12-22 06:46:00,0,0,Books,Bangalore,45,Male,6503.67,1.9,52181,158.63
1947,513,2024-10-30 07:28:00,1,0,Electronics,Bangalore,45,Female,3176.69,2.8,62325,140.77
3508,870,2024-10-28 02:29:00,1,0,Clothing,Bangalore,52,Male,1922.5,3.0,34235,13.9
3613,940,2024-02-05 15:41:00,1,1,Home,Mumbai,35,Female,8051.76,3.3,87771,7.64
4905,830,2024-08-28 21:41:00,0,0,Electronics,Delhi,35,Female,438.31,3.9,83127,78.25
2851,775,2024-03-05 23:16:00,0,1,Home,Chennai,45,Female,8274.16,1.4,67205,176.61
1129,209,2024-12-13 18:31:00,1,0,Home,Bangalore,57,Female,8150.71,1.4,78413,34.56
3596,184,2024-08-25 00:51:00,0,1,Toys,Bangalore,32,Male,756.7,1.0,23766,207.57
2873,412,2024-02-02 06:49:00,1,0,Toys,Kolkata,41,Male,1697.92,3.7,54944,281.67
1012,700,2024-05-13 19:00:00,1,0,Clothing,Kolkata,20,Female,6177.96,3.8,69759,216.09
4200,992,2024-05-27 14:19:00,1,0,Electronics,Mumbai,47,Male,4133.21,2.7,66978,158.42
3710,751,2024-10-11 02:45:00,1,0,Toys,Chennai,59,Male,2645.65,1.5,23654,190.8
4196,744,2024-02-12 11:46:00,1,0,Books,Mumbai,19,Female,6143.64,1.1,77755,101.86
1912,956,2024-01-20 17:26:00,0,0,Toys,Delhi,25,Male,5021.94,2.8,77602,59.23
4333,460,2024-10-31 04:45:00,0,0,Clothing,Delhi,55,Male,4684.52,4.4,57784,232.86
1987,200,2024-06-16 09:34:00,1,0,Electronics,Kolkata,45,Male,357.05,4.5,36857,166.84
4102,857,2024-03-29 22:20:00,0,0,Toys,Delhi,48,Male,7793.41,4.4,87349,278.49
3446,251,2024-06-17 14:47:00,1,1,Home,Mumbai,22,Male,5170.35,1.1,38309,264.45
3941,798,2024-01-16 11:24:00,0,0,Home,Delhi,20,Female,8976.89,2.5,79246,80.54
2304,369,2024-04-30 20:27:00,1,1,Electronics,Mumbai,31,Female,1300.03,4.7,58220,141.67
4821,472,2024-02-12 17:12:00,0,1,Toys,Chennai,18,Female,7523.57,1.3,32324,95.85
1257,388,2024-12-10 06:06:00,1,0,Electronics,Mumbai,45,Male,6555.89,1.8,77745,252.19
4544,946,2024-06-26 07:15:00,0,0,Home,Kolkata,38,Male,1213.82,4.5,10836,23.33
3911,939,2024-08-11 09:12:00,0,0,Home,Mumbai,39,Female,9737.4,3.5,57071,232.45
3317,360,2024-02-26 21:13:00,0,0,Clothing,Kolkata,42,Female,7971.52,2.6,23344,141.4
3731,336,2024-07-18 17:01:00,0,0,Books,Bangalore,27,Female,2032.05,3.0,36721,60.58
4635,300,2024-01-17 11:59:00,0,0,Books,Kolkata,44,Female,7077.54,3.3,25742,172.56
1343,262,2024-01-17 17:58:00,1,1,Home,Chennai,30,Female,2214.46,1.1,19215,156.81
4365,719,2024-04-03 06:12:00,0,1,Home,Mumbai,32,Male,5153.71,5.0,12419,151.19
2877,261,2024-07-12 18:03:00,1,1,Clothing,Kolkata,51,Female,7004.22,3.1,99373,19.94
2241,503,2024-02-25 13:47:00,1,1,Toys,Bangalore,33,Male,1100.46,4.1,36671,93.6
3309,315,2024-12-08 02:46:00,1,1,Clothing,Mumbai,36,Male,3930.25,4.2,25822,17.14
3816,559,2024-05-31 04:40:00,0,0,Books,Mumbai,41,Female,9590.3,3.6,97000,165.12
1526,321,2024-06-10 07:51:00,1,1,Home,Chennai,48,Male,3679.52,2.5,16585,171.22
1721,760,2024-01-09 13:00:00,0,0,Home,Chennai,40,Male,7300.7,2.3,35803,189.8
4672,137,2024-07-10 03:47:00,0,0,Books,Delhi,55,Female,7816.17,3.5,59400,15.87
3587,514,2024-07-15 14:27:00,1,0,Clothing,Chennai,48,Male,7575.06,2.3,97745,113.11
1568,143,2024-03-08 10:55:00,1,0,Home,Kolkata,22,Male,8005.58,2.1,98973,73.84
3595,171,2024-12-30 14:25:00,1,0,Home,Mumbai,46,Female,9873.29,4.9,49214,274.84
3288,492,2024-07-19 18:26:00,0,1,Home,Kolkata,39,Female,219.38,1.6,38756,267.49
2429,941,2024-05-30 19:14:00,0,0,Electronics,Bangalore,34,Male,6160.67,3.9,28492,57.22
1887,490,2024-11-25 20:36:00,1,0,Clothing,Bangalore,40,Female,3682.45,4.1,74809,104.0
2954,877,2024-05-18 12:21:00,0,0,Clothing,Chennai,44,Female,579.6,3.8,78404,78.3
1844,941,2024-06-12 19:52:00,0,0,Toys,Delhi,38,Male,772.58,3.0,72832,168.35
4072,473,2024-11-30 01:35:00,0,0,Toys,Bangalore,40,Male,4441.82,1.9,37745,199.14
1491,997,2024-08-09 13:05:00,1,0,Home,Mumbai,25,Male,1474.26,2.8,59050,176.23
3609,343,2024-03-13 17:50:00,1,1,Electronics,Delhi,26,Female,8246.91,2.8,86114,124.78
4652,212,2024-09-27 03:49:00,1,0,Books,Chennai,21,Female,2063.0,1.5,70836,87.75
2615,958,2024-04-25 22:28:00,1,0,Clothing,Bangalore,46,Male,8042.3,2.0,37330,82.87
4225,367,2024-01-06 08:27:00,1,0,Books,Chennai,52,Male,2489.88,1.9,85205,39.9
3005,956,2024-07-31 06:21:00,1,0,Clothing,Mumbai,29,Female,9249.73,4.0,27361,240.63
3294,755,2024-03-20 11:37:00,1,0,Clothing,Mumbai,40,Male,9479.91,4.0,21524,82.66
2664,601,2024-04-16 06:45:00,1,0,Clothing,Delhi,31,Male,8551.46,3.6,90017,129.41
3260,115,2024-06-19 19:04:00,1,1,Books,Bangalore,19,Female,422.0,4.9,76551,240.88
3988,192,2024-12-21 12:21:00,1,0,Toys,Kolkata,43,Male,2917.09,3.2,57233,74.5
3540,705,2024-02-23 14:40:00,1,0,Electronics,Bangalore,19,Male,4947.47,2.3,25870,90.49
4677,591,2024-11-04 19:01:00,0,0,Home,Bangalore,22,Male,8474.98,4.1,81337,194.46
4361,773,2024-09-02 23:12:00,0,0,Clothing,Bangalore,21,Male,9163.5,4.8,93397,81.31
4659,102,2024-08-25 18:14:00,1,0,Toys,Delhi,23,Female,6414.78,2.1,58683,114.87
2650,766,2024-11-03 13:46:00,1,0,Home,Chennai,55,Male,5879.01,2.7,70010,207.56
2853,688,2024-04-18 19:48:00,0,0,Toys,Kolkata,38,Female,4717.9,2.5,97685,140.99
1108,156,2024-05-21 03:08:00,1,0,Electronics,Chennai,24,Male,1319.71,4.0,73368,197.35
1498,303,2024-08-23 09:47:00,0,1,Home,Mumbai,24,Female,5889.29,4.3,45328,82.53
2098,636,2024-02-26 22:07:00,1,0,Toys,Chennai,27,Female,4013.86,4.0,17547,132.37
1844,577,2024-09-08 03:52:00,1,0,Clothing,Mumbai,38,Male,3211.67,5.0,25210,227.83
1143,831,2024-06-07 18:07:00,1,1,Electronics,Chennai,33,Female,9583.09,1.9,11213,154.68
1821,419,2024-06-28 14:51:00,0,0,Toys,Delhi,49,Female,1849.91,2.7,72698,257.34
2254,471,2024-04-09 18:34:00,0,0,Clothing,Delhi,31,Female,5633.55,3.4,28623,46.4
3927,523,2024-06-04 01:37:00,0,0,Electronics,Kolkata,18,Male,474.21,2.3,69360,33.43
4351,794,2024-02-22 13:36:00,1,0,Home,Chennai,43,Female,9923.56,3.8,68771,187.31
3011,575,2024-06-30 20:25:00,1,0,Home,Chennai,50,Male,3987.55,3.4,35901,162.73
2179,125,2024-11-29 02:08:00,0,0,Clothing,Bangalore,22,Female,7769.45,3.8,81164,21.07
1866,580,2024-01-02 09:00:00,0,1,Books,Delhi,38,Female,656.38,2.7,50841,276.17
2721,667,2024-07-20 13:02:00,1,0,Home,Kolkata,54,Male,7216.4,1.2,14551,289.92
2891,717,2024-07-02 06:01:00,0,0,Electronics,Chennai,36,Female,4079.79,1.0,58510,144.51
3984,376,2024-02-29 07:55:00,0,0,Clothing,Mumbai,39,Male,1792.69,4.3,85204,84.49
2161,874,2024-09-19 10:13:00,1,0,Home,Delhi,41,Male,8344.65,1.8,26922,82.06
2653,123,2024-09-19 21:29:00,1,0,Electronics,Chennai,50,Male,9921.91,2.2,15840,26.45
3182,809,2024-12-11 12:02:00,1,0,Clothing,Mumbai,21,Male,448.65,2.0,82628,211.6
2091,980,2024-12-27 00:42:00,1,0,Toys,Delhi,52,Female,1273.03,3.8,71092,154.98
2335,842,2024-04-07 09:23:00,1,0,Books,Kolkata,46,Male,9452.26,4.7,59251,295.43
3627,180,2024-06-01 10:55:00,0,0,Home,Kolkata,41,Female,6723.47,1.0,50591,126.25
1845,740,2024-02-21 09:37:00,1,0,Electronics,Bangalore,51,Male,3786.9,2.2,90873,68.81
4897,158,2024-11-15 00:42:00,0,1,Books,Chennai,24,Female,9907.39,3.0,87885,166.15
1854,396,2024-01-13 01:04:00,1,0,Books,Mumbai,42,Male,2708.52,2.6,45164,124.73
1074,136,2024-01-11 07:15:00,0,0,Toys,Kolkata,25,Female,824.31,3.2,37255,174.13
2999,993,2024-10-23 00:26:00,0,1,Clothing,Kolkata,27,Female,8108.44,4.3,92935,165.63
1785,959,2024-11-30 17:23:00,1,1,Toys,Chennai,28,Male,1348.47,3.2,53315,79.75
2672,612,2024-10-09 20:35:00,1,0,Clothing,Bangalore,25,Female,1961.79,2.2,33328,45.17
3612,349,2024-04-18 22:09:00,1,0,Toys,Kolkata,22,Female,8154.58,1.5,92736,132.76
3441,607,2024-11-06 23:52:00,1,0,Books,Chennai,41,Male,3143.71,3.2,12929,198.83
1309,665,2024-11-17 08:00:00,1,0,Clothing,Chennai,21,Female,5388.85,1.0,55935,105.64
4375,593,2024-02-21 12:47:00,1,0,Clothing,Chennai,54,Male,2363.71,3.8,31414,114.4
3857,512,2024-01-28 07:33:00,1,1,Books,Delhi,41,Female,2017.85,1.7,41680,97.51
2603,611,2024-03-17 15:10:00,1,0,Books,Kolkata,28,Female,8819.32,3.3,51794,265.12
1312,684,2024-02-17 03:19:00,1,1,Electronics,Mumbai,37,Male,9377.44,4.3,53604,178.15
3128,580,2024-07-14 04:49:00,1,0,Home,Delhi,28,Male,7458.92,1.3,96588,44.0
1981,350,2024-11-30 00:37:00,1,0,Clothing,Delhi,57,Female,808.47,3.7,18875,226.07
4243,811,2024-12-27 09:33:00,0,0,Clothing,Mumbai,36,Female,3383.73,2.2,32826,194.63
4057,614,2024-01-20 15:29:00,1,1,Books,Kolkata,57,Female,7072.16,2.9,26272,39.99
1898,333,2024-04-03 21:52:00,1,1,Toys,Delhi,59,Male,7481.61,4.1,62810,103.5
3822,362,2024-11-27 15:38:00,1,0,Home,Chennai,50,Female,5910.05,1.1,25815,231.68
4243,819,2024-04-19 11:28:00,1,0,Books,Kolkata,19,Female,9607.56,3.3,41029,135.95
2483,130,2024-03-20 00:40:00,0,0,Clothing,Bangalore,42,Female,3342.2,1.5,88244,167.75
2397,362,2024-05-01 11:57:00,1,0,Home,Delhi,54,Male,8359.02,3.1,75836,296.91
4843,987,2024-11-23 20:53:00,1,0,Home,Mumbai,42,Male,9899.51,2.3,23391,21.96
3364,593,2024-06-13 02:11:00,1,0,Toys,Delhi,59,Male,5260.12,1.2,68263,73.22
4988,532,2024-10-09 19:18:00,1,0,Toys,Delhi,56,Female,4221.7,4.6,80474,91.99
3382,380,2024-08-09 02:20:00,1,0,Books,Chennai,34,Female,5440.27,3.3,30798,120.68
4911,783,2024-07-05 23:28:00,1,0,Clothing,Kolkata,44,Female,8709.75,4.8,22442,203.79
3019,799,2024-01-24 23:31:00,1,0,Books,Chennai,30,Male,2447.62,1.1,51874,141.13
1956,804,2024-03-22 09:36:00,1,0,Home,Delhi,48,Female,3298.87,2.2,24882,188.38
2983,162,2024-06-26 20:38:00,1,0,Toys,Kolkata,28,Male,3819.27,3.9,55174,182.48
2467,471,2024-01-20 12:16:00,1,0,Electronics,Bangalore,52,Female,4506.6,3.4,69355,30.9
1459,167,2024-03-09 13:20:00,1,1,Electronics,Mumbai,48,Female,8934.15,3.9,71841,233.59
2620,636,2024-07-18 15:44:00,1,0,Clothing,Bangalore,31,Male,5127.88,3.2,29261,256.44
2220,788,2024-01-25 02:13:00,1,0,Electronics,Bangalore,24,Male,9247.69,3.2,10384,264.86
1609,572,2024-01-31 07:55:00,1,0,Electronics,Kolkata,37,Male,8650.06,2.2,62687,38.91
2763,268,2024-06-05 13:09:00,1,1,Home,Chennai,40,Female,6789.56,3.7,59033,52.82
4263,782,2024-08-09 20:13:00,1,0,Books,Mumbai,26,Male,8323.44,4.7,88203,201.92
2872,722,2024-08-22 11:07:00,1,1,Clothing,Kolkata,52,Male,8005.72,3.4,33693,195.28
4370,831,2024-03-07 09:14:00,1,0,Home,Bangalore,35,Male,6839.58,2.2,64225,151.49
4960,903,2024-11-22 17:45:00,1,0,Home,Kolkata,22,Female,8342.65,1.8,53423,215.0
2555,315,2024-11-22 17:57:00,1,1,Home,Delhi,47,Female,6524.9,4.3,93047,113.93
4466,749,2024-03-12 04:02:00,1,0,Home,Chennai,21,Female,1215.78,3.8,93638,198.99
1802,359,2024-10-19 16:24:00,1,0,Home,Mumbai,21,Female,5462.05,3.9,46016,94.64
3120,547,2024-09-13 06:40:00,1,0,Home,Chennai,49,Female,4020.83,3.7,70540,153.04
4321,835,2024-01-14 04:03:00,1,0,Clothing,Kolkata,59,Female,5328.12,4.0,68811,114.07
2478,825,2024-07-05 02:15:00,1,1,Clothing,Chennai,57,Male,9769.23,1.5,64271,242.05
2119,898,2024-04-17 04:23:00,1,1,Clothing,Bangalore,58,Female,3841.88,1.1,67153,272.98
3228,387,2024-03-16 06:10:00,0,1,Books,Delhi,18,Female,7204.74,1.6,93275,292.75
2784,328,2024-07-13 08:03:00,0,0,Books,Mumbai,26,Male,1774.2,3.3,42804,14.88
1236,931,2024-12-02 03:25:00,1,0,Toys,Mumbai,36,Female,2616.16,3.8,93619,28.24
4071,681,2024-09-02 16:45:00,1,0,Home,Chennai,20,Female,9870.64,4.9,29599,266.9
2127,452,2024-01-08 23:49:00,1,0,Toys,Chennai,50,Male,4115.02,4.2,59260,13.05
3383,499,2024-11-30 18:28:00,0,0,Home,Chennai,56,Female,1139.49,4.6,57075,207.94
1069,871,2024-05-13 03:08:00,1,0,Books,Delhi,21,Male,1378.39,1.6,96810,20.08
3728,579,2024-12-29 09:12:00,1,0,Electronics,Chennai,28,Male,2410.89,1.7,64538,7.7
4964,252,2024-07-21 07:09:00,1,0,Electronics,Delhi,58,Female,6629.69,4.5,60824,241.42
2324,558,2024-08-30 13:13:00,1,1,Clothing,Delhi,41,Female,447.49,4.5,29574,299.37
4902,771,2024-05-21 17:40:00,0,0,Electronics,Delhi,33,Female,6153.18,3.9,63321,157.02
2691,683,2024-08-15 02:50:00,1,0,Electronics,Kolkata,42,Male,9425.28,1.8,72655,96.99
2074,415,2024-12-07 21:52:00,0,1,Home,Chennai,22,Male,4721.76,3.8,26586,243.87
2157,322,2024-08-05 10:48:00,1,0,Clothing,Kolkata,39,Female,6140.14,3.7,34372,140.24
1095,516,2024-05-28 10:58:00,1,0,Home,Delhi,18,Male,7398.33,1.5,31625,170.28
4787,849,2024-03-11 10:51:00,1,1,Toys,Mumbai,43,Female,9334.96,2.3,24352,15.57
3640,464,2024-11-07 21:18:00,0,0,Electronics,Mumbai,52,Male,1144.75,3.6,70864,290.11
1595,687,2024-06-03 05:19:00,1,0,Books,Chennai,44,Male,4467.82,4.1,20745,278.24
3749,526,2024-07-24 11:41:00,0,0,Clothing,Kolkata,36,Female,4128.97,1.1,54521,30.88
2159,111,2024-04-13 13:41:00,1,0,Clothing,Chennai,29,Male,8948.85,1.5,54548,236.85
4036,183,2024-02-17 07:59:00,1,0,Home,Kolkata,51,Female,3976.75,2.4,94814,195.62
3912,221,2024-02-04 04:27:00,1,1,Clothing,Delhi,30,Female,664.07,3.3,93106,29.1
2260,219,2024-08-26 11:00:00,0,0,Home,Mumbai,55,Female,9935.94,4.6,45367,193.74
4288,143,2024-02-18 22:34:00,1,0,Clothing,Mumbai,50,Female,6325.03,3.4,53080,163.04
2720,179,2024-11-21 12:10:00,1,0,Toys,Kolkata,58,Female,9785.26,1.4,39678,100.22
2509,574,2024-07-21 05:15:00,1,1,Electronics,Mumbai,41,Female,196.58,2.1,15506,67.26
3563,368,2024-01-11 08:03:00,1,0,Books,Bangalore,27,Male,346.15,1.5,25378,295.11
3727,326,2024-03-13 01:35:00,0,0,Home,Chennai,44,Female,8069.09,4.7,39008,241.92
3168,342,2024-09-04 11:48:00,1,0,Electronics,Delhi,35,Female,5357.32,4.8,12241,10.74
1871,833,2024-08-07 03:30:00,0,0,Electronics,Delhi,51,Female,1023.03,3.6,76297,131.18
4956,759,2024-07-20 11:49:00,1,0,Home,Bangalore,33,Male,6702.4,4.2,40374,105.96
4450,984,2024-05-25 09:55:00,1,0,Clothing,Bangalore,26,Female,4909.74,4.1,34564,181.17
4872,825,2024-03-01 07:16:00,1,0,Books,Mumbai,26,Female,9945.78,3.1,49069,105.36
2204,589,2024-07-24 00:24:00,0,0,Electronics,Chennai,58,Male,8910.61,3.4,85532,180.71
3832,424,2024-10-16 12:37:00,0,0,Home,Delhi,24,Female,7638.41,1.5,13429,282.46
3865,287,2024-01-02 10:07:00,1,0,Electronics,Mumbai,34,Male,9047.0,4.7,21452,137.58
3806,783,2024-11-13 10:56:00,1,0,Toys,Delhi,43,Male,1082.25,3.3,15875,109.22
3490,238,2024-07-19 19:42:00,0,0,Toys,Chennai,18,Male,8347.27,3.0,48367,190.5
1614,379,2024-01-19 13:44:00,1,0,Clothing,Chennai,21,Female,711.11,2.1,47405,230.33
2194,654,2024-03-25 18:31:00,1,0,Books,Chennai,47,Male,6828.3,4.2,66345,222.01
1327,829,2024-08-09 03:39:00,1,0,Clothing,Mumbai,31,Female,2949.64,3.2,76064,236.61
4208,118,2024-05-10 03:46:00,1,1,Books,Kolkata,52,Male,1223.14,3.5,52025,278.91
1328,774,2024-12-17 08:45:00,0,1,Clothing,Bangalore,56,Male,5999.62,4.1,79347,234.98
2876,315,2024-09-01 22:12:00,1,0,Home,Delhi,57,Male,9841.77,1.2,77121,103.49
4710,471,2024-03-10 11:42:00,1,0,Home,Bangalore,41,Male,5618.86,2.4,27466,23.3
4895,615,2024-06-25 07:13:00,0,0,Clothing,Bangalore,32,Female,8190.85,4.0,95256,173.36
3172,307,2024-04-14 07:32:00,0,0,Electronics,Mumbai,53,Female,2231.4,4.3,37312,227.94
4142,854,2024-06-14 13:34:00,0,0,Clothing,Bangalore,38,Female,2978.21,2.4,58630,133.99
2455,961,2024-05-24 20:57:00,0,0,Toys,Mumbai,53,Female,3829.76,3.1,62037,27.48
4605,969,2024-05-12 08:39:00,1,0,Toys,Mumbai,43,Female,2512.82,3.9,34860,297.08
3423,698,2024-05-16 05:33:00,0,0,Electronics,Kolkata,58,Male,7654.4,3.6,42603,49.05
4106,649,2024-02-27 13:57:00,1,0,Toys,Mumbai,23,Female,8407.46,3.4,10002,257.01
3972,876,2024-10-11 21:31:00,0,0,Clothing,Kolkata,23,Male,2588.22,4.5,47632,56.45
1112,294,2024-10-16 23:55:00,1,1,Clothing,Chennai,48,Female,3857.66,3.7,68356,140.32
2444,815,2024-11-16 18:34:00,1,0,Home,Kolkata,55,Female,4105.93,2.6,45706,258.37
3179,975,2024-05-05 21:53:00,0,1,Books,Kolkata,46,Female,6101.01,3.6,21751,284.69
1219,742,2024-07-20 10:09:00,1,0,Home,Chennai,38,Female,3173.89,3.0,73743,31.94
4708,430,2024-08-01 10:29:00,0,0,Clothing,Delhi,39,Female,1147.36,4.8,23616,208.35
4701,579,2024-04-28 11:22:00,0,0,Home,Delhi,56,Male,4620.9,3.5,75445,108.47
4198,634,2024-03-27 19:28:00,0,1,Toys,Kolkata,25,Male,6423.89,4.8,51850,130.0
3010,532,2024-05-27 23:06:00,0,0,Clothing,Chennai,20,Female,3154.77,5.0,44250,207.58
3583,823,2024-08-24 03:19:00,0,0,Books,Kolkata,43,Female,8256.72,2.2,61332,193.3
3187,471,2024-07-27 00:47:00,0,0,Electronics,Kolkata,35,Female,5978.12,4.2,13510,54.29
4485,345,2024-01-06 16:53:00,1,0,Electronics,Mumbai,22,Male,8777.09,1.6,93438,146.9
2439,838,2024-06-03 11:42:00,0,0,Electronics,Chennai,21,Male,8730.5,3.3,57022,237.19
4853,479,2024-08-28 08:15:00,1,0,Clothing,Kolkata,20,Male,9815.81,1.1,18568,8.32
2283,937,2024-02-18 01:17:00,1,0,Books,Delhi,19,Male,2566.53,4.9,72615,153.77
1564,637,2024-10-09 18:21:00,1,0,Home,Mumbai,50,Male,9715.89,3.3,98114,113.42
4962,656,2024-12-01 18:33:00,1,1,Electronics,Bangalore,57,Male,1988.73,1.4,58455,39.73
4723,494,2024-08-03 13:11:00,1,0,Electronics,Mumbai,53,Female,716.56,4.4,50743,270.75
1642,903,2024-11-21 14:30:00,1,0,Books,Mumbai,42,Female,7166.4,4.4,26761,162.19
3443,378,2024-03-18 06:27:00,0,0,Toys,Mumbai,21,Male,9971.56,3.9,82632,62.26
1703,486,2024-03-13 07:19:00,0,0,Home,Mumbai,59,Female,1368.04,2.5,51654,68.12
1343,193,2024-06-09 21:05:00,1,1,Toys,Bangalore,57,Female,8898.33,4.6,67436,242.85
1934,994,2024-12-29 17:25:00,1,0,Toys,Bangalore,19,Male,6249.65,2.0,30903,104.94
3201,996,2024-11-04 15:17:00,1,0,Electronics,Kolkata,37,Female,4645.18,4.4,85647,21.05
4809,822,2024-11-09 01:46:00,1,0,Clothing,Chennai,19,Female,6442.67,4.5,91055,179.58
1844,735,2024-06-02 10:15:00,1,0,Electronics,Delhi,40,Male,3672.98,2.8,50140,234.82
3759,472,2024-07-25 14:22:00,0,0,Books,Bangalore,58,Male,4704.82,1.3,42364,48.3
2981,431,2024-09-25 21:19:00,1,0,Toys,Mumbai,51,Male,2580.64,1.4,16527,190.8
3437,388,2024-05-09 15:05:00,1,0,Clothing,Bangalore,22,Male,6644.18,1.2,37516,91.09
3095,108,2024-03-17 09:26:00,1,1,Home,Mumbai,20,Male,1685.28,1.5,37313,8.24
3519,247,2024-01-11 09:57:00,1,0,Electronics,Chennai,49,Male,3786.18,3.1,31956,148.06
2324,174,2024-06-19 03:39:00,1,0,Books,Chennai,52,Male,8637.26,4.7,62280,189.62
4041,887,2024-08-20 17:08:00,1,0,Clothing,Bangalore,50,Female,4734.42,4.4,19236,157.02
1908,527,2024-03-31 21:52:00,0,0,Electronics,Bangalore,22,Female,4016.36,3.1,45252,185.54
2815,376,2024-05-13 18:37:00,1,1,Home,Delhi,27,Female,926.62,4.0,38357,200.43
3336,849,2024-07-20 14:37:00,1,0,Clothing,Mumbai,57,Male,3669.8,1.7,12801,86.45
2529,532,2024-03-19 00:44:00,0,0,Clothing,Delhi,49,Male,8987.35,2.6,47495,41.64
2764,628,2024-03-17 00:35:00,1,0,Clothing,Delhi,53,Male,3008.91,3.7,93053,8.37
3660,319,2024-02-08 02:48:00,1,0,Books,Chennai,35,Male,3736.98,4.4,54910,254.27
4266,130,2024-10-30 06:14:00,1,0,Toys,Mumbai,20,Male,7402.12,4.6,68962,128.89
3689,341,2024-11-19 12:34:00,1,1,Clothing,Mumbai,20,Female,5226.55,2.6,51637,286.98
1408,955,2024-07-09 13:30:00,1,0,Home,Mumbai,50,Female,8429.67,1.9,87267,145.62
4615,507,2024-01-26 17:36:00,1,0,Toys,Kolkata,20,Female,2042.63,2.8,55431,197.39
4667,497,2024-01-02 10:48:00,1,0,Electronics,Bangalore,54,Male,370.43,2.8,23078,72.95
1806,956,2024-04-15 20:52:00,0,0,Toys,Bangalore,56,Female,2634.72,4.6,60229,157.7
1176,821,2024-01-10 20:54:00,1,0,Clothing,Delhi,49,Female,119.79,1.8,91642,263.02
2193,201,2024-06-15 14:05:00,1,0,Home,Mumbai,44,Female,7863.7,2.5,99205,178.04
4794,872,2024-04-13 20:29:00,1,0,Home,Delhi,40,Male,8102.41,4.0,91028,261.39
2143,181,2024-10-19 11:16:00,1,1,Electronics,Delhi,28,Female,4389.34,3.0,71498,66.83
4322,332,2024-08-21 03:01:00,1,0,Electronics,Kolkata,39,Male,9352.92,2.4,87302,20.55
3618,297,2024-01-07 03:53:00,1,1,Books,Bangalore,54,Male,3457.35,4.3,48818,198.41
1991,458,2024-12-10 14:31:00,1,1,Clothing,Delhi,20,Male,9801.88,4.3,17832,153.5
2882,865,2024-03-11 05:06:00,1,0,Home,Chennai,35,Female,7578.77,3.5,14176,16.67
2167,897,2024-03-30 11:57:00,1,0,Toys,Mumbai,29,Male,2926.34,3.7,86111,74.06
1819,170,2024-02-19 07:40:00,1,0,Electronics,Mumbai,26,Male,6956.69,3.9,19163,79.89
4244,704,2024-09-08 17:37:00,1,0,Toys,Chennai,35,Male,5931.68,2.9,42562,41.95
2175,323,2024-05-02 15:56:00,1,0,Clothing,Delhi,49,Female,8565.05,2.6,39366,72.13
2861,638,2024-08-30 23:05:00,0,1,Clothing,Bangalore,44,Female,8614.4,4.2,21306,280.66
3790,757,2024-07-24 10:07:00,0,0,Toys,Bangalore,35,Male,6684.67,1.8,80622,268.31
2377,883,2024-07-25 00:32:00,0,0,Toys,Kolkata,30,Male,3191.42,3.3,72825,246.38
2090,759,2024-12-04 03:03:00,1,0,Toys,Kolkata,26,Male,661.98,2.2,44468,82.02
4331,560,2024-09-23 15:46:00,0,1,Home,Chennai,53,Male,9451.24,3.0,40230,294.92
4794,824,2024-09-20 07:31:00,1,0,Electronics,Chennai,33,Female,2883.31,4.6,43665,55.86
1299,110,2024-02-08 05:53:00,0,0,Home,Chennai,25,Female,3423.89,1.7,32101,296.67
1562,981,2024-04-30 10:30:00,0,0,Toys,Mumbai,57,Female,5101.6,4.9,27924,158.42
4258,466,2024-08-25 20:53:00,1,0,Electronics,Kolkata,23,Male,7371.49,4.7,30924,290.65
3086,536,2024-04-30 12:01:00,1,0,Electronics,Mumbai,43,Male,4809.19,1.1,92217,69.57
1514,877,2024-09-10 20:57:00,0,0,Clothing,Delhi,58,Female,5473.74,2.7,83946,89.3
2723,914,2024-06-10 00:11:00,0,0,Electronics,Kolkata,56,Male,9764.93,4.0,54335,283.22
2716,713,2024-03-12 14:38:00,0,0,Books,Chennai,53,Female,8652.71,1.8,60114,133.17
3298,415,2024-01-09 20:26:00,1,0,Books,Delhi,43,Male,8433.01,3.3,93185,195.68
1882,441,2024-02-02 15:35:00,1,0,Toys,Kolkata,46,Male,5212.76,2.6,31786,142.37
3226,639,2024-09-01 21:10:00,1,0,Toys,Chennai,28,Male,2308.04,1.2,20800,212.39
4763,903,2024-06-25 13:54:00,1,0,Toys,Kolkata,38,Female,7395.45,1.5,73218,128.3
2323,694,2024-09-18 10:36:00,1,0,Electronics,Mumbai,40,Male,1613.87,3.6,24506,204.69
2772,963,2024-09-25 15:51:00,0,0,Toys,Kolkata,22,Female,5137.22,3.8,10571,73.07
1329,857,2024-08-06 11:37:00,0,0,Electronics,Mumbai,32,Male,8635.21,3.5,61714,176.63
3277,671,2024-04-06 08:47:00,1,0,Clothing,Delhi,48,Male,9450.02,2.2,27433,83.91
4502,338,2024-08-01 09:51:00,1,0,Home,Chennai,28,Male,4106.96,2.2,86989,98.96
4690,605,2024-02-19 01:07:00,0,0,Books,Mumbai,23,Male,4205.42,4.5,39995,42.72
3273,645,2024-03-06 16:10:00,1,0,Home,Kolkata,58,Female,7703.19,3.2,58162,215.77
2063,661,2024-09-28 15:06:00,0,0,Toys,Delhi,45,Male,9787.6,3.8,91419,93.25
2475,247,2024-01-30 11:04:00,1,0,Clothing,Chennai,48,Male,1752.74,3.0,41892,220.6
2738,218,2024-06-19 22:13:00,1,0,Books,Bangalore,20,Male,9848.13,3.1,52002,246.79
3042,750,2024-02-02 01:53:00,1,0,Electronics,Bangalore,41,Female,5163.67,4.9,26105,295.67
1937,962,2024-02-29 16:42:00,0,0,Electronics,Kolkata,23,Female,4650.3,4.6,24343,42.53
4466,335,2024-10-28 00:34:00,1,0,Books,Mumbai,24,Female,3587.67,3.2,65755,163.54
3979,416,2024-11-05 23:27:00,1,0,Electronics,Kolkata,39,Male,7874.09,1.9,48640,238.82
4314,108,2024-10-18 18:34:00,1,0,Clothing,Bangalore,51,Male,3121.61,3.9,76231,183.08
1603,358,2024-08-17 14:02:00,1,0,Books,Bangalore,46,Female,8964.32,1.6,74173,15.42
3860,606,2024-04-30 22:26:00,1,1,Books,Mumbai,20,Female,3463.38,4.9,54723,196.5
1257,605,2024-02-02 04:45:00,1,0,Clothing,Delhi,51,Male,3658.64,4.4,84220,236.29
2250,770,2024-05-14 16:37:00,0,0,Books,Kolkata,38,Female,2388.34,3.5,77757,157.52
2859,430,2024-04-03 18:58:00,1,0,Electronics,Mumbai,25,Female,8777.21,4.0,74938,111.25
4686,536,2024-06-02 23:11:00,1,0,Clothing,Delhi,49,Female,1315.3,4.9,49830,202.24
3313,650,2024-05-08 02:53:00,1,1,Clothing,Mumbai,29,Male,347.69,3.5,91004,64.82
2640,379,2024-03-18 19:27:00,1,0,Electronics,Delhi,29,Male,4988.1,2.1,74231,93.33
1399,181,2024-09-14 17:29:00,0,0,Toys,Kolkata,34,Female,220.82,1.2,90761,26.41
1946,724,2024-06-15 20:08:00,1,0,Electronics,Bangalore,30,Female,5200.29,2.3,19587,124.76
4074,390,2024-01-16 22:20:00,0,1,Clothing,Bangalore,39,Male,9670.55,4.4,56637,107.2
4498,942,2024-10-29 18:12:00,1,0,Electronics,Delhi,50,Male,8665.87,1.7,20962,285.26
2712,777,2024-06-27 06:49:00,1,0,Home,Bangalore,59,Male,6805.96,1.5,16091,174.85
4728,561,2024-04-13 20:58:00,1,0,Clothing,Bangalore,18,Female,1105.1,3.8,57466,52.68
1052,119,2024-09-11 23:24:00,1,0,Electronics,Bangalore,42,Male,4593.18,3.0,51105,106.19
3909,359,2024-12-24 23:31:00,1,1,Books,Mumbai,50,Female,2270.75,4.3,92627,77.79
4929,399,2024-01-31 11:04:00,1,0,Home,Delhi,18,Female,5646.01,2.0,74338,198.43
4056,711,2024-11-10 10:35:00,0,0,Clothing,Kolkata,53,Male,7154.27,2.4,36858,150.05
1552,867,2024-09-10 18:33:00,0,1,Books,Delhi,51,Female,6033.4,3.3,28751,155.83
1977,305,2024-07-05 00:49:00,1,1,Electronics,Chennai,25,Female,5380.15,3.2,53048,159.87
4487,611,2024-02-20 07:42:00,0,1,Clothing,Bangalore,46,Male,6649.41,2.7,39724,56.51
2470,131,2024-03-05 03:15:00,1,0,Clothing,Mumbai,49,Male,6301.84,3.7,20645,66.77
3724,264,2024-11-24 08:19:00,1,0,Toys,Bangalore,29,Female,9176.08,3.8,36583,183.69
4791,758,2024-01-28 06:21:00,1,0,Clothing,Delhi,35,Female,8282.83,4.8,59078,219.33
4707,503,2024-09-29 09:06:00,0,0,Toys,Bangalore,43,Female,8751.71,2.5,28413,253.3
3300,981,2024-04-22 05:25:00,0,1,Books,Kolkata,19,Female,4039.12,4.0,87531,234.14
4525,371,2024-06-22 10:20:00,1,1,Toys,Mumbai,42,Male,3081.73,2.7,60612,252.73
4458,691,2024-02-14 14:50:00,1,0,Books,Delhi,21,Female,6397.8,1.3,66852,227.57
4568,817,2024-09-10 01:06:00,0,0,Home,Chennai,49,Female,174.46,2.7,78449,28.55
2782,276,2024-05-21 19:39:00,0,0,Home,Mumbai,45,Female,2984.07,1.2,28860,210.3
2415,345,2024-03-06 02:47:00,0,0,Home,Kolkata,30,Female,7509.05,1.4,22001,294.93
4992,979,2024-05-20 09:58:00,0,0,Home,Chennai,18,Male,655.36,1.9,73341,103.11
2264,138,2024-10-06 13:19:00,1,0,Electronics,Mumbai,53,Female,6896.81,2.8,52660,44.78
2385,518,2024-05-01 14:28:00,0,0,Home,Delhi,36,Female,9919.77,4.8,52991,29.62
4691,923,2024-09-28 16:07:00,1,0,Toys,Bangalore,25,Female,9125.42,2.3,87314,234.92
2904,425,2024-10-24 07:50:00,1,1,Toys,Delhi,29,Female,5855.91,2.6,34555,74.73
1375,454,2024-12-09 10:44:00,1,0,Clothing,Bangalore,42,Female,415.4,4.3,66286,24.47
4287,154,2024-12-17 16:16:00,1,0,Toys,Chennai,51,Female,7520.14,3.1,57313,208.39
1745,390,2024-07-10 15:20:00,0,0,Electronics,Mumbai,44,Female,9342.38,3.3,62484,146.0
4604,372,2024-07-05 17:47:00,1,1,Books,Mumbai,29,Male,3087.12,4.6,33141,56.29
4904,638,2024-08-20 18:50:00,0,1,Books,Kolkata,56,Male,2967.53,1.6,61887,224.2
3961,161,2024-05-09 18:28:00,0,0,Toys,Bangalore,23,Male,8681.64,4.8,21562,216.6
4322,168,2024-11-16 15:11:00,1,1,Clothing,Delhi,36,Male,8460.36,2.8,94351,253.75
4311,939,2024-05-03 02:28:00,1,0,Clothing,Delhi,29,Male,8660.24,3.5,38238,128.35
1831,846,2024-01-16 09:27:00,0,0,Electronics,Kolkata,32,Male,1935.23,4.9,33282,134.95
3039,123,2024-09-08 23:56:00,1,0,Clothing,Delhi,25,Male,5361.36,2.3,96428,122.63
2764,151,2024-09-10 00:38:00,1,0,Electronics,Chennai,18,Female,2347.02,4.0,24947,207.42
3053,699,2024-11-21 11:25:00,0,0,Books,Delhi,47,Male,4462.78,4.2,88187,281.47
2911,660,2024-12-20 08:11:00,1,0,Electronics,Kolkata,53,Male,7488.11,1.3,23453,28.38
2052,173,2024-05-16 01:19:00,1,1,Books,Chennai,40,Male,3231.96,3.4,84083,69.53
1842,278,2024-06-20 07:16:00,0,0,Home,Kolkata,27,Female,5517.04,3.9,38828,284.04
2610,334,2024-01-29 10:53:00,1,0,Clothing,Kolkata,19,Female,1334.96,3.8,60555,293.09
4907,517,2024-05-23 21:35:00,0,0,Books,Kolkata,47,Male,1489.24,4.5,22852,264.18
1372,520,2024-01-02 04:32:00,1,1,Books,Kolkata,51,Female,2833.76,4.4,55768,124.74
3815,699,2024-02-29 08:13:00,1,0,Electronics,Chennai,55,Female,5118.59,2.5,74402,118.8
2363,760,2024-12-23 13:44:00,0,1,Home,Kolkata,39,Female,3764.55,4.3,83213,68.95
3944,869,2024-03-25 16:06:00,1,0,Electronics,Kolkata,24,Female,8607.22,1.3,32156,121.2
3862,493,2024-05-20 01:22:00,0,0,Toys,Bangalore,58,Male,5705.3,4.4,64251,232.77
3380,595,2024-10-02 02:09:00,1,0,Clothing,Delhi,41,Female,9026.77,1.6,77773,271.1
1178,598,2024-02-10 21:58:00,1,1,Books,Delhi,33,Male,7860.77,1.3,65617,257.1
3507,790,2024-10-14 14:02:00,1,0,Home,Kolkata,19,Female,9303.1,4.3,25009,114.16
1205,273,2024-06-21 10:34:00,0,1,Home,Delhi,47,Female,904.97,3.6,28530,85.42
2898,660,2024-12-14 21:16:00,0,0,Home,Bangalore,49,Female,8601.86,2.4,47198,121.76
4939,172,2024-09-06 06:05:00,1,0,Home,Kolkata,58,Male,9575.16,1.5,96085,128.8
3947,624,2024-08-12 23:40:00,1,0,Home,Mumbai,50,Male,4507.55,4.3,38389,188.2
3533,936,2024-04-28 18:18:00,0,0,Clothing,Chennai,37,Female,9601.28,2.6,16723,187.71
2612,848,2024-02-11 03:01:00,1,0,Toys,Delhi,35,Male,5437.27,5.0,29545,195.33
4879,770,2024-08-21 00:28:00,1,1,Home,Kolkata,22,Male,9838.41,2.5,60526,201.86
4139,379,2024-09-29 04:08:00,1,0,Toys,Chennai,18,Female,6538.47,2.2,86308,261.65
3524,472,2024-03-20 02:29:00,0,0,Home,Mumbai,59,Male,1788.38,3.9,85430,233.4
3027,730,2024-05-26 13:22:00,1,0,Home,Delhi,20,Male,5664.32,4.4,71424,236.47
3325,956,2024-08-29 01:00:00,1,0,Home,Mumbai,40,Male,6418.59,1.9,40387,201.41
4259,293,2024-09-15 07:07:00,1,0,Clothing,Chennai,43,Male,8189.99,1.1,83156,167.49
2198,696,2024-02-22 21:42:00,1,1,Home,Delhi,54,Female,8232.5,1.1,40738,104.63
2934,278,2024-09-15 03:42:00,1,0,Toys,Bangalore,35,Male,6884.13,2.6,62020,144.32
3080,396,2024-01-13 12:18:00,0,0,Home,Mumbai,50,Male,7924.44,3.3,55396,183.39
2957,439,2024-07-29 01:24:00,1,0,Books,Delhi,34,Male,8403.58,4.8,29739,221.16
3865,754,2024-02-24 01:35:00,1,0,Toys,Chennai,34,Male,8652.56,1.2,75965,43.09
1811,862,2024-01-20 18:21:00,1,0,Electronics,Kolkata,53,Female,3697.32,2.4,22320,141.79
4562,838,2024-06-07 14:59:00,1,0,Electronics,Kolkata,46,Female,6858.0,4.6,21251,283.28
1752,698,2024-11-26 01:42:00,1,0,Toys,Kolkata,56,Male,2733.19,4.8,98116,111.33
4113,532,2024-05-10 20:46:00,1,0,Clothing,Bangalore,45,Female,1017.95,3.9,70439,110.26
1907,709,2024-10-24 20:03:00,1,0,Clothing,Kolkata,50,Male,8152.92,3.7,23465,150.68
4612,734,2024-04-29 20:27:00,1,0,Toys,Chennai,37,Male,9647.1,2.4,80780,109.08
1815,948,2024-02-17 19:21:00,1,1,Clothing,Delhi,31,Male,7649.68,3.7,19289,211.41
4098,947,2024-01-29 18:46:00,1,0,Toys,Delhi,44,Female,7140.03,2.9,21304,296.49
4829,790,2024-12-23 12:55:00,0,0,Home,Kolkata,46,Female,4346.61,3.3,68401,295.12
3768,623,2024-04-06 05:55:00,1,0,Electronics,Chennai,30,Female,4878.45,4.5,50723,29.78
3068,197,2024-11-28 00:22:00,1,1,Electronics,Bangalore,21,Male,6024.85,3.0,79555,173.38
4852,652,2024-06-12 15:12:00,1,0,Clothing,Chennai,34,Male,9998.49,3.8,99151,107.36
4562,297,2024-08-19 01:29:00,1,0,Clothing,Chennai,44,Female,2389.97,4.4,36279,13.64
2892,876,2024-06-13 19:08:00,1,1,Home,Kolkata,24,Male,6091.99,4.5,60821,65.56
3723,724,2024-12-10 04:48:00,1,0,Electronics,Kolkata,26,Male,2471.05,1.9,71600,51.3
3193,405,2024-12-02 20:13:00,1,0,Clothing,Delhi,43,Male,2615.36,1.6,14212,181.22
4432,360,2024-05-10 09:10:00,1,0,Books,Bangalore,31,Male,4045.01,3.0,55756,209.8
4564,421,2024-03-02 15:13:00,0,0,Home,Kolkata,23,Female,6583.96,4.5,58390,127.31
4747,969,2024-10-20 02:53:00,0,0,Home,Mumbai,25,Male,4882.38,2.5,26543,274.83
2715,453,2024-04-13 02:15:00,0,0,Toys,Chennai,42,Female,731.66,1.9,59692,160.14
1140,507,2024-02-19 07:39:00,1,0,Home,Kolkata,36,Male,7178.83,1.3,74883,264.34
3653,285,2024-10-03 20:00:00,0,0,Clothing,Mumbai,25,Male,6615.76,3.5,57229,292.23
2410,153,2024-05-31 10:04:00,0,0,Home,Chennai,38,Female,5037.13,3.4,73688,248.63
3727,676,2024-10-28 01:16:00,0,0,Books,Delhi,40,Female,1829.15,1.7,28241,273.58
4521,546,2024-05-17 17:53:00,1,0,Clothing,Kolkata,18,Female,6336.45,2.8,85607,229.41
3735,764,2024-06-06 22:25:00,1,0,Toys,Delhi,35,Female,2815.44,2.3,75463,182.0
4176,748,2024-10-01 18:57:00,1,0,Books,Chennai,21,Female,528.49,1.5,84793,215.08
2926,470,2024-03-05 09:33:00,0,1,Toys,Kolkata,20,Male,7039.49,3.9,46977,187.36
2485,429,2024-02-29 06:41:00,1,0,Clothing,Delhi,19,Male,3880.33,1.6,95058,187.52
4718,665,2024-09-24 17:24:00,1,0,Electronics,Chennai,31,Male,1080.1,2.6,20469,103.87
1979,378,2024-06-11 10:35:00,0,0,Toys,Mumbai,48,Male,3715.94,3.9,63841,23.76
2596,638,2024-02-08 04:33:00,1,1,Books,Chennai,58,Female,6647.34,3.8,12682,199.78
2364,451,2024-11-29 11:49:00,0,0,Toys,Bangalore,34,Male,5494.07,3.2,53080,50.27
2972,470,2024-01-15 05:51:00,0,0,Home,Delhi,36,Female,3863.05,2.9,49619,66.73
4783,450,2024-12-08 12:55:00,1,1,Clothing,Chennai,21,Female,9425.14,2.4,45741,187.95
2237,210,2024-06-10 15:37:00,1,1,Home,Mumbai,58,Female,4893.87,2.7,76665,226.35
4649,462,2024-06-13 14:32:00,0,0,Clothing,Mumbai,47,Female,6169.7,3.9,88516,110.57
1237,870,2024-10-11 16:58:00,1,1,Toys,Kolkata,45,Male,2914.14,3.4,69756,252.99
3990,270,2024-04-09 01:36:00,1,0,Clothing,Bangalore,51,Female,4664.06,4.0,80418,195.73
2972,214,2024-02-02 09:56:00,1,0,Toys,Delhi,56,Female,9227.09,3.3,29409,93.34
4640,786,2024-09-11 10:27:00,1,1,Books,Mumbai,48,Female,1069.43,2.5,65966,111.88
3825,973,2024-02-16 15:54:00,0,0,Electronics,Delhi,24,Male,7866.99,2.6,51555,208.52
2781,873,2024-12-10 20:07:00,0,0,Clothing,Bangalore,28,Male,8627.3,2.4,12850,76.09
1449,451,2024-01-28 07:49:00,1,1,Clothing,Bangalore,35,Male,6661.29,2.8,94670,87.17
1123,946,2024-08-02 00:41:00,1,0,Toys,Chennai,28,Male,1013.71,2.2,97061,294.72
3346,771,2024-09-15 20:03:00,1,0,Toys,Chennai,40,Female,6655.74,3.4,99494,64.08
1913,982,2024-05-03 02:20:00,1,0,Books,Chennai,35,Male,5097.69,4.2,21753,216.09
3111,791,2024-01-19 11:55:00,1,1,Toys,Delhi,52,Male,4704.66,1.3,43779,45.8
4003,597,2024-06-23 09:39:00,1,0,Clothing,Bangalore,45,Male,2574.35,1.7,59193,141.68
3902,606,2024-02-05 05:00:00,1,1,Clothing,Kolkata,56,Male,4636.58,2.6,22428,66.92
4142,214,2024-02-08 02:55:00,1,0,Electronics,Delhi,33,Male,2786.51,2.7,98576,217.17
2760,443,2024-01-22 12:21:00,1,0,Toys,Mumbai,40,Female,4961.9,1.9,33944,22.63
1038,304,2024-07-02 04:35:00,1,0,Home,Delhi,40,Male,9609.79,1.4,16612,276.82
1463,440,2024-06-01 18:47:00,1,0,Toys,Kolkata,19,Female,6449.65,5.0,24753,40.02
1083,993,2024-09-25 19:23:00,0,0,Electronics,Delhi,58,Female,6150.4,4.5,32458,62.02
3829,332,2024-12-25 12:29:00,0,0,Home,Delhi,51,Male,8974.09,3.7,28301,105.28
3722,716,2024-08-03 06:52:00,1,0,Electronics,Delhi,43,Male,9298.94,4.4,58175,256.55
2912,208,2024-12-01 20:54:00,0,1,Home,Bangalore,27,Male,6304.06,3.9,22772,134.42
3950,180,2024-12-15 06:44:00,1,0,Toys,Mumbai,34,Female,1807.43,2.3,16761,54.55
1359,279,2024-04-03 00:27:00,0,0,Electronics,Delhi,46,Female,9171.13,2.9,80572,149.54
1958,429,2024-11-16 03:18:00,1,0,Clothing,Chennai,38,Male,7135.74,1.3,56583,179.14
2666,181,2024-02-14 22:44:00,0,1,Toys,Mumbai,44,Female,3370.83,2.3,93708,115.51
2392,218,2024-01-09 14:30:00,1,0,Electronics,Delhi,51,Male,2040.77,2.6,50360,180.41
2661,455,2024-04-22 23:55:00,0,0,Toys,Bangalore,45,Female,9499.85,2.6,56472,66.03
3754,590,2024-05-24 20:34:00,1,0,Toys,Delhi,22,Male,499.62,4.0,86293,195.22
1563,807,2024-06-07 11:22:00,1,0,Books,Kolkata,29,Female,2663.3,2.9,25297,71.87
2070,465,2024-04-29 08:06:00,0,1,Electronics,Delhi,52,Female,3565.96,2.1,73701,263.25
2326,913,2024-07-06 10:15:00,1,0,Books,Delhi,43,Male,7588.33,2.3,13832,124.56
2865,855,2024-04-29 21:35:00,1,0,Electronics,Kolkata,57,Male,7917.3,1.9,38445,45.62
2071,752,2024-10-09 06:45:00,1,0,Home,Kolkata,30,Male,5278.08,2.0,99242,9.25
1488,407,2024-05-22 22:44:00,1,0,Books,Delhi,28,Female,284.15,2.1,77577,268.04
4170,484,2024-08-29 21:18:00,1,1,Clothing,Kolkata,31,Male,7496.91,1.3,76459,58.92
2427,797,2024-04-24 12:00:00,0,0,Electronics,Mumbai,56,Male,2355.74,4.8,53093,282.16
1369,862,2024-04-18 21:17:00,0,0,Clothing,Bangalore,28,Male,1066.62,2.3,18285,224.0
1037,697,2024-06-23 06:58:00,1,0,Clothing,Mumbai,38,Female,571.7,3.8,55661,152.9
2037,627,2024-05-21 06:30:00,1,0,Toys,Mumbai,28,Male,8119.13,4.6,35482,274.97
4916,129,2024-06-13 13:38:00,1,0,Home,Mumbai,41,Female,6812.64,4.5,28317,241.01
1110,638,2024-05-24 02:36:00,1,0,Books,Bangalore,50,Female,7827.63,3.1,62388,171.27
3902,564,2024-07-05 04:50:00,1,0,Electronics,Chennai,29,Male,2389.84,1.4,94426,247.44
2595,376,2024-04-08 08:05:00,1,0,Home,Delhi,43,Male,1104.72,4.8,37475,280.51
3084,181,2024-06-06 08:51:00,1,0,Clothing,Mumbai,33,Female,2097.63,3.6,54003,198.56
1282,472,2024-12-01 17:03:00,0,0,Books,Mumbai,51,Male,1468.18,3.8,16445,87.51
2455,341,2024-03-09 00:56:00,1,0,Electronics,Kolkata,22,Male,5922.31,1.2,74670,131.37
3759,908,2024-04-04 00:54:00,1,0,Toys,Delhi,19,Female,7739.05,2.8,69938,121.43
4874,371,2024-06-14 04:14:00,1,0,Books,Delhi,30,Male,705.01,1.1,17660,258.96
1963,730,2024-10-20 15:11:00,0,0,Toys,Kolkata,25,Male,5658.04,1.5,80623,201.92
4042,373,2024-10-22 10:32:00,0,0,Toys,Bangalore,40,Female,7648.79,1.8,64380,54.68
2364,530,2024-04-29 08:13:00,0,0,Clothing,Kolkata,31,Female,5287.47,2.5,37610,189.09
2679,321,2024-09-17 12:34:00,1,0,Home,Delhi,34,Female,2952.33,4.9,49222,271.48
4538,135,2024-05-19 11:25:00,1,0,Electronics,Mumbai,52,Male,1450.5,1.2,48662,132.03
3795,666,2024-03-04 01:40:00,0,0,Electronics,Mumbai,19,Male,4743.1,3.8,28351,113.04
3989,588,2024-01-30 05:12:00,0,0,Books,Kolkata,23,Female,4114.98,4.7,89429,106.79
4094,747,2024-10-19 04:04:00,1,0,Clothing,Kolkata,20,Female,807.68,2.5,77772,42.32
4540,363,2024-06-14 03:39:00,1,0,Electronics,Chennai,37,Female,4449.86,4.9,36897,20.08
3164,644,2024-11-07 21:46:00,0,0,Electronics,Bangalore,19,Female,6315.73,1.0,72027,28.06
3292,520,2024-07-31 23:36:00,1,0,Books,Chennai,18,Male,1159.57,1.3,21217,126.4
3975,321,2024-03-10 08:01:00,0,0,Electronics,Bangalore,37,Female,5902.59,3.8,51107,218.94
2105,762,2024-12-24 13:12:00,1,1,Books,Delhi,20,Female,4377.45,3.0,13767,240.89
4184,249,2024-03-10 22:00:00,0,0,Electronics,Mumbai,25,Male,8962.05,2.0,24455,159.05
2634,976,2024-12-23 00:56:00,1,0,Books,Mumbai,58,Male,5691.91,1.4,82055,5.35
2704,804,2024-12-02 15:31:00,0,1,Home,Kolkata,45,Male,1274.03,2.4,46173,248.4
2283,722,2024-01-07 18:46:00,1,0,Home,Bangalore,30,Male,4219.52,4.4,39376,111.29
3668,771,2024-05-27 23:12:00,0,0,Books,Bangalore,55,Female,2860.93,3.4,41415,87.14
1268,335,2024-12-07 08:25:00,1,0,Toys,Kolkata,43,Female,6229.02,1.4,28861,52.15
1427,198,2024-02-08 18:54:00,1,0,Toys,Bangalore,43,Female,1474.14,1.4,19660,259.68
3354,620,2024-08-02 21:05:00,1,0,Clothing,Delhi,37,Female,7835.55,4.5,67743,122.78
3565,817,2024-01-21 07:18:00,0,0,Electronics,Bangalore,51,Male,5598.39,2.7,30448,154.17
2578,884,2024-01-30 10:54:00,1,0,Clothing,Kolkata,54,Male,3434.73,4.6,85067,123.72
4174,384,2024-10-28 03:20:00,1,1,Books,Delhi,51,Male,2276.12,1.6,21228,39.8
3088,968,2024-07-26 16:20:00,1,1,Clothing,Bangalore,20,Female,7905.32,1.6,46447,266.81
1175,646,2024-09-12 14:36:00,0,0,Toys,Delhi,37,Female,8748.45,2.2,26956,229.52
4543,443,2024-10-23 03:59:00,1,0,Electronics,Delhi,46,Female,5094.27,3.1,16939,247.79
3731,767,2024-03-12 07:24:00,0,0,Clothing,Mumbai,18,Male,5057.93,4.3,38317,177.76
4363,743,2024-10-28 08:55:00,0,0,Clothing,Kolkata,25,Male,2265.32,3.3,26608,15.84
3268,456,2024-03-21 08:40:00,1,0,Electronics,Kolkata,58,Female,4501.56,1.1,91939,110.96
4868,125,2024-02-12 18:34:00,1,0,Toys,Bangalore,32,Male,4627.69,3.2,55034,166.4
1739,803,2024-07-16 01:06:00,0,0,Toys,Kolkata,37,Female,2915.68,2.8,64115,149.68
4773,880,2024-07-14 01:40:00,0,0,Books,Delhi,23,Male,2552.79,1.1,65693,77.34
3688,253,2024-10-20 18:54:00,0,0,Home,Delhi,52,Female,6611.27,1.7,69015,203.08
4114,436,2024-01-17 10:10:00,0,0,Books,Bangalore,40,Female,6874.74,1.7,82155,211.04
1817,907,2024-02-11 16:31:00,0,1,Home,Mumbai,49,Male,1690.31,1.9,68810,273.93
1075,300,2024-06-11 14:22:00,1,0,Clothing,Delhi,33,Female,9721.6,4.5,95106,130.82
3341,851,2024-05-27 05:28:00,1,0,Toys,Kolkata,18,Male,3646.65,1.3,59721,161.99
1037,954,2024-02-05 21:57:00,0,0,Electronics,Bangalore,26,Male,9840.69,1.1,79789,258.98
2124,343,2024-10-18 11:22:00,1,0,Toys,Chennai,43,Male,4628.92,3.9,38004,222.4
4805,687,2024-10-19 12:13:00,1,1,Clothing,Bangalore,47,Female,5161.94,4.0,96240,202.53
1460,957,2024-03-02 13:35:00,1,0,Books,Chennai,38,Male,7707.71,4.0,85152,128.45
4434,161,2024-07-17 16:46:00,1,0,Home,Bangalore,25,Female,5010.22,3.1,56563,49.8
4511,800,2024-05-17 00:58:00,0,0,Electronics,Bangalore,19,Male,3212.74,2.6,26677,90.96
3523,531,2024-07-26 05:11:00,0,1,Home,Chennai,47,Male,1842.8,2.8,28490,172.49
4004,556,2024-03-04 01:18:00,1,0,Home,Delhi,52,Female,1544.59,4.0,65918,36.71
2195,543,2024-07-06 09:45:00,1,1,Home,Delhi,24,Female,7774.49,2.4,76525,55.66
2607,587,2024-09-17 00:57:00,1,1,Electronics,Mumbai,32,Female,6107.91,4.3,77362,126.23
2128,560,2024-06-09 22:58:00,1,1,Home,Delhi,23,Male,8200.77,4.9,95981,225.43
1212,663,2024-11-21 21:17:00,1,0,Home,Chennai,57,Male,3272.26,3.4,15998,126.18
2237,998,2024-02-01 00:38:00,1,0,Electronics,Bangalore,36,Male,6466.94,1.0,67266,247.97
1666,643,2024-06-13 12:18:00,0,0,Electronics,Kolkata,52,Male,946.51,2.2,12933,80.28
1891,488,2024-07-15 14:29:00,1,0,Clothing,Kolkata,55,Male,4440.11,1.0,70828,66.57
2100,914,2024-11-28 01:08:00,1,0,Toys,Bangalore,51,Female,7241.44,4.8,38607,75.5
4108,313,2024-01-25 14:36:00,1,1,Home,Chennai,30,Male,6096.11,4.6,50248,277.52
2874,386,2024-05-21 02:32:00,1,0,Clothing,Bangalore,50,Female,6502.16,2.3,52686,118.29
3163,297,2024-09-14 08:32:00,1,0,Home,Kolkata,45,Male,5215.93,1.5,66117,25.44
1892,350,2024-12-02 07:29:00,1,1,Toys,Bangalore,53,Male,7572.36,2.2,77260,121.96
3109,101,2024-03-25 22:20:00,1,0,Books,Mumbai,59,Female,7640.38,4.3,92026,93.17
2336,209,2024-05-01 11:16:00,1,0,Toys,Chennai,20,Female,5194.66,3.1,86348,184.18
2050,745,2024-03-13 14:56:00,1,0,Books,Chennai,32,Male,6957.87,3.9,97652,185.76
2301,162,2024-05-17 17:46:00,0,0,Home,Delhi,35,Male,7343.15,3.6,93764,183.09
4793,799,2024-04-23 16:09:00,1,0,Books,Bangalore,50,Male,8300.5,2.8,24756,53.95
1504,358,2024-01-04 20:16:00,1,1,Books,Mumbai,53,Male,5836.99,4.8,75865,42.26
3668,645,2024-02-12 21:47:00,1,0,Home,Mumbai,21,Female,2903.89,3.3,81774,67.88
2234,641,2024-07-27 06:18:00,1,0,Books,Mumbai,26,Male,7871.87,3.7,73576,141.27
1261,666,2024-08-06 03:00:00,0,0,Electronics,Bangalore,25,Female,8683.38,2.5,24991,84.24
2418,776,2024-06-03 15:13:00,1,1,Home,Bangalore,38,Male,2108.87,1.5,21678,14.77
1141,416,2024-08-07 00:36:00,1,0,Toys,Mumbai,29,Female,2135.15,3.8,57066,155.18
1801,861,2024-07-28 05:08:00,0,1,Clothing,Kolkata,34,Female,1754.05,1.2,62771,55.57
1240,184,2024-06-27 09:44:00,1,0,Home,Delhi,47,Female,8557.51,2.0,93464,108.34
1515,715,2024-08-12 04:20:00,1,0,Home,Bangalore,24,Male,6684.47,3.7,71798,63.96
4391,734,2024-10-27 00:50:00,0,0,Clothing,Mumbai,23,Male,1304.4,1.6,43170,127.32
1249,308,2024-07-03 01:47:00,1,0,Clothing,Delhi,45,Male,8965.64,2.4,16694,114.62
4077,766,2024-12-19 21:09:00,0,0,Books,Chennai,51,Female,5128.83,2.9,55373,249.04
1691,461,2024-04-27 13:00:00,1,0,Clothing,Mumbai,18,Female,4091.9,4.1,49421,48.53
1365,478,2024-06-21 13:33:00,1,0,Books,Chennai,48,Male,2715.68,4.1,63646,97.98
3577,113,2024-10-13 16:00:00,0,1,Toys,Bangalore,55,Male,5734.33,4.7,83857,249.65
4300,431,2024-05-02 10:44:00,1,0,Electronics,Bangalore,39,Female,6101.43,4.0,54924,84.24
1570,593,2024-09-07 20:46:00,1,1,Books,Bangalore,22,Female,5538.3,2.9,59943,84.13
4840,353,2024-11-14 05:21:00,0,0,Books,Chennai,53,Male,5052.97,2.9,35757,24.94
3243,498,2024-03-29 13:05:00,1,0,Books,Chennai,59,Male,5982.58,3.6,84322,236.75
4917,321,2024-09-14 12:14:00,1,0,Clothing,Mumbai,35,Female,9124.58,2.7,45085,89.58
3956,560,2024-07-07 07:39:00,1,0,Electronics,Bangalore,25,Male,760.33,1.0,55444,135.74
1515,443,2024-01-15 23:22:00,1,0,Toys,Delhi,57,Female,3036.49,3.2,68569,280.76
1316,226,2024-01-10 10:57:00,1,0,Electronics,Mumbai,35,Male,8805.3,1.1,16422,31.94
1277,932,2024-12-13 12:05:00,1,0,Clothing,Bangalore,58,Male,2043.36,1.3,37503,250.11
2615,825,2024-12-19 09:10:00,0,0,Electronics,Bangalore,42,Male,384.73,1.2,93115,50.83
4654,102,2024-04-13 09:40:00,1,1,Books,Delhi,22,Female,6612.42,4.3,86478,61.08
3663,288,2024-10-26 23:10:00,1,0,Electronics,Mumbai,28,Female,8137.09,2.0,41319,252.88
2898,747,2024-12-15 22:52:00,1,0,Books,Delhi,56,Male,2026.83,3.4,95326,290.89
4645,840,2024-11-15 14:44:00,0,0,Clothing,Kolkata,20,Male,920.59,4.0,63895,280.24
1279,832,2024-07-14 15:43:00,0,0,Home,Chennai,41,Female,7376.87,2.5,70922,277.83
3541,772,2024-04-19 18:17:00,0,0,Toys,Mumbai,55,Female,4257.92,3.3,55053,68.02
2079,915,2024-12-26 10:41:00,1,0,Toys,Mumbai,32,Female,2878.93,2.2,60271,24.14
1410,865,2024-06-24 22:17:00,1,0,Books,Kolkata,24,Female,8452.4,1.3,69287,68.31
4228,930,2024-07-08 20:39:00,1,1,Electronics,Mumbai,45,Female,8623.55,2.3,78020,41.44
1287,321,2024-05-04 10:57:00,0,0,Books,Bangalore,20,Female,2656.09,1.3,21654,150.64
4042,875,2024-12-27 18:19:00,0,1,Toys,Chennai,38,Male,8812.82,3.6,40754,268.17
3310,587,2024-06-28 08:56:00,1,1,Books,Bangalore,57,Male,4488.57,3.6,50798,145.58
4738,947,2024-02-11 05:18:00,1,0,Clothing,Bangalore,57,Male,8109.24,1.1,26868,115.33
4291,399,2024-01-29 19:22:00,1,0,Clothing,Kolkata,44,Female,9345.1,1.1,44754,83.12
3159,391,2024-12-10 04:32:00,1,0,Home,Bangalore,55,Male,4107.98,1.4,43147,204.39
1661,658,2024-05-08 01:57:00,0,0,Clothing,Delhi,21,Female,2857.26,2.6,56714,66.5
4447,327,2024-07-13 10:06:00,1,0,Clothing,Mumbai,25,Female,9723.52,2.8,20919,43.86
3393,580,2024-01-22 03:22:00,1,0,Clothing,Kolkata,54,Female,4547.81,2.3,40919,11.26
1091,217,2024-06-27 05:44:00,1,1,Home,Mumbai,30,Male,1217.81,3.2,56005,11.03
3620,614,2024-08-02 01:42:00,1,0,Clothing,Bangalore,52,Female,7210.78,3.5,47390,243.48
3158,708,2024-05-19 08:04:00,1,0,Home,Bangalore,35,Female,4506.84,4.6,82395,200.14
1456,288,2024-10-05 07:39:00,0,0,Toys,Chennai,28,Female,1708.71,2.0,28462,17.91
1473,405,2024-10-20 05:15:00,1,1,Home,Kolkata,55,Female,3799.26,1.0,58977,120.87
1280,655,2024-01-07 19:51:00,0,0,Electronics,Bangalore,52,Male,8544.84,2.1,16863,83.76
2003,467,2024-11-30 14:42:00,0,1,Toys,Mumbai,57,Male,5099.44,3.7,51389,40.15
2228,351,2024-06-23 13:54:00,1,0,Home,Chennai,38,Female,3265.2,1.1,86116,97.85
2852,896,2024-06-16 18:51:00,0,0,Home,Kolkata,28,Female,5876.79,2.4,52347,34.95
3525,501,2024-02-01 22:34:00,0,0,Electronics,Delhi,25,Female,5286.54,4.8,26201,232.91
2723,909,2024-09-10 21:23:00,0,1,Clothing,Chennai,51,Female,5925.47,4.3,58155,216.38
3685,666,2024-06-29 09:00:00,1,0,Home,Chennai,30,Female,8752.3,4.1,71668,87.35
2973,968,2024-01-17 14:56:00,1,1,Books,Chennai,42,Male,9994.84,4.9,46282,177.86
3644,328,2024-07-23 15:43:00,0,0,Electronics,Kolkata,21,Female,7807.57,3.8,28132,283.76
2568,885,2024-08-22 13:07:00,1,1,Home,Mumbai,42,Female,4431.88,4.1,61000,40.28
4337,678,2024-09-03 08:32:00,0,0,Electronics,Delhi,53,Female,1816.89,3.3,16809,135.31
3446,434,2024-09-24 03:48:00,1,0,Clothing,Bangalore,55,Female,3411.13,2.4,14214,100.32
4412,766,2024-04-16 02:26:00,1,0,Home,Chennai,39,Male,9076.95,1.6,27956,145.51
2241,786,2024-01-26 13:07:00,0,1,Clothing,Mumbai,19,Male,8113.81,4.6,10180,143.67
3414,335,2024-08-22 04:03:00,1,0,Clothing,Delhi,26,Male,5437.44,2.5,99378,13.75
2503,896,2024-04-21 06:17:00,1,1,Home,Delhi,42,Female,8433.08,3.3,44676,33.11
3793,954,2024-04-28 13:01:00,0,0,Clothing,Kolkata,43,Male,319.47,1.8,37951,110.42
4354,750,2024-01-09 11:30:00,0,0,Toys,Mumbai,55,Male,1675.3,1.2,58288,214.3
4789,110,2024-03-30 14:52:00,0,0,Clothing,Chennai,31,Female,2317.61,3.6,11562,9.01
1874,271,2024-09-03 11:37:00,1,0,Home,Chennai,32,Female,843.31,2.0,80575,281.45
1747,489,2024-05-04 16:04:00,1,0,Clothing,Delhi,50,Male,292.03,3.5,78714,66.27
1990,582,2024-10-29 04:52:00,1,0,Toys,Mumbai,19,Female,1918.79,4.1,87298,165.93
3929,723,2024-04-16 23:25:00,1,0,Home,Kolkata,37,Male,5457.01,1.2,70482,152.43
1417,539,2024-12-05 01:49:00,1,0,Home,Mumbai,24,Male,6446.96,3.4,35821,234.04
4521,616,2024-09-17 05:27:00,1,0,Home,Mumbai,37,Male,6633.48,1.7,25765,166.22
1054,314,2024-04-16 14:00:00,1,0,Electronics,Bangalore,57,Male,4465.61,5.0,43416,161.45
1004,997,2024-07-25 12:40:00,1,0,Toys,Chennai,42,Male,9243.44,4.5,66877,8.23
2188,566,2024-04-06 18:07:00,1,1,Toys,Chennai,57,Female,2930.9,4.2,50275,40.32
3080,797,2024-05-26 20:52:00,1,1,Clothing,Kolkata,45,Male,7414.32,2.5,33249,145.19
1295,760,2024-12-19 14:13:00,0,0,Books,Delhi,18,Male,9802.49,2.2,81944,203.53
1815,228,2024-11-09 13:44:00,0,0,Home,Chennai,59,Male,4786.53,2.5,83545,293.9
3014,526,2024-07-13 10:30:00,1,1,Clothing,Bangalore,58,Female,5228.4,1.9,33636,59.79
4372,816,2024-03-18 14:38:00,1,0,Electronics,Bangalore,26,Male,8912.99,2.1,46446,193.28
4570,549,2024-12-27 14:07:00,1,0,Books,Delhi,20,Male,3059.6,2.6,62022,204.83
4568,695,2024-05-12 01:49:00,1,0,Toys,Delhi,53,Female,2659.27,3.1,23240,39.79
1944,551,2024-06-20 13:59:00,1,0,Electronics,Mumbai,22,Male,3354.72,1.7,90690,172.28
3070,978,2024-10-19 02:12:00,1,1,Home,Delhi,21,Female,7494.09,2.6,67315,22.06
1074,291,2024-08-23 16:24:00,1,0,Books,Kolkata,29,Male,3953.39,2.2,11288,286.99
1038,561,2024-06-26 02:46:00,0,0,Toys,Kolkata,49,Female,8217.6,4.3,11454,218.91
3556,112,2024-10-07 19:26:00,1,0,Toys,Kolkata,33,Male,163.23,2.5,97667,178.56
3116,373,2024-12-27 11:48:00,1,0,Electronics,Kolkata,57,Male,1642.72,4.5,33902,72.59
1131,649,2024-10-28 11:30:00,1,0,Books,Mumbai,24,Female,4342.36,1.6,85486,121.69
1027,954,2024-03-05 05:25:00,1,0,Home,Bangalore,57,Male,3197.06,3.1,88981,223.79
3981,203,2024-10-12 16:32:00,1,0,Electronics,Delhi,39,Male,3799.67,1.8,42413,171.02
4066,522,2024-01-26 09:47:00,1,0,Clothing,Mumbai,46,Male,4997.24,3.7,21284,54.89
1214,324,2024-07-16 13:14:00,1,1,Electronics,Chennai,57,Female,6600.08,1.8,62752,133.96
4536,453,2024-02-08 01:52:00,1,0,Home,Kolkata,30,Female,8485.97,1.1,63087,203.63
2760,690,2024-03-04 14:31:00,0,1,Home,Kolkata,27,Female,3735.58,3.8,77340,287.7
3398,529,2024-10-29 13:03:00,1,0,Electronics,Chennai,59,Male,2204.65,4.6,32277,188.83
4400,234,2024-09-03 20:32:00,1,1,Clothing,Chennai,59,Male,1467.81,3.0,49631,147.22
3446,628,2024-05-24 00:36:00,1,0,Clothing,Chennai,18,Male,1558.71,3.5,45501,198.74
4236,159,2024-02-20 09:05:00,0,0,Books,Chennai,25,Female,246.77,3.3,80352,185.08
1282,876,2024-05-01 07:16:00,0,0,Toys,Chennai,36,Male,498.83,2.7,69629,75.66
2904,876,2024-04-20 10:52:00,1,1,Clothing,Delhi,34,Male,8069.84,3.1,53695,130.94
2393,812,2024-10-18 05:10:00,1,1,Home,Mumbai,23,Female,8771.74,1.5,16005,27.86
2371,908,2024-11-15 12:18:00,1,0,Electronics,Kolkata,29,Male,7979.52,2.3,26293,11.48
4415,320,2024-07-14 11:46:00,0,0,Toys,Bangalore,26,Female,7957.11,1.6,25227,99.78
1969,928,2024-10-15 19:29:00,0,0,Home,Kolkata,56,Male,5690.09,4.5,69193,27.64
1878,281,2024-09-10 23:07:00,1,0,Clothing,Chennai,31,Male,9566.98,4.6,38635,182.3
1959,503,2024-08-10 06:54:00,1,0,Toys,Mumbai,37,Male,5308.09,2.4,98110,244.66
1614,845,2024-12-13 09:41:00,0,1,Home,Kolkata,40,Female,7189.89,2.9,71570,286.5
1557,319,2024-01-14 13:45:00,1,0,Clothing,Bangalore,20,Female,3195.33,2.1,41467,19.09
1230,955,2024-12-07 19:04:00,1,1,Clothing,Kolkata,32,Male,2951.18,1.7,39257,40.06
4544,225,2024-04-09 02:47:00,1,0,Home,Bangalore,19,Female,6705.78,3.0,97704,30.18
2045,345,2024-08-03 18:56:00,1,0,Toys,Mumbai,24,Female,8079.64,4.2,50514,20.72
1219,101,2024-08-08 03:43:00,1,1,Books,Mumbai,40,Female,7726.67,1.2,47206,10.0
2622,692,2024-07-23 22:22:00,0,1,Home,Mumbai,30,Male,8424.65,1.1,83302,190.71
3879,890,2024-01-01 16:58:00,1,0,Books,Bangalore,42,Male,3460.47,3.3,24890,245.17
1465,476,2024-02-14 15:49:00,0,0,Home,Mumbai,29,Male,2033.38,4.0,44046,32.49
2118,274,2024-09-17 09:23:00,0,0,Toys,Mumbai,56,Female,331.0,1.1,63743,261.64
4993,809,2024-06-04 13:53:00,1,0,Toys,Delhi,54,Male,381.83,3.8,58827,175.66
3954,305,2024-04-26 22:43:00,1,0,Electronics,Chennai,45,Female,7958.96,4.2,45396,163.98
3011,714,2024-01-31 18:03:00,1,0,Clothing,Chennai,23,Female,7359.21,2.6,94216,15.71
4140,620,2024-03-30 04:42:00,1,0,Toys,Kolkata,34,Female,9781.25,1.1,43257,228.93
2899,483,2024-12-22 14:26:00,0,0,Home,Chennai,52,Male,3286.96,1.1,57594,10.21
3603,233,2024-05-29 15:26:00,1,0,Books,Bangalore,52,Male,7909.3,4.3,81727,264.16
1733,127,2024-06-06 03:48:00,0,1,Toys,Bangalore,40,Female,9160.95,3.4,55454,47.74
3560,485,2024-12-20 15:13:00,1,0,Books,Delhi,22,Female,4868.78,4.6,46845,35.43
2908,493,2024-02-02 15:31:00,0,1,Home,Bangalore,42,Male,8415.6,2.9,23880,81.23
1203,551,2024-10-12 12:50:00,0,0,Electronics,Mumbai,55,Female,2246.48,3.1,25344,299.37
3339,936,2024-01-20 23:02:00,1,0,Clothing,Kolkata,56,Female,1856.31,2.3,76581,172.07
3925,888,2024-10-21 01:50:00,1,0,Books,Kolkata,37,Male,2276.61,1.7,52020,196.47
1782,404,2024-10-20 08:20:00,1,0,Home,Delhi,31,Female,4708.93,1.5,62884,120.82
4551,495,2024-08-24 12:56:00,1,0,Toys,Kolkata,24,Male,3636.83,1.6,42441,60.99
1448,285,2024-08-21 23:13:00,1,0,Electronics,Bangalore,27,Male,6319.63,2.6,21058,216.45
4181,233,2024-10-02 03:09:00,0,0,Electronics,Chennai,18,Female,6015.24,3.1,13694,46.36
3955,211,2024-03-22 07:08:00,1,0,Toys,Bangalore,25,Male,5205.12,2.7,45090,138.46
4908,310,2024-09-23 00:46:00,1,1,Home,Delhi,26,Male,4519.59,4.0,92264,131.46
4626,825,2024-03-15 14:42:00,1,0,Toys,Kolkata,50,Female,604.98,4.7,74749,114.27
4950,646,2024-12-10 12:25:00,1,0,Electronics,Mumbai,26,Female,2879.49,4.6,38865,105.83
4259,264,2024-10-22 06:19:00,1,1,Home,Delhi,48,Male,2073.4,2.3,41518,20.02
1182,860,2024-05-08 12:36:00,1,0,Toys,Kolkata,29,Male,7553.39,1.5,56229,100.4
4385,584,2024-01-28 07:26:00,1,0,Books,Chennai,42,Male,6360.71,4.3,98455,73.76
1114,883,2024-02-04 13:06:00,0,1,Home,Kolkata,35,Male,7402.42,2.1,23444,57.94
2967,725,2024-02-29 08:24:00,1,0,Books,Bangalore,18,Male,8383.41,4.1,87662,35.34
3456,611,2024-08-05 10:27:00,1,0,Electronics,Chennai,19,Female,5590.64,4.9,29268,256.76
2374,882,2024-01-10 16:16:00,0,0,Electronics,Delhi,45,Female,8478.26,1.7,44045,81.73
2817,956,2024-10-15 00:23:00,1,0,Home,Kolkata,55,Male,2554.12,1.9,13948,163.4
4075,130,2024-08-23 03:35:00,1,0,Electronics,Bangalore,33,Male,8273.02,5.0,93412,237.44
3363,209,2024-08-07 22:33:00,1,1,Clothing,Chennai,30,Male,6653.84,4.7,64490,13.58
1400,580,2024-01-10 01:32:00,1,0,Toys,Chennai,49,Female,793.59,4.0,24178,292.18
2956,855,2024-09-24 16:06:00,1,0,Toys,Kolkata,22,Female,4575.16,1.1,18431,114.7
3232,622,2024-05-27 12:52:00,1,0,Electronics,Bangalore,24,Female,7981.28,4.8,69166,270.79
1992,423,2024-04-04 06:53:00,1,0,Electronics,Bangalore,26,Male,1676.5,2.4,94939,176.07
3476,608,2024-12-05 22:57:00,1,0,Electronics,Kolkata,58,Female,1144.59,3.8,38137,190.62
1655,710,2024-02-17 21:57:00,1,0,Electronics,Delhi,53,Male,6222.04,4.2,62581,198.64
1866,760,2024-10-16 02:23:00,1,0,Home,Mumbai,27,Female,8114.25,2.3,52208,288.52
4853,422,2024-07-15 06:06:00,0,0,Clothing,Mumbai,20,Male,9466.71,4.2,96835,83.69
4544,482,2024-02-05 02:45:00,1,0,Home,Kolkata,18,Female,560.38,3.8,54690,270.77
1516,338,2024-11-30 10:33:00,1,0,Clothing,Kolkata,29,Male,1900.31,2.0,20813,122.18
2725,312,2024-10-14 06:22:00,1,0,Books,Delhi,58,Male,6009.21,1.8,55313,106.27
4523,919,2024-07-14 23:54:00,1,0,Home,Bangalore,43,Female,2385.92,4.0,39893,181.62
2268,955,2024-07-23 20:30:00,1,0,Toys,Bangalore,44,Male,3414.6,1.4,82766,116.25
1041,562,2024-01-03 05:11:00,0,0,Toys,Kolkata,34,Female,2058.5,4.1,81747,56.71
1783,404,2024-05-03 19:34:00,0,0,Clothing,Mumbai,35,Male,7767.17,2.2,83718,239.21
1079,933,2024-03-11 17:58:00,1,0,Clothing,Delhi,42,Male,3652.99,2.4,16535,158.75
1013,244,2024-10-02 02:47:00,0,1,Home,Bangalore,49,Male,7581.81,3.6,97193,258.51
3193,764,2024-02-24 05:35:00,1,0,Home,Mumbai,29,Male,2776.94,5.0,99220,148.62
1904,317,2024-02-17 02:12:00,1,0,Books,Mumbai,54,Female,6899.94,3.3,88981,68.61
2618,668,2024-12-25 12:54:00,1,0,Electronics,Chennai,37,Male,2013.09,3.3,48892,28.37
3828,718,2024-03-08 14:18:00,1,0,Toys,Kolkata,57,Male,1080.0,4.6,84348,69.33
2034,192,2024-07-10 18:24:00,1,0,Home,Mumbai,50,Male,1301.76,1.9,14478,190.5
4805,933,2024-01-25 06:05:00,0,1,Toys,Chennai,22,Female,812.01,1.4,66930,31.92
4495,373,2024-01-31 23:03:00,0,0,Home,Bangalore,45,Female,7803.37,3.0,78103,59.29
2777,692,2024-11-25 15:13:00,1,0,Home,Mumbai,27,Female,8447.38,1.8,14215,185.07
1550,876,2024-11-27 15:56:00,1,0,Books,Chennai,23,Female,4537.87,1.3,17857,172.28
2523,218,2024-02-12 09:38:00,1,0,Home,Kolkata,29,Male,695.82,4.0,66439,108.38
2814,762,2024-05-30 11:42:00,0,0,Home,Bangalore,34,Male,1617.26,4.9,20382,116.45
3758,444,2024-01-23 08:16:00,1,0,Clothing,Mumbai,22,Female,4532.71,3.2,21223,259.6
3556,839,2024-08-28 21:34:00,1,1,Electronics,Mumbai,36,Male,3040.96,4.0,37305,151.28
3918,656,2024-06-28 12:42:00,1,0,Books,Delhi,22,Female,5598.28,4.2,84254,290.19
4327,167,2024-04-28 21:05:00,1,0,Clothing,Mumbai,43,Male,1234.51,2.1,63761,149.83
3680,830,2024-11-05 01:51:00,1,0,Books,Chennai,27,Male,3273.52,1.8,41758,226.34
1492,610,2024-06-20 08:41:00,1,0,Electronics,Kolkata,29,Female,7501.16,1.1,31282,41.58
4428,270,2024-11-29 03:35:00,1,0,Books,Delhi,36,Male,7474.73,2.1,34273,35.39
1778,167,2024-11-21 19:04:00,1,0,Books,Kolkata,47,Male,9385.03,1.9,48977,237.84
3215,276,2024-11-22 21:09:00,1,1,Clothing,Mumbai,50,Female,7183.89,3.8,48737,119.8
1609,219,2024-11-19 17:21:00,1,0,Clothing,Chennai,50,Female,4058.79,2.4,79713,69.66
3954,876,2024-10-18 08:21:00,1,0,Clothing,Kolkata,56,Female,1274.12,1.5,64909,140.91
2511,453,2024-02-23 14:06:00,1,0,Home,Kolkata,36,Female,5260.49,2.3,13618,29.3
1612,584,2024-08-07 14:34:00,0,0,Toys,Mumbai,57,Male,7339.43,1.1,29287,124.53
2653,171,2024-07-14 18:20:00,0,1,Home,Mumbai,41,Male,4066.03,2.5,81595,9.78
4372,891,2024-12-08 06:52:00,1,0,Home,Kolkata,55,Female,4251.26,4.2,15568,173.64
3219,855,2024-11-27 12:53:00,0,0,Toys,Delhi,38,Male,2941.54,4.7,94586,30.78
4970,690,2024-08-11 02:04:00,1,1,Home,Delhi,21,Female,4596.89,2.7,34576,230.66
3826,491,2024-05-30 23:32:00,1,0,Books,Mumbai,27,Male,2359.79,4.0,98848,246.51
3937,263,2024-05-28 21:03:00,0,1,Clothing,Bangalore,46,Male,409.71,3.6,76172,126.0
4137,897,2024-12-14 21:01:00,1,0,Electronics,Kolkata,35,Male,2112.04,1.1,49912,272.16
2651,124,2024-04-30 02:05:00,1,0,Electronics,Chennai,28,Female,4505.32,4.4,60766,198.28
3728,279,2024-03-13 15:52:00,0,0,Electronics,Chennai,55,Female,2429.56,2.3,24982,287.13
4146,374,2024-09-10 22:38:00,0,0,Books,Mumbai,37,Female,7035.44,4.6,24561,271.86
2370,365,2024-11-03 10:33:00,1,0,Books,Kolkata,52,Male,1951.91,4.5,39893,211.79
3052,452,2024-03-19 19:59:00,1,0,Books,Chennai,18,Female,4733.07,3.6,85257,57.0
4137,982,2024-05-10 11:02:00,0,0,Books,Bangalore,36,Female,3722.44,2.9,31505,73.97
3288,346,2024-08-03 22:18:00,0,0,Books,Delhi,48,Female,8110.65,3.9,16106,41.32
4914,882,2024-11-15 06:03:00,0,0,Home,Mumbai,50,Female,274.78,2.5,68918,147.48
3999,199,2024-06-22 18:46:00,1,0,Clothing,Delhi,30,Female,1376.39,1.9,99420,108.51
1297,952,2024-10-07 19:02:00,1,0,Toys,Kolkata,23,Female,6947.52,4.9,38517,274.43
1449,401,2024-09-07 19:09:00,1,0,Clothing,Bangalore,18,Female,4354.24,4.8,76252,74.34
1350,968,2024-08-01 18:16:00,1,0,Clothing,Bangalore,27,Male,1402.49,1.8,16269,44.12
2844,428,2024-02-20 06:11:00,1,0,Electronics,Delhi,26,Male,5282.44,3.3,82719,210.56
1677,168,2024-09-10 22:14:00,0,0,Clothing,Delhi,36,Male,6861.99,3.1,76190,283.96
1209,564,2024-01-09 12:13:00,1,0,Books,Bangalore,21,Male,6392.67,4.3,66071,103.22
3793,579,2024-04-22 05:43:00,0,0,Clothing,Kolkata,35,Female,4179.01,3.3,70983,287.91
2363,720,2024-02-18 11:34:00,1,0,Home,Delhi,33,Female,7487.97,4.3,76822,36.89
2437,658,2024-08-22 13:30:00,0,0,Clothing,Chennai,18,Male,3984.37,1.1,39432,43.89
2154,574,2024-11-08 11:09:00,0,0,Books,Delhi,34,Male,2249.62,1.6,42401,186.89
3146,450,2024-01-27 22:28:00,1,0,Toys,Chennai,33,Female,4782.82,4.5,89091,120.13
4460,443,2024-01-08 09:57:00,1,0,Home,Kolkata,43,Female,9782.9,3.3,58181,86.17
3998,306,2024-08-09 03:13:00,0,0,Toys,Kolkata,29,Female,5198.22,1.3,78052,204.82
2037,390,2024-07-16 02:00:00,1,0,Clothing,Bangalore,58,Female,1829.57,3.1,65958,72.21
4578,453,2024-11-29 11:37:00,1,0,Electronics,Chennai,33,Male,3769.94,2.0,75702,238.82
1550,413,2024-01-26 18:29:00,1,0,Electronics,Delhi,57,Female,5361.29,4.9,36551,132.42
2057,771,2024-03-29 22:06:00,0,0,Home,Chennai,34,Male,1557.37,4.8,91865,91.17
4706,413,2024-07-09 13:46:00,1,0,Books,Chennai,53,Female,3651.52,2.2,65091,184.61
4474,792,2024-01-10 13:16:00,1,0,Electronics,Delhi,53,Female,5339.42,4.3,94174,79.69
3662,594,2024-02-04 00:32:00,1,0,Toys,Bangalore,51,Male,4834.0,2.9,21642,209.37
4065,208,2024-02-08 04:00:00,1,0,Books,Delhi,41,Male,4616.84,2.1,61578,112.38
4478,429,2024-11-12 22:59:00,0,0,Home,Kolkata,46,Female,2932.98,2.4,97764,33.2
1181,102,2024-10-21 08:13:00,1,0,Electronics,Bangalore,40,Female,3664.54,3.0,16364,72.34
1291,194,2024-07-05 22:01:00,1,0,Books,Bangalore,28,Male,7489.32,3.1,99843,279.38
4252,656,2024-04-08 05:38:00,1,0,Toys,Mumbai,27,Female,2088.99,3.5,11463,157.57
3801,768,2024-06-25 19:54:00,0,1,Books,Kolkata,40,Female,9410.89,3.0,97151,50.6
3719,957,2024-07-16 03:21:00,1,0,Clothing,Kolkata,34,Female,1219.52,2.8,22169,39.98
3525,892,2024-03-09 01:12:00,1,0,Toys,Mumbai,27,Male,928.75,4.7,13700,265.31
4661,229,2024-11-05 17:31:00,0,0,Clothing,Kolkata,28,Female,7589.41,4.3,81984,137.36
3053,525,2024-02-18 22:25:00,1,0,Electronics,Bangalore,44,Male,6765.19,3.7,62036,129.25
2647,753,2024-11-12 00:21:00,1,0,Home,Chennai,46,Female,2479.43,1.5,98663,135.76
3067,506,2024-10-13 14:31:00,1,0,Electronics,Kolkata,40,Female,5541.02,2.4,80269,225.51
1385,283,2024-11-25 00:44:00,1,0,Books,Kolkata,20,Male,1986.65,4.8,33412,16.65
3759,632,2024-06-05 23:36:00,1,1,Clothing,Chennai,24,Male,9534.64,4.1,40028,229.86
1827,951,2024-03-03 05:17:00,1,0,Clothing,Chennai,58,Male,3345.03,2.5,99972,134.01
3803,217,2024-01-08 09:49:00,1,0,Toys,Mumbai,56,Female,8729.53,2.4,18375,242.97
4123,212,2024-11-09 21:41:00,1,0,Books,Bangalore,45,Male,9390.33,5.0,35239,11.69
1668,777,2024-10-27 01:10:00,1,0,Toys,Delhi,45,Female,5797.77,4.9,10747,267.12
2471,134,2024-04-29 09:12:00,1,0,Books,Chennai,57,Female,191.54,2.9,49725,205.05
3494,488,2024-10-04 13:38:00,0,1,Electronics,Delhi,23,Male,2252.05,2.4,42850,20.59
3095,650,2024-06-30 13:22:00,1,0,Clothing,Chennai,41,Female,7602.59,3.7,69609,17.73
4906,101,2024-03-14 16:23:00,1,0,Home,Delhi,43,Female,2486.87,1.0,11963,179.47
1279,746,2024-10-15 03:54:00,1,0,Books,Kolkata,40,Male,9984.63,1.2,22550,240.18
1554,306,2024-12-25 21:45:00,1,0,Clothing,Mumbai,18,Female,8585.51,3.1,35730,15.78
2721,467,2024-07-23 03:55:00,1,0,Books,Bangalore,24,Female,7541.27,2.9,25308,280.11
3140,989,2024-05-05 08:59:00,1,1,Toys,Chennai,32,Female,9388.13,1.6,39757,21.22
3504,320,2024-05-17 02:44:00,0,0,Clothing,Delhi,33,Male,2790.47,2.4,69241,115.14
4161,467,2024-12-01 09:46:00,1,0,Clothing,Chennai,37,Female,7555.27,3.5,60388,123.9
2420,826,2024-02-01 15:33:00,1,0,Electronics,Chennai,59,Male,1479.51,3.7,66252,193.08
4059,599,2024-10-28 01:47:00,0,1,Toys,Bangalore,28,Female,6785.37,4.8,38654,212.6
1626,904,2024-08-06 21:46:00,1,0,Toys,Chennai,49,Female,7894.87,3.7,21779,101.04
1054,816,2024-03-20 01:58:00,0,0,Electronics,Kolkata,21,Female,7123.79,2.4,83311,158.29
1533,933,2024-11-29 02:12:00,0,1,Home,Chennai,27,Male,4768.45,1.9,80771,31.6
1920,537,2024-03-13 04:52:00,0,0,Clothing,Kolkata,38,Female,6401.83,1.0,78790,194.81
3348,431,2024-08-24 13:11:00,1,0,Electronics,Delhi,22,Female,1167.89,3.3,19416,161.04
2418,862,2024-12-29 05:35:00,1,0,Electronics,Bangalore,59,Female,1512.99,3.4,24594,31.49
4860,881,2024-08-11 21:13:00,1,1,Toys,Mumbai,22,Male,3644.57,2.9,98181,223.34
3355,788,2024-12-30 20:17:00,0,1,Clothing,Kolkata,44,Female,1832.02,3.3,26635,133.42
4392,727,2024-01-28 22:06:00,0,0,Clothing,Bangalore,37,Male,1238.76,3.4,27024,155.69
2214,518,2024-04-22 08:12:00,1,0,Electronics,Kolkata,33,Male,9822.06,1.8,67082,37.67
3079,912,2024-10-12 10:35:00,1,0,Toys,Chennai,27,Female,2956.36,3.1,54377,246.54
1961,969,2024-05-28 14:15:00,0,0,Clothing,Kolkata,50,Female,4341.91,4.6,85064,214.22
3777,967,2024-10-15 09:50:00,1,0,Electronics,Delhi,24,Female,1697.4,3.3,81780,192.49
2881,690,2024-12-11 17:44:00,1,0,Clothing,Kolkata,31,Female,7458.47,2.6,76945,247.85
1366,302,2024-09-17 02:01:00,1,0,Home,Bangalore,21,Male,1268.15,1.8,74917,29.03
4050,397,2024-02-21 04:11:00,1,0,Home,Kolkata,19,Male,5085.88,3.0,81077,169.42
1590,265,2024-05-31 02:23:00,1,0,Home,Delhi,18,Male,7509.98,2.4,65987,254.87
1862,617,2024-04-17 21:26:00,1,0,Toys,Mumbai,41,Male,3467.97,3.3,54936,281.3
4352,848,2024-08-26 12:43:00,0,0,Home,Bangalore,18,Male,3749.9,1.1,31042,228.34
3918,721,2024-01-13 22:55:00,1,1,Toys,Chennai,41,Female,207.89,2.4,13457,70.68
1178,133,2024-01-05 16:57:00,1,0,Home,Mumbai,59,Male,5063.2,1.9,97913,56.9
4140,901,2024-03-01 11:37:00,1,0,Books,Bangalore,31,Female,8431.56,2.1,39284,57.55
1195,191,2024-06-10 12:06:00,0,0,Clothing,Kolkata,30,Female,8277.78,3.1,76504,168.68
4944,222,2024-08-20 01:43:00,0,0,Electronics,Delhi,49,Male,2319.13,4.5,48496,138.63
1737,309,2024-01-24 23:39:00,1,0,Books,Bangalore,57,Male,8639.58,4.3,30462,178.46
1625,694,2024-12-21 17:03:00,1,0,Toys,Chennai,23,Female,1443.14,1.9,31654,21.13
3907,294,2024-07-16 06:45:00,0,0,Toys,Kolkata,35,Male,1540.75,3.1,43717,13.55
3233,732,2024-02-07 09:40:00,1,1,Home,Delhi,34,Female,2269.58,2.7,33124,232.8
3814,412,2024-02-23 08:45:00,1,1,Toys,Kolkata,46,Male,8211.46,1.7,29108,97.65
2688,230,2024-04-13 05:16:00,0,1,Toys,Bangalore,42,Female,3807.55,2.8,26969,205.77
1229,218,2024-10-26 09:11:00,0,0,Clothing,Mumbai,48,Male,8272.09,4.4,32908,134.99
1075,876,2024-03-14 18:53:00,0,0,Books,Bangalore,49,Female,7979.07,1.2,29959,156.35
2878,900,2024-09-06 01:07:00,1,0,Electronics,Mumbai,55,Male,8079.23,2.5,33288,9.61
4825,522,2024-10-06 19:27:00,1,0,Toys,Mumbai,19,Male,9557.89,4.0,94204,58.39
1377,543,2024-11-29 16:55:00,1,0,Toys,Chennai,40,Female,3549.87,3.1,61382,295.14
2660,687,2024-07-09 20:15:00,1,1,Electronics,Bangalore,59,Female,7195.6,1.2,89847,252.95
1702,643,2024-04-02 08:15:00,1,0,Clothing,Kolkata,42,Female,1121.58,2.8,42099,67.9
2267,106,2024-02-23 05:00:00,0,0,Electronics,Delhi,55,Female,8358.42,4.4,73354,264.77
2544,727,2024-02-07 15:46:00,0,1,Toys,Delhi,50,Female,2706.49,3.6,55321,58.1
4047,199,2024-04-26 12:56:00,1,0,Clothing,Delhi,45,Female,9510.6,2.9,69040,49.07
1334,163,2024-06-19 04:59:00,1,1,Toys,Kolkata,19,Male,8956.8,2.8,25048,177.79
3319,994,2024-10-17 08:55:00,0,0,Toys,Bangalore,40,Female,887.0,2.2,21098,114.63
3194,146,2024-02-28 06:04:00,1,1,Books,Mumbai,58,Female,2988.16,4.8,33189,5.61
4528,671,2024-06-04 13:05:00,1,0,Home,Mumbai,52,Female,3217.65,1.5,66270,208.14
3476,249,2024-03-01 08:39:00,0,0,Books,Delhi,29,Female,3269.6,4.3,32156,72.19
4147,640,2024-04-21 01:14:00,0,0,Home,Delhi,45,Female,4801.29,1.4,46562,53.81
3204,784,2024-11-04 00:35:00,1,0,Books,Mumbai,19,Male,6314.74,3.2,41514,244.18
4734,828,2024-08-03 18:32:00,1,0,Toys,Delhi,40,Female,9725.98,1.0,45761,160.94
2809,100,2024-05-01 20:59:00,0,0,Electronics,Kolkata,47,Female,6513.99,2.6,77411,85.27
2359,386,2024-03-17 12:31:00,1,0,Toys,Delhi,29,Female,4079.04,3.3,77482,54.88
2641,893,2024-03-31 05:58:00,0,1,Books,Mumbai,26,Male,9888.06,4.0,46215,48.9
2717,222,2024-11-17 03:55:00,0,0,Electronics,Chennai,52,Male,4740.74,4.3,21424,29.55
1184,141,2024-08-27 10:26:00,0,0,Home,Mumbai,54,Female,8449.63,3.8,38813,100.84
1384,841,2024-04-23 20:07:00,1,0,Home,Bangalore,47,Male,4066.53,4.2,22610,8.76
1509,228,2024-06-11 05:44:00,0,0,Books,Mumbai,50,Female,686.04,1.1,31754,276.1
3692,823,2024-12-27 10:29:00,1,0,Electronics,Kolkata,31,Female,8176.1,4.4,99994,101.24
4681,242,2024-12-11 13:06:00,1,1,Home,Kolkata,52,Female,3296.37,2.3,86773,141.44
1986,423,2024-10-21 06:33:00,1,1,Books,Bangalore,49,Female,8938.93,4.5,58041,184.35
2638,287,2024-06-20 09:34:00,0,0,Home,Kolkata,41,Male,6866.05,4.7,98817,35.79
1999,138,2024-01-29 16:10:00,1,0,Clothing,Chennai,21,Female,5587.06,1.2,88441,194.23
4088,393,2024-02-19 08:01:00,1,0,Home,Mumbai,32,Male,8369.91,4.5,93198,201.46
1454,467,2024-10-30 18:51:00,0,0,Home,Mumbai,46,Male,358.53,4.4,47404,125.71
4956,800,2024-07-30 23:06:00,1,0,Toys,Chennai,33,Female,5514.95,1.1,37043,217.21
3702,647,2024-06-30 21:28:00,1,0,Clothing,Bangalore,55,Female,2002.92,3.7,99259,48.68
3164,163,2024-04-28 16:36:00,1,0,Toys,Bangalore,24,Male,3623.18,3.8,94167,120.67
3798,772,2024-09-17 00:21:00,0,0,Home,Delhi,31,Female,1916.43,1.6,38060,240.69
2830,257,2024-11-10 09:52:00,1,1,Electronics,Chennai,57,Male,9675.19,4.8,43812,292.36
3687,155,2024-06-10 10:31:00,1,1,Books,Delhi,44,Male,9382.51,4.3,96879,164.46
1408,778,2024-10-14 21:57:00,1,0,Toys,Kolkata,49,Male,2838.83,4.0,31954,57.15
3037,943,2024-07-15 05:34:00,0,1,Toys,Delhi,28,Female,8670.26,1.3,61182,287.61
2778,974,2024-09-09 22:34:00,1,1,Home,Bangalore,34,Male,3299.84,2.3,55919,188.63
1741,939,2024-01-22 10:36:00,0,0,Clothing,Mumbai,44,Male,7074.18,1.5,44347,196.38
2688,197,2024-02-16 10:22:00,1,0,Books,Chennai,25,Female,4761.98,1.9,79355,253.3
3005,415,2024-09-12 22:27:00,1,0,Toys,Mumbai,43,Female,1012.66,2.1,87553,200.71
1182,956,2024-01-09 23:01:00,1,0,Home,Bangalore,40,Male,7150.02,2.8,83647,130.82
1562,159,2024-11-22 00:42:00,1,0,Electronics,Bangalore,19,Male,5093.44,2.4,48859,67.63
4868,178,2024-12-07 18:55:00,1,1,Home,Bangalore,27,Female,8870.73,4.8,88525,128.71
4392,318,2024-06-18 14:15:00,0,0,Electronics,Delhi,29,Female,8484.08,2.1,36283,225.79
4221,542,2024-06-26 02:48:00,1,1,Books,Bangalore,19,Male,9815.5,1.0,18313,83.12
1894,407,2024-08-18 08:31:00,0,0,Home,Mumbai,21,Female,4014.32,2.3,70957,191.2
2753,857,2024-09-26 19:42:00,1,0,Electronics,Mumbai,42,Female,5032.4,1.4,54914,184.26
1472,157,2024-12-29 08:11:00,1,0,Clothing,Chennai,32,Female,3304.73,4.7,28643,59.55
3627,217,2024-04-15 14:48:00,1,0,Home,Kolkata,33,Male,1437.43,4.9,88285,241.7
3730,120,2024-08-19 01:16:00,0,0,Toys,Delhi,46,Female,5891.51,4.1,93025,35.22
2296,415,2024-05-18 23:03:00,1,0,Electronics,Delhi,42,Female,7781.77,2.0,18323,122.55
1675,549,2024-08-17 11:11:00,1,1,Electronics,Mumbai,39,Female,2423.95,4.8,40461,278.14
1626,186,2024-09-05 04:13:00,1,0,Clothing,Mumbai,40,Male,3371.41,4.7,73044,245.02
4372,115,2024-01-17 19:07:00,0,0,Clothing,Chennai,57,Female,6256.47,4.5,39042,278.98
3023,931,2024-10-01 22:47:00,1,1,Electronics,Chennai,27,Female,8935.95,2.8,55664,133.06
3041,941,2024-09-25 11:45:00,1,0,Toys,Mumbai,29,Male,1142.29,2.9,57049,163.86
1838,757,2024-05-28 09:53:00,0,1,Clothing,Delhi,42,Male,2516.6,2.1,57231,156.48
2916,337,2024-05-25 22:06:00,1,0,Books,Mumbai,46,Male,947.8,3.5,69662,50.52
2880,314,2024-05-17 18:10:00,1,0,Toys,Kolkata,30,Male,4725.8,2.4,90850,190.43
3415,813,2024-10-10 15:33:00,1,0,Electronics,Bangalore,30,Female,9993.96,3.9,37174,270.9
2828,824,2024-01-18 16:12:00,0,1,Electronics,Chennai,38,Female,2857.78,1.8,53211,116.45
2492,876,2024-08-02 17:07:00,1,0,Home,Bangalore,19,Male,7950.68,1.6,56120,239.52
1725,788,2024-12-06 14:40:00,0,0,Toys,Mumbai,24,Male,3384.77,3.2,70207,85.58
3180,307,2024-12-08 09:24:00,1,0,Clothing,Chennai,47,Male,3199.92,1.9,49397,257.69
4308,844,2024-11-06 19:25:00,1,0,Home,Mumbai,30,Female,1517.46,5.0,83551,230.16
3452,569,2024-11-20 12:24:00,1,0,Clothing,Bangalore,40,Female,677.72,3.5,59631,283.88
2931,772,2024-01-13 07:42:00,0,0,Clothing,Mumbai,34,Male,5943.95,2.7,61582,287.57
4470,318,2024-07-14 19:30:00,0,0,Toys,Chennai,53,Female,1430.53,4.1,83787,273.51
3877,872,2024-09-09 06:46:00,0,0,Toys,Bangalore,41,Female,2680.17,4.8,55901,119.98
4403,498,2024-07-11 21:36:00,0,0,Electronics,Bangalore,23,Female,1995.51,2.0,32487,148.85
4145,299,2024-02-09 23:57:00,1,1,Clothing,Kolkata,26,Female,2068.77,3.2,16833,61.72
4558,735,2024-11-24 09:55:00,1,0,Clothing,Bangalore,59,Male,1644.27,1.5,48371,141.46
4969,499,2024-08-07 03:34:00,1,0,Toys,Mumbai,40,Female,3210.45,2.2,21105,252.68
3672,398,2024-03-23 13:35:00,1,1,Clothing,Mumbai,24,Male,8651.36,3.8,90720,289.4
3036,820,2024-09-16 08:53:00,1,0,Electronics,Kolkata,57,Male,5650.05,2.6,71133,97.69
4830,624,2024-11-08 16:35:00,1,0,Toys,Delhi,21,Male,5774.78,3.9,51081,41.72
1496,120,2024-04-10 22:43:00,1,0,Home,Delhi,46,Female,1738.07,1.3,59973,155.88
4627,115,2024-05-20 07:07:00,1,0,Clothing,Chennai,44,Female,5489.02,3.6,47959,57.92
4811,593,2024-03-24 21:43:00,1,0,Books,Bangalore,31,Female,3018.21,2.7,54839,270.55
2611,155,2024-01-15 00:33:00,1,1,Electronics,Kolkata,31,Female,8757.33,1.0,91961,260.36
1413,279,2024-11-01 00:20:00,1,0,Clothing,Kolkata,37,Male,7326.18,3.7,45959,26.73
4875,242,2024-04-16 16:28:00,0,0,Electronics,Kolkata,37,Male,5075.58,3.4,16772,29.28
2672,960,2024-10-11 06:11:00,0,0,Home,Chennai,34,Female,5417.89,1.0,75201,238.06
1766,656,2024-12-20 03:55:00,1,0,Electronics,Bangalore,18,Male,7503.63,1.3,83659,60.62
3567,420,2024-02-15 21:03:00,1,1,Clothing,Bangalore,45,Male,8607.42,4.0,28832,159.51
4618,117,2024-09-14 22:34:00,1,0,Electronics,Kolkata,31,Female,1179.12,2.5,46690,140.42
1478,189,2024-09-14 13:30:00,0,0,Toys,Bangalore,59,Female,8873.77,4.8,63721,230.03
1128,332,2024-08-12 17:22:00,0,0,Home,Chennai,44,Female,1010.53,2.6,40157,58.48
2425,756,2024-10-29 08:53:00,1,0,Clothing,Mumbai,22,Female,5359.3,4.6,85651,15.12
2293,373,2024-06-17 06:30:00,0,0,Toys,Mumbai,59,Female,8383.51,3.4,20945,269.76
4222,393,2024-06-08 21:19:00,0,0,Books,Chennai,42,Female,3742.02,4.5,24655,89.09
1340,834,2024-10-24 17:10:00,0,0,Toys,Kolkata,28,Female,6600.09,4.3,24558,141.33
1057,765,2024-09-11 00:06:00,1,0,Electronics,Bangalore,19,Female,868.12,2.9,15252,178.56
1773,578,2024-01-19 23:27:00,1,0,Toys,Kolkata,29,Female,3321.38,4.9,66797,100.34
1718,304,2024-01-04 20:01:00,1,0,Electronics,Chennai,44,Female,7299.34,2.2,36824,217.34
2662,111,2024-10-01 07:00:00,1,0,Electronics,Mumbai,36,Female,8477.8,2.1,76017,182.02
1912,829,2024-07-29 10:01:00,0,1,Books,Mumbai,59,Female,5163.08,4.5,99229,155.54
1319,164,2024-12-06 09:13:00,1,1,Clothing,Kolkata,28,Female,5178.35,2.7,69668,25.88
3282,730,2024-07-11 22:32:00,0,0,Electronics,Bangalore,35,Male,4902.98,4.2,94406,224.83
1036,365,2024-01-29 03:30:00,1,0,Home,Delhi,34,Male,3933.83,1.7,77599,94.59
1641,757,2024-02-26 02:31:00,1,0,Electronics,Kolkata,59,Male,2571.07,1.2,53463,54.98
1852,161,2024-02-24 03:51:00,0,0,Toys,Kolkata,52,Male,4064.92,2.4,89498,235.5
2415,513,2024-02-28 03:23:00,0,0,Toys,Delhi,59,Female,2822.06,4.3,12509,106.32
1720,525,2024-02-25 17:27:00,0,0,Electronics,Mumbai,58,Female,7482.17,2.8,54110,203.44
1389,425,2024-07-22 18:34:00,0,0,Clothing,Delhi,51,Female,804.71,1.0,38695,255.92
2164,561,2024-05-15 08:40:00,1,0,Electronics,Mumbai,54,Female,2542.63,4.9,61817,46.37
2413,873,2024-05-26 00:58:00,1,0,Toys,Mumbai,35,Male,6783.61,2.1,23236,232.7
1955,188,2024-01-09 03:52:00,0,0,Books,Bangalore,29,Male,5186.35,1.3,79852,215.53
4618,524,2024-08-12 03:24:00,1,0,Toys,Kolkata,18,Female,8550.95,1.7,39110,178.84
3885,584,2024-10-17 04:29:00,1,1,Home,Chennai,42,Male,8029.19,2.2,27315,62.17
1053,559,2024-07-14 12:32:00,0,0,Home,Delhi,35,Male,2877.59,2.4,67286,10.26
3275,937,2024-04-21 14:41:00,1,0,Books,Kolkata,19,Male,402.25,1.5,73905,130.74
4925,782,2024-04-22 11:37:00,1,1,Clothing,Delhi,18,Male,7256.87,4.4,37504,32.13
4555,287,2024-10-29 23:22:00,0,0,Clothing,Kolkata,53,Female,9952.73,2.4,98441,10.35
3048,820,2024-05-30 07:59:00,0,0,Clothing,Kolkata,40,Female,4416.89,5.0,25071,61.43
1469,723,2024-07-06 07:59:00,1,0,Books,Kolkata,19,Male,1338.56,2.5,70449,73.4
3287,177,2024-11-06 09:46:00,1,0,Toys,Bangalore,27,Female,1327.97,2.5,58164,32.33
3205,898,2024-04-23 17:45:00,1,1,Clothing,Bangalore,32,Female,3159.73,3.5,92679,54.11
4048,680,2024-05-14 11:41:00,1,0,Clothing,Mumbai,41,Male,4581.33,3.6,78263,213.13
3171,663,2024-12-22 19:56:00,1,0,Books,Mumbai,57,Female,813.21,3.2,77948,136.48
4775,565,2024-09-03 14:25:00,0,0,Home,Chennai,48,Male,3236.89,4.8,96488,21.93
1672,477,2024-03-26 12:06:00,1,0,Home,Mumbai,42,Male,757.16,3.7,45607,63.48
2802,104,2024-01-05 20:41:00,0,0,Books,Chennai,40,Female,8863.84,4.4,43602,277.02
1305,526,2024-03-07 03:00:00,1,0,Clothing,Bangalore,24,Female,6579.23,2.2,43670,133.83
4648,321,2024-06-03 17:47:00,1,0,Home,Bangalore,25,Male,5819.71,1.3,50667,46.98
2233,531,2024-02-23 08:05:00,1,0,Electronics,Mumbai,57,Female,241.4,3.6,81984,87.02
3337,963,2024-03-07 22:14:00,1,0,Books,Chennai,38,Female,5835.51,2.7,56439,253.96
2199,946,2024-11-06 13:02:00,1,0,Electronics,Mumbai,45,Male,7977.06,5.0,76125,262.23
3590,698,2024-09-21 12:54:00,0,0,Home,Delhi,25,Male,2305.85,2.0,32667,197.03
4639,892,2024-02-01 04:19:00,1,0,Electronics,Kolkata,56,Female,7844.65,3.5,98223,81.48
1701,397,2024-09-30 17:06:00,1,0,Clothing,Bangalore,59,Female,8397.57,1.2,43184,293.68
4964,236,2024-09-12 07:07:00,0,0,Toys,Mumbai,32,Male,2359.05,3.2,29517,224.04
2080,949,2024-06-19 21:43:00,1,0,Clothing,Bangalore,27,Male,5250.9,3.4,58186,123.36
2098,701,2024-10-04 11:56:00,0,1,Books,Bangalore,55,Male,1943.03,3.5,96760,132.67
1090,461,2024-09-29 07:41:00,1,0,Clothing,Delhi,53,Male,4962.28,2.4,86409,77.9
2510,553,2024-01-08 05:54:00,1,0,Electronics,Kolkata,52,Male,6013.98,1.2,23239,182.76
3343,586,2024-12-01 05:55:00,1,0,Toys,Delhi,59,Female,813.75,2.0,13184,159.93
3010,229,2024-10-12 23:39:00,0,0,Home,Chennai,29,Female,7390.56,3.6,98828,201.47
3631,700,2024-01-17 14:21:00,0,0,Electronics,Bangalore,40,Male,4331.68,3.0,28187,262.5
3442,620,2024-04-26 05:45:00,1,0,Electronics,Chennai,29,Female,4657.1,3.4,77472,236.15
1745,114,2024-10-23 21:42:00,1,0,Electronics,Chennai,18,Female,518.48,2.4,49158,51.48
4499,320,2024-09-30 05:44:00,1,0,Toys,Mumbai,41,Female,5760.45,4.9,63492,97.56
1774,582,2024-01-06 14:43:00,0,0,Toys,Delhi,22,Male,7853.87,1.6,79847,262.69
1301,586,2024-12-30 01:40:00,1,1,Home,Delhi,54,Male,6509.08,4.1,49744,110.84
4366,276,2024-10-03 00:35:00,1,0,Clothing,Kolkata,41,Female,7552.86,3.2,32462,68.65
4823,873,2024-03-31 11:49:00,1,0,Clothing,Delhi,28,Female,8906.08,3.3,69387,269.04
2595,920,2024-08-17 23:25:00,1,0,Toys,Bangalore,49,Male,6835.93,4.7,98823,88.86
3916,393,2024-02-14 02:55:00,0,0,Clothing,Mumbai,53,Female,5287.46,3.4,70210,116.8
3009,608,2024-08-11 13:38:00,1,0,Toys,Kolkata,27,Female,6171.56,4.3,76989,276.19
3577,886,2024-06-22 17:03:00,1,0,Clothing,Delhi,20,Female,8031.8,3.5,94584,217.92
2407,809,2024-06-16 15:12:00,1,0,Electronics,Delhi,34,Male,8436.82,4.4,57522,264.41
1242,983,2024-11-16 18:48:00,1,0,Electronics,Bangalore,43,Female,598.36,2.1,73045,211.88
1041,749,2024-01-20 09:46:00,1,0,Toys,Bangalore,34,Female,3053.1,1.2,29460,202.06
4727,985,2024-06-21 08:16:00,1,0,Books,Mumbai,42,Female,3670.66,1.5,53432,178.84
4802,766,2024-10-30 11:43:00,1,0,Books,Kolkata,35,Female,4654.86,3.3,33186,139.0
4675,883,2024-07-30 15:16:00,1,0,Clothing,Kolkata,18,Female,188.97,2.5,31827,104.25
3506,450,2024-01-12 15:38:00,1,0,Clothing,Delhi,37,Female,1749.54,3.3,31150,296.35
4624,866,2024-06-01 01:08:00,1,0,Books,Delhi,49,Male,7532.97,3.8,99687,199.85
4922,162,2024-05-17 21:08:00,0,0,Electronics,Delhi,38,Male,9368.41,3.4,41632,106.34
1114,905,2024-05-08 01:16:00,0,0,Electronics,Kolkata,40,Male,2736.37,4.5,96258,266.6
4669,540,2024-06-16 14:18:00,0,0,Clothing,Delhi,30,Female,8682.0,1.1,31821,40.59
1015,843,2024-03-06 22:36:00,1,0,Toys,Mumbai,25,Male,5247.03,1.0,51487,247.32
2105,427,2024-01-04 10:33:00,1,0,Toys,Delhi,57,Female,3615.35,4.8,74382,125.55
1302,554,2024-11-21 16:47:00,0,1,Clothing,Mumbai,34,Male,341.8,4.6,87439,43.92
3952,817,2024-03-01 17:39:00,1,0,Clothing,Mumbai,35,Female,6172.47,4.6,61132,210.2
2243,960,2024-01-23 01:45:00,1,1,Electronics,Mumbai,25,Female,2397.22,2.3,63158,78.35
4981,136,2024-07-07 13:32:00,1,0,Books,Kolkata,52,Male,7917.62,4.5,11861,299.44
4148,341,2024-06-20 11:08:00,1,0,Books,Mumbai,23,Female,9518.97,1.8,92773,129.3
2673,169,2024-11-15 08:13:00,0,1,Clothing,Chennai,47,Female,5375.47,3.6,47998,87.23
4468,257,2024-07-09 10:32:00,0,1,Home,Delhi,26,Female,9407.03,1.3,52493,243.78
4839,714,2024-09-26 17:42:00,1,1,Electronics,Kolkata,57,Male,7767.07,4.7,52026,22.74
2789,569,2024-01-25 12:32:00,1,0,Books,Mumbai,40,Male,5681.18,1.9,12539,79.23
1199,475,2024-06-15 20:12:00,1,0,Books,Mumbai,32,Female,7483.0,4.7,15590,11.67
4308,767,2024-12-20 15:16:00,1,0,Clothing,Mumbai,24,Male,4538.41,4.1,22341,243.71
2141,914,2024-11-09 05:41:00,0,0,Toys,Mumbai,41,Male,8164.27,1.6,85497,124.64
3527,931,2024-02-07 01:38:00,1,0,Toys,Mumbai,27,Male,6599.21,2.1,85597,169.97
3373,147,2024-02-28 18:08:00,1,0,Toys,Mumbai,55,Female,970.92,4.9,26329,215.78
4675,441,2024-03-14 10:02:00,1,0,Clothing,Kolkata,19,Male,5529.42,4.0,67060,26.49
4612,247,2024-06-29 00:56:00,0,0,Electronics,Mumbai,48,Female,5992.91,1.6,81086,15.7
4190,284,2024-01-19 21:45:00,1,0,Clothing,Bangalore,25,Male,7344.13,4.2,81929,118.89
3160,177,2024-04-30 02:43:00,1,0,Toys,Bangalore,51,Male,4871.62,4.1,46006,92.59
1133,667,2024-04-03 11:03:00,1,1,Home,Chennai,58,Male,230.03,2.0,67752,50.29
4733,821,2024-11-18 14:25:00,1,0,Clothing,Bangalore,42,Female,7142.85,3.3,32367,120.13
1489,636,2024-03-18 20:58:00,0,0,Toys,Bangalore,21,Male,4840.45,2.5,17746,123.96
2456,680,2024-07-10 03:01:00,1,0,Books,Chennai,51,Male,4985.23,1.7,66410,170.27
1510,827,2024-03-29 19:19:00,1,1,Clothing,Kolkata,32,Male,100.83,4.7,73865,65.33
3135,943,2024-02-13 01:01:00,0,0,Toys,Mumbai,53,Female,3328.26,2.9,17074,248.13
1718,557,2024-08-24 04:13:00,1,0,Home,Bangalore,45,Female,277.46,4.9,76794,254.09
4461,360,2024-04-11 16:49:00,1,0,Toys,Delhi,48,Female,2257.38,2.1,75016,89.24
2374,957,2024-12-05 09:31:00,1,0,Home,Mumbai,25,Male,603.23,2.0,33359,109.1
4339,513,2024-12-01 15:53:00,0,0,Home,Delhi,51,Female,687.61,3.7,93285,79.32
3149,817,2024-01-24 22:28:00,1,0,Clothing,Delhi,48,Female,4638.34,1.0,45356,11.85
1905,425,2024-05-27 04:47:00,0,1,Toys,Bangalore,30,Female,8236.51,3.5,99264,87.39
3685,566,2024-03-17 10:59:00,0,1,Electronics,Kolkata,18,Female,2314.37,4.4,16531,225.22
3074,749,2024-02-01 14:20:00,1,0,Home,Delhi,45,Male,7507.46,5.0,43335,221.39
4544,713,2024-11-28 02:40:00,1,0,Books,Bangalore,30,Male,6777.19,3.0,11511,265.24
3977,302,2024-04-29 20:52:00,0,0,Electronics,Delhi,18,Female,7991.23,3.4,75692,146.37
4279,346,2024-04-22 13:23:00,0,1,Clothing,Bangalore,48,Female,1860.51,2.1,71348,32.58
1010,816,2024-05-25 15:22:00,1,0,Home,Delhi,30,Female,7805.0,4.0,45754,182.04
4183,898,2024-01-22 03:52:00,1,0,Clothing,Kolkata,28,Female,4531.14,2.4,67971,112.21
2915,507,2024-11-15 02:59:00,1,0,Electronics,Bangalore,34,Male,6792.96,3.3,24367,292.4
1232,732,2024-07-10 05:03:00,1,1,Home,Mumbai,57,Male,5460.28,2.4,83092,141.13
2184,857,2024-01-04 15:29:00,0,0,Clothing,Chennai,38,Male,9197.03,1.9,93088,225.01
4707,504,2024-09-12 19:19:00,1,0,Home,Mumbai,18,Male,8959.46,2.5,87158,163.28
3217,276,2024-08-29 09:52:00,1,1,Clothing,Delhi,58,Male,3950.76,2.2,99934,16.78
1550,211,2024-07-15 02:42:00,1,1,Electronics,Chennai,40,Male,4369.5,4.4,26179,203.38
3913,516,2024-06-08 03:35:00,0,0,Books,Bangalore,49,Male,3032.63,4.2,75988,184.47
1457,777,2024-11-07 17:37:00,1,0,Toys,Chennai,28,Male,2345.18,3.9,60765,244.34
4615,820,2024-08-21 08:47:00,1,0,Books,Delhi,36,Female,5021.04,3.1,50504,237.24
1467,715,2024-07-19 18:53:00,0,1,Toys,Chennai,57,Male,6284.81,4.8,98922,180.8
3010,563,2024-09-20 11:03:00,1,0,Electronics,Bangalore,52,Male,4538.21,2.4,40235,250.29
1011,310,2024-12-20 00:14:00,1,0,Clothing,Bangalore,38,Female,4974.27,4.4,14899,92.44
4218,260,2024-12-01 10:27:00,1,1,Home,Kolkata,18,Male,1786.46,2.4,74695,72.15
2695,981,2024-01-26 16:09:00,1,0,Books,Mumbai,55,Male,1382.2,3.4,80794,241.09
2404,209,2024-01-06 14:21:00,1,0,Toys,Delhi,29,Male,7116.28,2.1,39032,176.44
3464,658,2024-01-25 08:11:00,1,0,Clothing,Delhi,29,Male,6494.77,2.3,79518,75.36
4660,793,2024-08-17 01:43:00,1,0,Books,Chennai,56,Male,958.23,2.9,85875,145.03
4222,448,2024-04-12 20:44:00,1,0,Clothing,Bangalore,32,Female,9792.91,1.0,22853,82.71
4711,777,2024-06-27 11:51:00,1,0,Books,Mumbai,51,Male,4661.12,4.1,56374,62.29
3766,169,2024-04-28 02:21:00,1,0,Home,Chennai,50,Male,7190.12,4.1,11242,124.65
1472,146,2024-09-23 13:52:00,1,0,Home,Kolkata,55,Female,9150.94,4.3,11672,23.32
3588,666,2024-11-06 12:54:00,1,0,Clothing,Delhi,19,Male,3835.47,2.7,40532,123.42
4893,305,2024-04-07 22:45:00,0,0,Books,Chennai,56,Male,6044.76,4.8,85776,127.28
4854,347,2024-05-07 14:43:00,1,0,Electronics,Mumbai,48,Male,9923.69,3.2,42134,84.0
3675,388,2024-01-08 21:14:00,1,0,Electronics,Bangalore,32,Male,7347.85,3.6,65843,67.28
4128,956,2024-02-19 19:35:00,1,1,Books,Chennai,38,Female,292.23,3.6,30278,209.9
1408,384,2024-05-02 23:32:00,0,0,Books,Delhi,41,Female,5069.23,1.7,34844,97.34
3495,559,2024-09-26 17:26:00,0,0,Books,Chennai,38,Female,4078.37,3.5,79545,11.84
4512,949,2024-09-14 11:13:00,0,0,Clothing,Mumbai,19,Female,4454.47,4.3,74315,200.77
1362,250,2024-02-16 20:26:00,1,0,Electronics,Kolkata,36,Male,242.02,3.8,30340,21.91
4777,223,2024-12-19 22:09:00,0,0,Clothing,Chennai,42,Female,7820.08,2.5,83985,276.85
3775,760,2024-06-14 15:32:00,1,0,Electronics,Kolkata,20,Male,9695.65,2.8,90369,298.29
2743,854,2024-10-29 12:28:00,1,0,Home,Chennai,58,Female,4657.54,2.4,87523,126.85
4496,691,2024-11-02 19:30:00,0,0,Electronics,Bangalore,58,Male,8249.59,2.3,35910,290.66
2640,173,2024-02-26 15:45:00,1,0,Books,Bangalore,36,Female,391.43,4.1,15310,18.83
1511,320,2024-09-08 16:10:00,1,0,Toys,Kolkata,26,Male,2951.65,2.2,54119,90.06
4761,222,2024-05-15 13:09:00,0,1,Books,Mumbai,53,Male,6982.02,2.4,53819,147.06
1053,859,2024-02-04 22:44:00,1,1,Books,Chennai,41,Male,7925.47,4.0,66488,20.86
4135,834,2024-12-03 17:19:00,0,0,Electronics,Delhi,29,Male,3457.38,4.5,53763,158.82
2995,865,2024-02-26 00:47:00,0,1,Books,Mumbai,24,Male,7359.94,2.1,76806,149.88
3169,392,2024-09-05 12:49:00,1,0,Electronics,Bangalore,30,Female,4058.38,4.1,30893,196.77
3636,655,2024-01-09 16:56:00,1,0,Clothing,Mumbai,41,Male,6297.98,4.1,41885,97.66
2514,291,2024-12-13 00:50:00,1,0,Electronics,Kolkata,32,Female,4574.68,3.2,13363,75.63
1635,453,2024-01-20 09:04:00,1,0,Electronics,Delhi,28,Male,9683.58,2.8,63309,252.51
3599,904,2024-08-01 21:21:00,1,0,Home,Delhi,43,Male,2892.43,1.2,77300,248.84
4778,827,2024-08-01 08:52:00,1,0,Books,Chennai,44,Female,4887.59,1.5,75624,271.85
3237,287,2024-04-21 14:24:00,1,0,Home,Delhi,33,Male,4578.32,1.9,81628,70.78
3979,607,2024-09-06 23:06:00,1,0,Electronics,Bangalore,49,Female,5485.07,4.2,82868,107.85
1634,470,2024-10-03 03:06:00,1,0,Books,Kolkata,52,Female,894.28,2.4,37083,25.48
1718,598,2024-06-20 00:39:00,0,0,Toys,Bangalore,27,Female,8676.27,3.2,18600,39.43
1073,542,2024-07-16 03:49:00,1,0,Clothing,Mumbai,48,Male,4658.76,3.4,92666,290.41
3437,431,2024-09-03 12:51:00,0,0,Electronics,Delhi,28,Male,9147.28,3.7,64292,20.02
4622,924,2024-01-17 11:56:00,0,1,Books,Kolkata,52,Female,954.71,4.8,30178,166.32
1850,590,2024-09-29 18:23:00,0,0,Books,Kolkata,52,Female,5149.84,2.9,55695,79.12
4694,896,2024-08-25 01:06:00,1,0,Clothing,Chennai,31,Male,8188.5,1.9,35644,276.19
3193,222,2024-01-30 18:40:00,1,1,Electronics,Bangalore,51,Female,3069.08,1.7,92795,228.1
1619,262,2024-06-16 11:40:00,1,0,Books,Delhi,48,Male,3591.49,2.1,49704,21.14
4590,559,2024-03-05 12:24:00,0,0,Electronics,Delhi,30,Male,6825.06,1.1,63033,122.92
1892,297,2024-09-21 16:42:00,1,0,Electronics,Bangalore,48,Female,3457.27,4.2,23442,102.42
2446,709,2024-11-13 18:13:00,1,0,Toys,Delhi,55,Female,6440.9,2.8,21714,289.3
3640,864,2024-12-10 23:09:00,1,0,Electronics,Chennai,42,Female,7488.86,1.7,24939,241.26
2496,704,2024-11-30 06:43:00,1,0,Toys,Bangalore,18,Male,257.57,3.8,30669,56.26
4098,632,2024-08-11 09:20:00,1,0,Books,Kolkata,41,Male,2835.49,4.0,99902,72.13
1787,335,2024-07-02 12:17:00,1,0,Toys,Chennai,25,Male,7832.97,2.8,91887,23.64
3071,801,2024-11-20 05:12:00,1,0,Clothing,Kolkata,58,Male,4500.14,4.9,37475,182.04
1167,805,2024-11-07 06:19:00,1,0,Clothing,Mumbai,36,Male,1721.06,1.9,92188,90.67
3374,839,2024-12-03 11:39:00,0,0,Books,Delhi,32,Female,2568.04,3.7,39285,257.13
4077,838,2024-02-05 22:06:00,1,1,Clothing,Bangalore,38,Female,4293.42,4.9,33937,14.54
2629,333,2024-02-26 19:29:00,1,0,Books,Chennai,20,Male,623.84,2.3,58638,140.46
4819,472,2024-02-21 18:48:00,1,0,Books,Chennai,30,Female,9771.95,2.6,65155,186.37
1972,171,2024-01-09 08:28:00,1,1,Clothing,Delhi,52,Female,3112.1,1.7,29300,117.8
2177,635,2024-07-27 13:47:00,1,0,Home,Delhi,27,Female,9264.99,1.0,38736,128.08
4072,737,2024-03-22 02:55:00,1,1,Books,Bangalore,21,Female,2582.76,3.8,14446,212.74
4371,553,2024-07-05 23:08:00,0,0,Toys,Chennai,58,Female,2666.33,3.9,90038,87.63
1024,704,2024-04-02 08:16:00,1,1,Books,Chennai,35,Male,9149.85,3.2,41130,223.42
1819,847,2024-09-13 22:15:00,1,0,Home,Mumbai,24,Female,4480.61,2.6,93750,187.75
1473,373,2024-06-19 03:53:00,1,0,Toys,Chennai,39,Male,6246.15,2.8,89850,19.06
3492,654,2024-03-18 17:29:00,1,0,Electronics,Mumbai,34,Male,1840.71,4.4,23615,15.61
3994,619,2024-06-09 18:32:00,1,0,Clothing,Chennai,20,Male,4573.06,4.3,40665,294.48
3166,629,2024-03-13 19:02:00,1,0,Books,Chennai,55,Female,7652.44,1.6,87045,50.13
1442,675,2024-01-17 15:50:00,1,0,Electronics,Bangalore,57,Male,9246.49,1.0,30778,164.09
4861,490,2024-09-14 09:45:00,1,0,Books,Delhi,49,Male,1788.58,1.2,51140,84.67
4830,658,2024-03-31 21:07:00,1,1,Clothing,Mumbai,56,Female,9254.49,1.4,68520,87.77
2498,384,2024-12-09 21:53:00,1,0,Home,Bangalore,45,Male,1729.44,1.8,25330,238.22
1595,668,2024-10-02 06:38:00,1,0,Home,Bangalore,26,Female,6402.16,3.4,55206,35.63
3550,836,2024-07-29 08:25:00,0,0,Toys,Kolkata,37,Male,7481.94,3.9,58759,188.51
4711,739,2024-08-28 23:13:00,0,0,Home,Delhi,58,Male,8088.86,1.0,51255,132.17
4903,735,2024-01-03 09:33:00,0,0,Books,Delhi,32,Female,5998.83,3.4,57887,99.43
1722,502,2024-09-26 17:19:00,1,1,Electronics,Bangalore,59,Male,4541.63,2.2,92540,60.22
4461,352,2024-08-29 11:05:00,0,0,Clothing,Chennai,30,Male,1827.76,2.4,93219,237.22
4189,998,2024-01-12 03:06:00,1,0,Electronics,Delhi,33,Female,1053.53,2.8,54875,217.51
4617,761,2024-11-10 07:46:00,1,1,Home,Mumbai,19,Male,6263.14,3.1,66596,284.72
3372,844,2024-02-28 05:12:00,0,0,Electronics,Kolkata,48,Female,7498.5,4.6,22283,62.78
3753,966,2024-07-21 08:13:00,0,0,Books,Bangalore,59,Female,2527.22,3.1,42851,290.56
4110,616,2024-11-02 15:45:00,1,0,Clothing,Chennai,21,Male,1988.71,3.7,13950,239.26
1102,641,2024-02-11 21:18:00,1,0,Clothing,Chennai,31,Female,7576.81,3.4,81220,130.35
2547,166,2024-10-04 08:35:00,1,0,Clothing,Bangalore,55,Male,5269.28,2.6,80055,141.99
3459,249,2024-01-05 11:59:00,1,0,Electronics,Kolkata,35,Female,9902.65,4.0,92574,25.88
3494,504,2024-10-03 10:11:00,1,1,Electronics,Kolkata,37,Female,3218.42,2.4,91736,255.32
4172,346,2024-02-24 00:08:00,1,0,Books,Chennai,42,Female,2660.75,3.6,65444,192.28
2325,211,2024-12-18 09:36:00,1,1,Electronics,Kolkata,54,Female,3111.42,2.5,57903,250.52
4875,511,2024-11-22 14:46:00,0,0,Toys,Bangalore,54,Male,5916.64,1.3,93102,144.93
2572,742,2024-08-08 09:28:00,1,0,Books,Mumbai,33,Male,9012.64,3.4,48908,150.84
4513,865,2024-05-15 09:50:00,1,0,Home,Chennai,41,Male,4398.48,1.9,96925,176.79
4512,610,2024-03-14 13:09:00,0,0,Clothing,Chennai,34,Male,8009.48,2.9,93249,282.05
2721,322,2024-10-19 01:15:00,0,0,Clothing,Kolkata,52,Female,6152.57,3.1,19670,226.28
2748,761,2024-09-04 18:07:00,0,0,Books,Kolkata,31,Female,8983.22,3.3,73907,108.76
2576,595,2024-12-04 16:46:00,1,0,Electronics,Bangalore,47,Female,1758.09,3.6,49894,126.82
3882,244,2024-07-17 12:00:00,1,0,Electronics,Chennai,53,Female,5838.41,4.1,17469,233.42
3200,351,2024-09-12 21:18:00,1,0,Toys,Chennai,31,Female,7247.78,3.2,84100,124.56
2805,748,2024-02-28 13:09:00,0,0,Clothing,Delhi,37,Female,9452.31,1.2,33738,7.11
3467,458,2024-11-16 01:39:00,1,1,Home,Delhi,43,Male,5678.83,4.9,16291,193.04
3538,653,2024-07-04 05:38:00,1,1,Electronics,Delhi,43,Male,320.86,1.3,96242,30.88
3758,537,2024-08-14 05:56:00,1,0,Books,Mumbai,26,Male,4398.18,4.5,19851,26.87
1524,601,2024-03-07 00:29:00,0,0,Toys,Mumbai,48,Male,2862.27,2.3,17055,53.98
1092,469,2024-09-06 12:18:00,1,0,Home,Chennai,59,Female,8977.09,4.4,81801,6.56
4369,889,2024-07-06 23:52:00,1,0,Books,Bangalore,51,Female,9637.94,2.8,10651,34.23
3686,606,2024-03-13 02:35:00,1,0,Electronics,Delhi,28,Female,6665.31,2.4,12032,28.9
3395,295,2024-05-24 05:02:00,1,0,Electronics,Bangalore,18,Female,4518.71,2.8,90805,207.55
2257,706,2024-09-24 17:49:00,1,0,Electronics,Kolkata,21,Male,1266.69,2.0,93351,71.82
3576,777,2024-02-03 16:58:00,1,1,Books,Mumbai,26,Male,1771.51,3.4,21790,129.6
2483,806,2024-10-08 03:46:00,1,0,Clothing,Chennai,39,Female,2487.8,2.2,22799,104.92
1891,873,2024-10-05 20:08:00,0,0,Electronics,Chennai,19,Male,3307.9,4.7,61181,203.17
2528,606,2024-02-11 16:22:00,1,0,Electronics,Kolkata,30,Female,525.63,3.8,87401,278.68
1063,195,2024-06-06 00:41:00,1,0,Toys,Mumbai,21,Male,5297.34,4.9,19694,9.65
4420,504,2024-10-11 19:20:00,1,0,Clothing,Delhi,25,Male,9940.28,2.6,99383,249.33
1359,439,2024-07-08 12:33:00,1,0,Books,Mumbai,55,Male,4982.66,3.9,80541,184.23
2379,890,2024-01-27 15:58:00,1,0,Toys,Delhi,57,Female,3309.76,1.4,38920,264.73
4883,394,2024-01-21 00:45:00,0,0,Electronics,Kolkata,53,Male,8621.5,1.1,31896,8.9
3025,837,2024-09-06 16:13:00,0,0,Electronics,Bangalore,39,Female,7906.86,2.8,66213,103.45
4883,616,2024-10-26 16:43:00,1,1,Toys,Mumbai,24,Female,4253.03,3.7,87269,190.68
1083,769,2024-11-05 08:54:00,1,0,Toys,Mumbai,42,Male,7539.54,3.0,27711,53.53
2498,899,2024-06-04 20:26:00,1,0,Books,Chennai,54,Male,5742.55,4.4,47354,222.92
4333,880,2024-11-21 21:25:00,1,1,Clothing,Chennai,42,Male,1119.61,1.1,82860,98.1
2529,153,2024-08-18 20:11:00,1,0,Clothing,Bangalore,41,Male,6975.61,2.5,20005,211.02
2603,745,2024-08-25 15:46:00,1,0,Books,Delhi,37,Female,5919.45,3.2,12855,69.15
3542,650,2024-03-01 07:21:00,1,0,Electronics,Delhi,50,Male,8130.67,3.4,95730,104.14
2925,499,2024-08-21 03:07:00,1,0,Toys,Mumbai,35,Female,7813.34,1.4,46855,131.94
1590,502,2024-10-02 18:12:00,1,0,Toys,Kolkata,33,Male,8812.98,2.4,88036,28.69
3465,712,2024-03-04 17:47:00,1,0,Home,Bangalore,52,Male,7547.37,1.8,44832,40.81
4539,331,2024-09-10 06:12:00,1,0,Clothing,Mumbai,43,Male,285.68,2.1,35817,145.5
3861,316,2024-12-08 08:18:00,1,0,Clothing,Chennai,21,Female,1562.58,2.9,53414,220.64
3648,333,2024-09-10 17:07:00,1,0,Home,Kolkata,56,Female,6109.94,2.6,41239,11.86
4756,841,2024-03-27 17:54:00,1,0,Electronics,Delhi,31,Female,834.44,4.7,80330,75.08
1385,655,2024-11-30 08:44:00,1,0,Home,Mumbai,57,Male,5417.51,4.4,21831,288.25
1219,472,2024-06-05 13:46:00,1,0,Electronics,Mumbai,57,Male,7067.4,4.3,65393,98.48
2857,969,2024-01-25 18:57:00,1,0,Clothing,Chennai,18,Male,7718.66,4.2,30184,222.89
4673,188,2024-09-25 10:13:00,1,0,Electronics,Kolkata,50,Female,2080.99,2.6,65203,17.33
3809,727,2024-01-31 06:08:00,0,0,Clothing,Mumbai,35,Male,4245.03,2.8,75923,159.48
3398,769,2024-09-23 13:35:00,1,0,Home,Chennai,29,Male,7372.37,2.5,91980,15.3
2273,849,2024-04-28 16:06:00,1,0,Electronics,Mumbai,31,Female,2011.63,1.8,12238,80.01
1805,839,2024-01-11 16:59:00,0,0,Books,Delhi,53,Female,5848.92,2.9,22205,114.03
1328,238,2024-07-25 09:21:00,1,1,Toys,Kolkata,52,Male,9095.73,1.3,51642,56.38
1621,855,2024-07-02 00:57:00,1,0,Books,Delhi,31,Female,4575.09,2.8,22295,74.35
1517,745,2024-01-31 19:52:00,0,0,Toys,Mumbai,34,Female,3369.17,2.6,36974,215.44
1561,166,2024-09-18 16:29:00,1,0,Clothing,Mumbai,48,Male,4896.99,3.5,20420,91.72
4561,609,2024-01-08 19:40:00,1,1,Electronics,Delhi,24,Male,6190.03,1.8,98026,220.35
2543,486,2024-05-25 10:26:00,1,1,Clothing,Mumbai,27,Female,2731.05,1.7,80381,113.93
3856,377,2024-03-20 00:40:00,0,0,Clothing,Chennai,22,Male,5319.7,1.4,43547,127.87
3918,441,2024-04-07 14:24:00,1,0,Books,Kolkata,38,Male,5378.48,2.1,61290,153.97
4196,736,2024-07-25 00:02:00,1,0,Electronics,Delhi,57,Male,3974.73,1.5,88179,199.32
3427,180,2024-07-24 06:12:00,1,0,Home,Kolkata,45,Female,756.64,3.2,62254,212.91
4056,119,2024-07-30 20:06:00,1,0,Toys,Kolkata,49,Female,1049.41,4.2,80208,56.51
3203,589,2024-06-28 02:49:00,1,0,Home,Kolkata,50,Male,8875.8,4.7,66281,154.3
1600,802,2024-05-09 18:29:00,1,0,Toys,Chennai,42,Female,9014.31,4.4,36555,141.49
2199,247,2024-09-21 17:33:00,1,0,Toys,Bangalore,33,Male,3745.44,4.8,52182,292.9
1593,448,2024-08-24 12:20:00,1,0,Toys,Mumbai,37,Male,3769.57,2.8,45261,93.73
2721,207,2024-02-04 03:40:00,1,0,Clothing,Chennai,37,Male,4543.76,2.9,57336,103.97
1169,137,2024-08-02 18:49:00,0,0,Toys,Chennai,46,Male,277.16,2.8,88109,264.72
2674,364,2024-01-25 23:15:00,1,0,Home,Delhi,39,Female,5780.66,3.6,71347,112.37
1170,503,2024-04-28 20:12:00,1,0,Home,Delhi,23,Female,9844.52,1.7,45429,126.61
1005,219,2024-12-23 19:27:00,0,1,Books,Chennai,53,Female,774.98,4.6,14590,129.52
2569,942,2024-06-12 20:38:00,1,0,Toys,Chennai,57,Male,8128.87,4.2,34281,127.96
2667,798,2024-08-18 17:46:00,1,1,Books,Kolkata,40,Male,8406.44,4.2,24427,290.22
2602,108,2024-06-22 19:40:00,1,0,Toys,Chennai,58,Female,1775.39,2.6,91382,212.09
4300,850,2024-01-19 23:19:00,0,0,Clothing,Chennai,44,Female,2101.8,3.3,35501,88.16
2714,466,2024-11-24 18:28:00,1,0,Books,Delhi,55,Female,8503.51,3.5,89679,106.91
2428,306,2024-02-14 22:18:00,1,1,Toys,Kolkata,50,Female,1026.81,1.8,87423,270.75
4126,512,2024-03-15 14:00:00,1,1,Toys,Chennai,39,Female,1478.47,4.9,39504,77.39
2500,323,2024-10-28 04:36:00,1,0,Home,Mumbai,39,Male,2027.69,3.5,29213,107.38
4988,627,2024-08-25 05:56:00,1,0,Electronics,Delhi,21,Male,965.13,4.4,81570,92.91
3993,632,2024-10-08 00:03:00,0,0,Electronics,Delhi,47,Female,1742.29,2.0,48643,145.6
4401,771,2024-01-20 21:13:00,1,0,Books,Delhi,50,Female,6247.9,3.0,25992,262.91
4649,335,2024-06-20 12:45:00,1,1,Books,Bangalore,49,Female,7496.6,2.7,72759,192.17
3121,233,2024-11-21 10:07:00,0,0,Home,Kolkata,44,Female,3683.16,2.4,82572,112.74
3941,566,2024-05-13 05:35:00,1,0,Electronics,Chennai,24,Female,2727.95,4.7,53919,153.46
3880,161,2024-10-29 08:49:00,1,0,Electronics,Bangalore,34,Female,8899.55,1.7,85889,123.88
4448,552,2024-04-10 17:54:00,1,0,Clothing,Delhi,26,Male,8125.33,4.4,39022,273.88
4900,660,2024-09-29 06:01:00,1,1,Clothing,Kolkata,40,Female,9816.75,1.2,63386,80.83
1095,573,2024-04-13 11:29:00,1,1,Home,Mumbai,26,Female,5756.88,2.7,47024,256.14
1653,670,2024-07-27 20:26:00,1,0,Toys,Bangalore,42,Female,2408.91,1.2,85139,275.66
2556,430,2024-10-19 13:40:00,1,0,Clothing,Bangalore,31,Female,7012.99,5.0,60542,15.43
2718,950,2024-11-28 16:15:00,1,1,Clothing,Bangalore,47,Male,6529.59,2.6,23843,66.84
2595,738,2024-07-19 19:28:00,1,0,Toys,Bangalore,53,Female,3999.42,1.8,64944,5.97
2316,901,2024-12-27 20:09:00,1,0,Books,Mumbai,45,Female,2387.1,2.0,55669,296.11
3771,227,2024-03-09 23:35:00,0,0,Clothing,Chennai,31,Female,478.6,4.5,44327,211.9
3066,952,2024-02-13 17:30:00,1,0,Books,Kolkata,20,Male,3593.53,2.9,14706,284.22
2769,378,2024-12-02 22:04:00,0,1,Electronics,Kolkata,45,Female,2979.89,2.9,50459,259.15
1181,144,2024-12-23 01:44:00,0,0,Books,Kolkata,46,Female,1125.95,2.5,13672,251.79
4311,481,2024-02-16 09:58:00,1,0,Toys,Bangalore,50,Male,8577.36,1.3,55828,204.52
1735,904,2024-05-23 10:59:00,1,0,Clothing,Chennai,54,Female,6689.57,2.6,61886,292.27
3676,774,2024-01-03 22:52:00,1,0,Toys,Mumbai,43,Male,1615.32,2.1,59063,214.64
4385,632,2024-12-19 04:01:00,1,0,Electronics,Kolkata,47,Female,5927.73,3.2,82697,80.53
2534,389,2024-11-09 23:20:00,1,0,Clothing,Kolkata,44,Male,8196.36,2.1,13560,42.6
4620,992,2024-01-07 21:42:00,0,0,Home,Kolkata,22,Female,5490.34,3.7,29677,131.49
4394,217,2024-04-04 12:43:00,1,0,Home,Chennai,20,Female,1815.21,2.7,71525,44.15
2858,301,2024-09-13 01:58:00,1,0,Clothing,Chennai,34,Female,1481.02,1.5,79168,17.31
4695,849,2024-05-23 12:30:00,1,0,Electronics,Kolkata,53,Female,860.44,4.3,13564,32.58
4581,360,2024-10-17 09:52:00,0,0,Home,Delhi,31,Male,3128.82,4.5,10806,276.66
4991,647,2024-05-30 07:25:00,1,0,Books,Mumbai,26,Female,3586.06,1.0,21997,61.64
3923,995,2024-05-03 13:24:00,0,1,Clothing,Kolkata,31,Male,1984.08,3.5,60440,210.9
4540,511,2024-07-08 06:03:00,0,0,Electronics,Bangalore,51,Male,6319.83,3.3,29570,152.47
1446,285,2024-10-17 14:24:00,1,0,Clothing,Bangalore,23,Female,5374.34,3.8,29833,188.78
1754,314,2024-06-26 07:15:00,1,0,Home,Chennai,58,Male,2060.64,4.2,83894,67.14
2772,867,2024-07-20 13:17:00,0,0,Clothing,Bangalore,43,Male,8669.79,4.3,13810,67.84
3601,299,2024-04-08 01:39:00,1,0,Books,Bangalore,53,Female,6277.71,3.8,16865,133.21
4670,407,2024-02-01 09:09:00,1,0,Toys,Delhi,50,Male,8336.75,1.2,72838,56.25
4341,950,2024-09-05 21:27:00,1,0,Home,Chennai,20,Male,7173.24,3.7,13383,260.73
2695,678,2024-02-01 14:01:00,1,0,Clothing,Delhi,57,Male,9815.87,1.1,18046,278.87
4301,573,2024-04-30 07:08:00,1,0,Electronics,Kolkata,24,Male,7516.98,1.6,56050,253.08
1172,437,2024-06-27 09:43:00,1,0,Books,Chennai,55,Female,710.68,2.8,57309,238.54
2479,707,2024-11-01 02:09:00,0,0,Electronics,Bangalore,25,Female,1213.06,4.0,17779,255.99
4272,321,2024-03-08 04:53:00,1,0,Books,Chennai,35,Male,1493.47,1.3,29665,100.23
2658,235,2024-06-15 11:34:00,0,0,Toys,Kolkata,46,Male,5396.87,2.8,80779,142.13
4758,576,2024-10-16 18:39:00,1,0,Home,Delhi,27,Male,1899.2,3.7,91274,131.4
4572,494,2024-10-29 17:28:00,0,1,Home,Kolkata,18,Male,7779.66,4.2,49282,113.94
3391,958,2024-11-19 00:00:00,1,0,Clothing,Mumbai,55,Female,8830.77,1.3,13711,108.08
4126,144,2024-04-08 23:28:00,0,0,Electronics,Delhi,38,Male,6646.66,2.9,33312,104.82
1726,668,2024-11-01 23:46:00,0,0,Home,Kolkata,30,Male,2101.59,4.6,64599,221.97
1136,387,2024-02-24 08:21:00,0,0,Electronics,Kolkata,24,Female,1133.77,1.6,12922,156.11
3682,915,2024-07-01 02:16:00,1,0,Home,Mumbai,18,Male,6159.94,4.7,79911,285.76
2861,245,2024-07-28 07:26:00,1,0,Toys,Kolkata,59,Female,8927.66,3.1,95596,143.88
2257,299,2024-03-10 14:00:00,1,1,Electronics,Delhi,47,Male,6885.31,2.6,69269,220.99
4019,131,2024-08-02 14:33:00,0,0,Toys,Kolkata,44,Male,4265.55,1.2,94087,138.85
3742,798,2024-05-17 01:44:00,0,0,Home,Kolkata,42,Female,9787.43,1.7,16578,206.25
3473,932,2024-04-26 10:54:00,1,0,Books,Delhi,40,Female,4122.1,4.1,80969,97.81
1563,446,2024-12-15 14:07:00,1,0,Home,Mumbai,50,Male,3080.42,1.1,94766,89.46
1973,950,2024-01-13 10:36:00,1,0,Toys,Chennai,30,Male,698.83,3.5,15094,38.6
2911,569,2024-02-08 06:37:00,1,0,Home,Mumbai,26,Male,2499.6,2.1,94126,128.03
4528,456,2024-12-17 09:52:00,0,0,Home,Bangalore,47,Female,7145.15,1.7,58261,146.33
4651,915,2024-12-17 05:52:00,1,0,Toys,Delhi,57,Male,4842.66,3.0,58010,199.61
3804,374,2024-01-09 22:28:00,1,1,Clothing,Bangalore,27,Male,6818.14,2.9,96569,171.81
1107,213,2024-10-26 12:58:00,1,0,Books,Chennai,49,Female,6540.3,4.2,91587,264.76
4250,953,2024-11-18 06:41:00,1,0,Books,Mumbai,23,Male,8639.0,2.6,39359,250.97
4296,396,2024-02-15 21:38:00,1,1,Home,Mumbai,29,Male,2124.68,1.0,82223,224.87
1498,203,2024-09-04 22:24:00,1,0,Books,Chennai,47,Female,1661.16,1.4,65971,162.51
4554,358,2024-07-25 14:15:00,0,0,Books,Mumbai,52,Male,6877.74,4.2,88091,43.25
1011,421,2024-10-18 06:47:00,1,0,Clothing,Delhi,56,Male,1845.75,1.4,62611,149.21
2682,507,2024-08-16 06:26:00,1,1,Clothing,Bangalore,44,Male,6478.64,2.9,52627,288.3
2816,375,2024-02-28 07:23:00,1,0,Books,Kolkata,58,Female,1474.9,2.4,90572,48.11
4338,420,2024-12-03 06:33:00,0,0,Books,Mumbai,28,Female,2917.7,1.8,36726,87.56
1339,487,2024-04-20 00:40:00,0,0,Home,Mumbai,22,Male,6771.35,2.6,81369,102.71
3863,985,2024-10-03 00:01:00,1,1,Toys,Mumbai,59,Male,7990.2,4.3,22498,180.88
4324,162,2024-02-03 02:59:00,1,0,Electronics,Kolkata,49,Male,8259.34,1.3,86784,66.97
3697,914,2024-06-03 11:00:00,0,1,Clothing,Mumbai,55,Female,9533.75,4.2,38242,254.03
2070,779,2024-10-13 07:30:00,1,1,Home,Chennai,19,Male,4499.43,2.5,99410,197.38
3523,463,2024-03-20 12:18:00,1,0,Clothing,Delhi,34,Male,970.32,2.2,68407,276.73
1272,939,2024-04-24 14:26:00,0,0,Clothing,Delhi,21,Male,4251.22,1.2,20459,276.64
1313,456,2024-08-26 03:00:00,1,1,Electronics,Bangalore,44,Female,9998.87,1.1,79174,99.67
4933,951,2024-01-20 01:37:00,1,1,Clothing,Kolkata,33,Male,8371.74,1.4,36083,219.71
2321,696,2024-12-08 04:27:00,1,0,Home,Chennai,42,Male,2894.41,1.3,35225,270.19
1550,407,2024-05-18 22:37:00,0,0,Clothing,Bangalore,51,Female,3628.98,4.3,89053,293.15
2096,151,2024-10-21 04:41:00,1,0,Books,Mumbai,37,Male,2877.13,2.8,58390,277.45
4659,537,2024-11-23 13:12:00,0,1,Books,Kolkata,26,Female,6725.98,1.3,45553,59.68
4016,795,2024-09-02 20:48:00,1,0,Home,Mumbai,40,Female,2524.15,3.1,27410,186.61
4649,217,2024-03-17 22:32:00,1,1,Electronics,Chennai,55,Female,5041.34,3.8,37777,179.58
2343,597,2024-06-21 10:24:00,1,1,Electronics,Kolkata,25,Male,8776.09,2.8,12668,219.37
4111,709,2024-01-13 03:57:00,1,0,Clothing,Mumbai,50,Female,4757.45,3.1,83350,129.33
3756,578,2024-04-16 09:32:00,1,0,Books,Bangalore,43,Male,9673.6,1.8,12659,253.59
4761,387,2024-12-11 03:39:00,1,0,Home,Chennai,26,Female,3613.95,1.3,68560,133.14
3537,431,2024-01-03 01:01:00,1,0,Books,Bangalore,24,Female,2942.45,1.3,88526,179.9
3398,988,2024-02-28 05:38:00,1,0,Home,Chennai,24,Female,1901.21,4.4,41118,256.82
4616,462,2024-04-08 06:11:00,1,0,Clothing,Delhi,18,Female,8075.31,3.9,52982,45.71
1664,411,2024-06-10 19:55:00,1,0,Toys,Chennai,21,Male,1030.72,4.4,68555,213.73
4671,414,2024-03-13 22:54:00,0,0,Home,Kolkata,43,Male,1752.03,1.6,37949,166.69
4372,989,2024-08-11 12:48:00,1,1,Home,Delhi,21,Male,8375.69,1.6,91640,283.4
4638,307,2024-10-20 02:44:00,0,1,Home,Chennai,36,Male,2845.42,2.5,97100,6.85
4980,475,2024-11-24 07:49:00,1,1,Toys,Chennai,48,Male,4796.93,4.2,88703,141.58
4865,325,2024-06-06 14:11:00,1,0,Home,Kolkata,36,Male,6890.67,2.9,27609,292.81
2532,662,2024-06-04 13:38:00,1,0,Books,Kolkata,19,Female,2653.1,1.2,70132,212.86
2434,497,2024-10-21 10:31:00,1,0,Books,Chennai,46,Male,4931.38,4.6,43049,295.69
2693,350,2024-06-13 08:29:00,1,1,Toys,Chennai,22,Male,114.07,2.8,12386,28.78
3751,433,2024-07-17 09:41:00,1,1,Home,Kolkata,56,Male,1199.46,1.5,84022,134.51
1782,694,2024-11-06 18:31:00,1,0,Books,Kolkata,24,Female,6818.94,2.4,33945,249.85
1821,211,2024-06-25 19:13:00,1,0,Books,Chennai,23,Female,5247.34,3.0,99357,86.25
2852,956,2024-04-08 00:33:00,0,0,Electronics,Mumbai,20,Male,1088.68,1.4,81433,274.6
2202,251,2024-01-18 08:21:00,1,1,Clothing,Mumbai,27,Female,651.71,1.5,10991,72.37
4282,251,2024-03-04 02:16:00,1,0,Clothing,Mumbai,40,Male,9527.76,2.6,84407,286.22
4651,845,2024-11-12 19:04:00,1,0,Clothing,Delhi,45,Female,1313.74,4.7,73605,146.32
1325,501,2024-05-27 14:25:00,1,0,Clothing,Mumbai,39,Male,3856.63,1.4,75722,102.76
2803,534,2024-10-11 03:45:00,0,0,Books,Mumbai,37,Female,3630.12,2.0,52263,272.78
2260,257,2024-05-03 02:28:00,0,0,Books,Kolkata,55,Female,2483.67,2.0,15592,87.42
2230,333,2024-09-30 14:51:00,1,0,Electronics,Bangalore,53,Male,8146.98,4.3,72117,232.51
2321,719,2024-01-08 06:12:00,1,0,Books,Mumbai,33,Male,9310.94,3.6,15788,88.86
1186,364,2024-02-04 19:20:00,1,0,Toys,Kolkata,19,Male,6217.24,3.4,65930,220.45
4042,931,2024-02-18 06:57:00,0,0,Toys,Chennai,44,Female,285.67,1.2,79612,90.44
3797,254,2024-05-01 02:16:00,1,0,Books,Bangalore,44,Male,4640.83,4.2,19948,150.1
2831,811,2024-08-11 02:33:00,1,0,Clothing,Kolkata,20,Female,4695.66,3.0,46550,83.4
1826,890,2024-04-18 01:11:00,1,0,Home,Delhi,29,Male,7272.49,1.9,65052,51.03
1360,436,2024-06-25 05:29:00,1,0,Electronics,Kolkata,29,Female,6461.46,2.3,37368,119.04
1300,263,2024-01-08 04:51:00,0,1,Electronics,Mumbai,23,Female,8103.44,1.7,25875,268.06
2068,442,2024-06-29 03:13:00,1,0,Books,Kolkata,43,Female,9643.18,1.8,28236,21.48
3081,230,2024-01-07 03:19:00,1,0,Home,Kolkata,34,Male,3771.96,1.1,83901,214.43
1660,403,2024-09-30 22:49:00,1,0,Electronics,Kolkata,56,Female,9097.67,1.6,76043,8.58
3453,586,2024-06-17 04:12:00,0,1,Toys,Mumbai,41,Male,1121.2,3.7,36358,45.95
4027,289,2024-02-27 05:04:00,0,0,Toys,Bangalore,41,Female,7665.49,2.7,44735,70.29
2889,713,2024-11-25 03:15:00,0,0,Electronics,Delhi,52,Female,4032.11,1.1,29408,103.56
4475,761,2024-03-18 20:28:00,1,1,Home,Bangalore,43,Male,8041.68,3.7,83163,281.93
1448,445,2024-05-11 23:13:00,1,0,Electronics,Bangalore,18,Male,9217.78,1.1,33110,16.47
4826,889,2024-02-15 19:12:00,0,0,Books,Chennai,48,Male,8744.54,2.7,64482,288.79
2763,893,2024-11-02 21:42:00,0,1,Electronics,Delhi,33,Female,3441.59,1.7,48769,63.15
2431,122,2024-01-01 02:05:00,1,0,Clothing,Kolkata,25,Male,3259.85,1.2,65813,180.75
4181,520,2024-10-25 16:45:00,1,1,Clothing,Delhi,33,Female,5091.43,4.4,86513,9.58
2895,723,2024-09-06 13:52:00,1,0,Electronics,Mumbai,25,Male,2761.0,4.8,66988,248.09
3953,902,2024-03-08 00:58:00,0,1,Home,Mumbai,35,Female,4063.82,2.5,58221,129.17
2512,716,2024-11-08 07:49:00,0,0,Home,Kolkata,21,Female,5352.05,2.4,79134,16.13
1343,380,2024-10-04 11:53:00,0,1,Books,Delhi,39,Female,7297.29,1.4,61899,144.19
2179,975,2024-10-17 19:16:00,1,0,Books,Kolkata,23,Female,3345.97,2.8,80186,115.24
2994,142,2024-09-22 04:47:00,0,0,Books,Kolkata,19,Female,2055.59,1.8,52112,51.47
3074,405,2024-02-09 19:03:00,1,0,Toys,Mumbai,41,Female,5760.0,1.6,18111,248.99
4509,963,2024-09-29 04:42:00,0,0,Toys,Bangalore,53,Female,6295.44,2.3,86824,254.41
4985,249,2024-11-16 19:55:00,0,0,Toys,Kolkata,43,Female,7266.23,1.3,33984,178.23
3476,976,2024-03-14 18:13:00,1,1,Electronics,Bangalore,59,Female,5323.01,4.4,13262,43.81
4765,414,2024-02-14 06:27:00,1,1,Books,Bangalore,48,Male,7769.19,3.6,23869,210.17
2158,370,2024-06-09 06:54:00,1,0,Books,Kolkata,44,Male,575.74,1.3,17656,99.86
2359,392,2024-07-01 09:42:00,0,0,Books,Kolkata,29,Female,5197.13,3.9,16307,123.42
1077,128,2024-08-23 17:45:00,1,0,Electronics,Bangalore,24,Male,917.42,3.3,93323,178.93
4293,218,2024-10-04 19:36:00,1,0,Toys,Bangalore,47,Male,3157.11,1.2,69785,61.06
1331,925,2024-02-28 09:44:00,0,1,Home,Mumbai,31,Female,2252.61,2.4,90818,89.54
1791,704,2024-06-23 03:41:00,1,0,Electronics,Delhi,27,Female,4976.78,2.5,84730,55.37
2024,852,2024-02-19 01:07:00,1,0,Home,Chennai,24,Female,8875.1,3.9,40536,142.43
1770,583,2024-09-16 18:16:00,1,0,Home,Bangalore,34,Male,3573.45,4.9,44448,95.63
3685,807,2024-10-07 03:05:00,1,0,Electronics,Delhi,22,Female,518.24,3.9,94482,290.74
4760,621,2024-08-23 22:05:00,1,0,Clothing,Bangalore,38,Female,8682.88,1.9,99943,286.93
1727,225,2024-07-25 21:52:00,0,0,Home,Delhi,39,Male,7466.07,4.6,39340,51.7
4635,248,2024-08-05 04:26:00,0,0,Toys,Bangalore,34,Female,6930.83,3.3,68349,33.08
4461,164,2024-01-10 06:33:00,1,0,Home,Chennai,21,Male,4777.14,1.9,87046,63.2
3161,419,2024-09-26 20:48:00,1,0,Toys,Mumbai,37,Male,1028.54,1.5,52428,233.76
1751,936,2024-11-24 08:11:00,0,0,Electronics,Bangalore,25,Female,5414.55,4.0,22535,262.68
1451,804,2024-03-12 12:54:00,1,0,Clothing,Mumbai,47,Male,2279.61,3.7,33170,105.84
1383,579,2024-04-15 00:32:00,1,0,Books,Kolkata,18,Male,1249.44,4.0,99626,72.51
1955,157,2024-09-09 16:59:00,1,0,Toys,Delhi,52,Female,2800.22,3.2,64266,195.48
1559,596,2024-09-15 22:10:00,1,1,Electronics,Bangalore,25,Female,1153.26,4.9,96589,75.66
2047,250,2024-09-06 22:57:00,1,0,Toys,Kolkata,30,Female,4132.64,1.4,39974,230.4
4569,588,2024-06-24 07:37:00,0,0,Toys,Chennai,57,Male,4328.68,2.5,65525,264.79
3016,907,2024-04-12 00:37:00,1,0,Home,Delhi,58,Male,4900.94,3.4,70445,181.27
2208,414,2024-06-08 22:36:00,1,1,Books,Delhi,52,Female,2927.24,4.5,89283,100.13
3402,669,2024-08-19 21:48:00,0,0,Clothing,Bangalore,35,Male,4066.83,4.8,96716,252.3
3008,503,2024-12-13 14:16:00,1,1,Home,Mumbai,30,Female,2924.24,3.3,23949,138.91
4907,896,2024-10-01 15:04:00,1,0,Electronics,Chennai,32,Male,2722.14,4.0,87993,100.21
3696,686,2024-07-30 02:41:00,1,1,Clothing,Mumbai,34,Male,5589.5,2.7,56613,229.65
3343,699,2024-05-31 12:30:00,0,1,Clothing,Kolkata,45,Male,5907.97,1.2,61156,286.29
2108,672,2024-10-06 12:01:00,1,0,Electronics,Kolkata,55,Male,4066.94,1.5,18341,230.41
3033,135,2024-03-29 17:27:00,0,0,Toys,Mumbai,55,Male,3449.83,1.4,22379,284.71
3307,310,2024-06-11 21:06:00,1,1,Toys,Mumbai,20,Female,715.28,3.4,87089,129.5
1857,108,2024-01-18 07:18:00,0,0,Toys,Kolkata,30,Male,1116.49,1.6,42403,222.93
3219,283,2024-11-09 21:38:00,1,1,Toys,Mumbai,24,Female,3823.0,2.7,21143,27.68
1754,801,2024-03-09 12:14:00,0,0,Electronics,Delhi,37,Male,1183.43,2.8,41723,206.07
1670,401,2024-01-31 09:27:00,1,0,Clothing,Chennai,41,Male,2958.09,2.2,12497,95.93
3550,667,2024-12-14 18:01:00,1,0,Electronics,Chennai,23,Male,201.15,2.1,22370,54.5
1781,174,2024-09-17 04:59:00,1,0,Clothing,Chennai,32,Male,7624.01,1.2,71644,131.11
4318,582,2024-09-03 21:15:00,1,0,Books,Bangalore,27,Female,9893.09,1.0,10959,12.29
1932,312,2024-12-30 02:44:00,1,0,Clothing,Bangalore,34,Female,1047.13,3.9,12721,214.24
3223,592,2024-04-02 17:10:00,1,0,Books,Mumbai,26,Female,914.44,1.9,94938,239.35
1691,844,2024-11-16 12:34:00,0,0,Electronics,Chennai,56,Male,5368.44,2.6,52607,94.69
2795,383,2024-01-05 15:17:00,1,1,Clothing,Kolkata,51,Female,5968.88,1.0,91642,94.16
4698,597,2024-12-23 05:03:00,1,0,Books,Kolkata,51,Female,8014.21,3.7,97491,123.23
1784,417,2024-08-17 07:01:00,1,0,Electronics,Delhi,29,Female,1429.42,2.9,51357,239.02
3713,935,2024-02-01 14:23:00,0,0,Electronics,Bangalore,29,Female,3867.93,1.8,99782,79.18
2738,459,2024-08-14 08:26:00,0,0,Books,Mumbai,46,Female,7767.88,1.0,10449,191.86
2365,648,2024-02-10 11:19:00,1,0,Clothing,Kolkata,34,Female,9149.4,2.3,89431,184.92
4537,817,2024-07-18 16:44:00,0,0,Books,Mumbai,21,Female,8259.78,1.3,17552,39.81
1552,926,2024-01-16 12:42:00,1,0,Toys,Chennai,59,Male,4329.92,4.5,24707,194.08
3042,720,2024-06-01 09:23:00,1,1,Books,Delhi,29,Male,484.33,4.0,16301,31.87
1914,608,2024-05-26 03:16:00,0,0,Clothing,Mumbai,45,Female,5405.0,2.8,14106,31.24
4290,321,2024-08-28 17:17:00,0,0,Toys,Chennai,22,Female,3911.37,4.4,66350,257.75
3002,882,2024-07-09 02:56:00,0,0,Home,Kolkata,32,Female,2703.21,4.3,57820,282.04
3747,589,2024-12-09 22:11:00,1,0,Electronics,Chennai,52,Female,2451.8,3.1,10137,28.06
1797,512,2024-05-14 03:54:00,1,1,Toys,Mumbai,34,Female,3161.24,3.8,35436,107.4
4625,792,2024-06-03 09:17:00,0,0,Toys,Bangalore,51,Female,523.43,2.7,31954,60.34
4227,487,2024-04-16 05:37:00,1,0,Toys,Kolkata,45,Male,4333.64,4.7,38440,255.4
3340,510,2024-08-02 08:37:00,1,0,Electronics,Kolkata,45,Female,1835.78,1.5,91207,97.33
3984,595,2024-05-01 07:35:00,0,0,Toys,Bangalore,19,Female,2363.03,1.1,17502,24.12
1420,762,2024-02-12 07:48:00,1,0,Toys,Kolkata,32,Female,4649.76,3.9,60413,275.33
1301,497,2024-11-29 09:28:00,1,0,Clothing,Bangalore,28,Male,5359.33,2.3,94892,104.67
2287,301,2024-09-10 06:28:00,1,0,Clothing,Delhi,52,Female,4394.47,2.4,35471,198.59
1350,671,2024-04-20 13:07:00,1,0,Electronics,Chennai,25,Female,6394.16,4.1,93394,135.06
1949,294,2024-08-14 08:29:00,0,0,Books,Chennai,58,Female,1431.67,5.0,88138,85.0
3799,398,2024-04-12 03:00:00,1,0,Electronics,Bangalore,39,Female,3828.05,4.3,60695,40.15
1161,516,2024-10-04 17:59:00,0,1,Clothing,Bangalore,38,Male,5651.77,4.0,85290,144.69
1917,337,2024-04-11 06:24:00,1,0,Toys,Mumbai,59,Male,4097.4,4.7,65616,189.33
1838,194,2024-04-24 07:17:00,1,0,Home,Mumbai,23,Female,4885.99,1.7,66806,282.7
2860,622,2024-01-15 12:15:00,1,1,Home,Delhi,56,Male,3843.69,2.8,23976,67.93
3720,684,2024-06-03 16:10:00,0,1,Toys,Kolkata,38,Male,2125.23,4.5,25435,128.59
3073,143,2024-02-07 11:17:00,0,1,Electronics,Bangalore,21,Female,4186.67,4.0,73741,285.38
4917,934,2024-07-07 10:22:00,1,0,Books,Chennai,18,Female,9631.21,4.1,54953,72.29
2366,907,2024-12-13 04:53:00,1,1,Books,Delhi,35,Male,9357.56,4.0,85727,73.94
1948,867,2024-03-27 04:58:00,1,0,Toys,Chennai,49,Female,6769.82,3.4,11191,29.86
3600,381,2024-05-20 20:27:00,0,1,Books,Mumbai,22,Male,8396.07,4.7,72966,234.54
4177,842,2024-10-03 18:32:00,0,1,Electronics,Mumbai,33,Male,9064.61,1.5,11177,151.44
3044,965,2024-07-04 03:10:00,1,1,Clothing,Bangalore,46,Male,8322.02,4.6,39383,116.13
4741,706,2024-10-04 18:07:00,1,0,Home,Chennai,31,Male,3279.11,1.9,57880,113.86
3073,603,2024-01-07 20:22:00,0,0,Electronics,Delhi,36,Male,3952.13,4.0,19487,287.83
1524,974,2024-02-15 22:44:00,1,0,Electronics,Chennai,56,Female,8010.43,1.2,52512,13.59
4816,500,2024-06-23 01:39:00,1,0,Electronics,Chennai,40,Male,868.06,1.8,60051,8.7
3327,816,2024-12-16 15:13:00,1,0,Electronics,Mumbai,54,Female,7246.89,3.2,21121,137.12
3800,914,2024-11-01 03:42:00,1,0,Electronics,Bangalore,45,Female,8661.38,4.5,70291,252.72
1168,150,2024-03-04 10:41:00,1,1,Toys,Chennai,56,Male,9256.79,2.2,52450,223.58
3342,915,2024-09-14 01:08:00,0,0,Home,Chennai,28,Female,9800.69,3.4,18839,85.0
1395,237,2024-08-05 16:46:00,1,0,Home,Delhi,51,Female,754.69,3.4,95437,44.98
3887,385,2024-02-03 08:23:00,1,0,Electronics,Delhi,50,Male,6436.4,3.9,41363,68.65
3064,901,2024-12-26 03:47:00,1,1,Electronics,Mumbai,36,Female,9811.55,2.5,60541,46.81
2249,343,2024-02-06 18:12:00,0,1,Home,Mumbai,19,Female,6918.26,1.9,36293,119.83
3999,197,2024-02-15 04:12:00,0,0,Home,Delhi,38,Female,607.2,2.1,19237,284.89
3863,651,2024-03-20 11:14:00,1,0,Home,Delhi,27,Male,7111.49,4.9,94478,208.56
4495,243,2024-03-25 12:25:00,0,0,Clothing,Mumbai,31,Male,5840.3,1.4,79176,62.48
2096,633,2024-03-30 17:10:00,1,0,Electronics,Mumbai,37,Male,8316.25,2.9,57883,247.43
1394,198,2024-07-10 06:28:00,0,0,Electronics,Chennai,19,Female,635.87,2.1,96213,96.64
3082,153,2024-03-26 23:33:00,1,0,Books,Kolkata,43,Male,8074.98,2.9,74288,142.48
1607,623,2024-05-19 13:41:00,1,0,Electronics,Mumbai,24,Female,5006.28,4.7,82955,8.88
2989,960,2024-04-15 18:48:00,1,0,Home,Delhi,57,Male,3804.66,1.9,76024,157.35
4519,460,2024-05-09 08:00:00,1,1,Electronics,Bangalore,33,Female,9684.08,1.1,83095,87.37
3659,120,2024-02-12 11:56:00,1,0,Clothing,Bangalore,50,Female,1206.72,3.9,65859,249.68
2992,215,2024-08-04 22:00:00,1,0,Clothing,Kolkata,23,Female,2520.35,1.0,19847,40.77
1469,486,2024-11-08 04:55:00,1,0,Electronics,Bangalore,54,Female,4730.47,3.8,37497,31.19
2173,945,2024-06-17 22:57:00,1,0,Clothing,Mumbai,44,Female,5993.24,4.3,61427,161.27
4265,220,2024-10-29 13:49:00,1,1,Clothing,Mumbai,25,Male,4230.95,3.6,18276,35.79
4912,952,2024-10-14 07:18:00,1,0,Clothing,Bangalore,56,Female,2230.73,3.4,81115,66.27
3546,544,2024-12-27 18:05:00,1,0,Books,Kolkata,20,Male,7468.37,2.8,43440,261.17
4745,783,2024-08-24 11:00:00,1,0,Electronics,Chennai,47,Male,6160.33,4.9,85817,119.39
1679,213,2024-10-12 18:48:00,1,0,Clothing,Mumbai,27,Female,8223.94,3.5,91069,294.17
2184,428,2024-12-30 00:30:00,1,0,Clothing,Bangalore,53,Male,9485.93,1.7,14711,111.47
2064,407,2024-05-28 12:42:00,1,1,Home,Mumbai,40,Male,6912.96,2.1,18853,255.34
3628,511,2024-08-03 15:38:00,1,0,Electronics,Mumbai,48,Male,982.44,3.6,14538,124.0
3494,169,2024-09-28 18:38:00,1,0,Clothing,Mumbai,39,Male,6864.07,3.0,21146,103.01
2013,698,2024-04-20 06:43:00,1,0,Books,Mumbai,26,Female,4651.31,3.6,82356,60.0
3472,429,2024-01-08 04:36:00,1,0,Books,Mumbai,43,Female,2298.77,1.6,18653,115.02
1630,206,2024-07-19 22:28:00,0,0,Toys,Bangalore,55,Male,4211.77,3.6,52612,206.93
3667,607,2024-01-30 04:07:00,1,0,Home,Bangalore,19,Female,8563.79,2.2,35601,103.22
1557,329,2024-01-14 11:52:00,1,0,Electronics,Delhi,53,Female,5980.9,1.2,26366,257.53
1036,754,2024-08-30 12:23:00,1,0,Clothing,Mumbai,20,Male,3301.52,3.1,25323,186.75
4508,479,2024-01-23 03:35:00,1,0,Toys,Mumbai,24,Male,1354.31,4.7,70526,21.83
3649,655,2024-10-09 16:07:00,1,0,Home,Chennai,33,Male,7396.64,1.6,27529,267.15
1178,765,2024-03-14 12:34:00,1,0,Clothing,Delhi,55,Male,6835.38,1.8,71679,226.13
3296,445,2024-07-05 22:57:00,1,0,Clothing,Mumbai,19,Female,7974.16,1.1,63922,192.06
1299,150,2024-01-28 22:08:00,0,0,Clothing,Bangalore,53,Female,2371.14,2.5,63441,52.53
2026,148,2024-11-12 02:41:00,1,0,Clothing,Kolkata,44,Female,5000.47,4.0,44441,262.92
4542,893,2024-08-28 19:56:00,0,0,Home,Kolkata,48,Male,3895.8,3.0,60474,223.52
1562,243,2024-06-23 10:38:00,1,0,Home,Chennai,25,Female,3333.7,1.2,94501,146.12
1119,215,2024-05-21 03:01:00,1,0,Books,Delhi,56,Female,7057.78,2.6,67739,135.46
1736,176,2024-12-23 09:25:00,1,1,Clothing,Bangalore,54,Female,5167.11,2.5,64764,235.03
4852,292,2024-01-02 18:27:00,1,0,Electronics,Bangalore,40,Female,8454.98,2.6,88657,161.35
3708,505,2024-01-16 13:51:00,0,1,Toys,Bangalore,35,Male,7530.62,4.9,50509,196.77
4595,658,2024-04-20 06:54:00,1,1,Toys,Delhi,34,Male,261.79,1.1,73167,179.55
1299,527,2024-03-17 18:19:00,1,0,Toys,Bangalore,54,Female,2874.89,3.7,91125,73.22
1381,217,2024-06-15 04:51:00,1,0,Electronics,Kolkata,48,Female,2168.78,3.8,25217,18.48
4526,732,2024-02-11 03:09:00,0,0,Toys,Delhi,47,Female,4091.41,3.0,51424,100.5
4235,436,2024-11-29 21:30:00,0,0,Home,Chennai,50,Female,8348.55,4.6,49708,118.94
1862,684,2024-04-15 15:04:00,0,0,Toys,Kolkata,59,Female,3144.91,4.7,84210,297.5
1652,751,2024-08-27 08:13:00,0,1,Toys,Delhi,49,Male,9961.15,3.7,47121,106.63
4920,385,2024-12-20 13:15:00,1,0,Clothing,Bangalore,37,Male,2816.05,2.7,69528,132.84
3101,424,2024-09-29 15:17:00,1,0,Electronics,Bangalore,58,Female,4610.97,3.1,78094,257.26
1907,563,2024-08-24 06:11:00,1,0,Home,Bangalore,54,Female,3406.39,2.6,85053,165.2
2906,974,2024-08-19 03:28:00,1,0,Home,Chennai,58,Male,6032.41,1.1,47780,256.63
4527,340,2024-07-18 03:14:00,1,0,Home,Mumbai,50,Male,5114.53,4.8,37162,77.71
2209,592,2024-02-22 22:22:00,1,0,Toys,Delhi,23,Female,8430.93,3.2,20901,154.15
1862,729,2024-04-25 11:23:00,1,0,Electronics,Chennai,29,Male,1790.07,2.9,68229,174.56
4280,400,2024-03-25 13:24:00,1,0,Books,Chennai,49,Male,3090.86,2.1,37730,6.95
2326,788,2024-10-17 11:27:00,1,1,Home,Delhi,21,Female,1270.4,3.9,32308,49.58
3777,870,2024-10-23 01:17:00,1,1,Home,Chennai,52,Female,6244.73,3.6,39760,147.6
4883,514,2024-10-28 00:06:00,1,0,Books,Kolkata,38,Female,5706.31,2.1,22577,233.35
3165,807,2024-12-01 21:23:00,1,0,Electronics,Bangalore,57,Male,5532.11,1.1,47690,183.24
2279,243,2024-11-29 23:11:00,0,0,Books,Kolkata,54,Male,8611.1,4.4,19958,162.87
1740,924,2024-06-10 18:31:00,0,0,Electronics,Mumbai,52,Male,7128.18,1.5,58445,113.25
1629,281,2024-02-04 14:00:00,0,0,Home,Kolkata,51,Female,4139.14,1.9,60413,156.11
2420,738,2024-08-26 22:21:00,1,1,Books,Delhi,18,Male,1919.8,3.5,77409,96.08
4891,720,2024-06-29 10:58:00,1,0,Clothing,Mumbai,55,Female,730.44,2.3,32520,147.21
3599,316,2024-04-26 05:34:00,0,0,Books,Kolkata,55,Male,1480.75,4.6,89212,137.66
3658,492,2024-07-27 22:48:00,1,0,Books,Bangalore,32,Female,6743.88,4.5,85297,94.97
4776,660,2024-11-12 06:54:00,0,1,Clothing,Bangalore,45,Male,3964.13,2.8,47288,91.31
2362,595,2024-09-02 19:02:00,1,0,Toys,Delhi,38,Male,862.91,1.5,30991,25.26
4558,300,2024-08-07 03:30:00,1,0,Home,Mumbai,52,Female,2140.7,3.8,83584,208.07
1485,217,2024-05-17 22:32:00,1,0,Home,Chennai,55,Female,263.2,4.2,96555,254.77
2513,609,2024-12-22 05:22:00,1,1,Toys,Kolkata,56,Female,5560.79,2.0,82805,171.09
3655,780,2024-02-23 23:11:00,0,0,Electronics,Delhi,49,Male,6629.79,3.0,40615,83.69
2210,722,2024-09-10 18:00:00,0,0,Home,Mumbai,52,Female,797.38,3.9,45086,209.12
3775,970,2024-11-23 16:50:00,1,0,Clothing,Kolkata,21,Male,981.99,3.7,13816,101.99
2547,292,2024-12-24 14:15:00,1,0,Toys,Mumbai,56,Male,5426.84,3.3,66235,248.17
2531,540,2024-10-14 13:14:00,1,0,Books,Kolkata,28,Male,1039.59,4.0,76549,115.31
2000,260,2024-01-07 00:53:00,0,0,Clothing,Delhi,46,Female,6991.54,1.3,49803,202.88
2689,159,2024-12-03 23:36:00,1,0,Electronics,Bangalore,23,Male,2928.9,3.0,54182,228.37
2477,533,2024-04-17 14:17:00,1,0,Clothing,Kolkata,57,Male,4829.03,2.6,82515,84.9
3228,421,2024-03-17 06:15:00,1,0,Home,Bangalore,35,Male,9235.36,3.2,13766,68.22
1821,223,2024-12-16 15:38:00,1,1,Toys,Kolkata,41,Male,5484.43,1.9,79318,175.7
4136,887,2024-03-07 22:09:00,0,1,Books,Chennai,31,Male,6901.12,2.5,25094,105.41
4954,474,2024-05-08 00:04:00,1,0,Clothing,Mumbai,24,Female,9114.43,5.0,21072,74.14
2514,444,2024-09-08 03:21:00,1,0,Clothing,Kolkata,23,Female,4470.16,2.9,11573,156.23
3933,449,2024-04-03 14:35:00,0,1,Clothing,Kolkata,53,Male,1603.24,2.2,11114,254.19
4961,787,2024-01-29 16:25:00,0,1,Books,Mumbai,49,Female,5526.52,3.3,16027,92.93
3208,511,2024-06-18 18:58:00,0,0,Home,Kolkata,54,Female,3294.8,1.5,27255,215.29
1310,854,2024-12-20 13:49:00,1,0,Home,Kolkata,49,Male,9382.13,3.1,87781,123.97
3147,511,2024-01-21 15:46:00,1,0,Books,Chennai,50,Male,5235.77,3.4,87653,78.34
2648,816,2024-05-19 10:27:00,1,0,Books,Chennai,26,Female,9393.72,3.4,10154,15.55
4479,557,2024-03-20 20:30:00,0,0,Clothing,Mumbai,20,Male,2862.03,4.2,13983,205.7
3704,489,2024-01-21 23:55:00,1,0,Electronics,Chennai,35,Male,9610.39,2.1,57942,227.01
1658,866,2024-10-24 16:26:00,1,0,Electronics,Delhi,40,Male,178.83,5.0,84501,235.63
2233,993,2024-07-22 05:24:00,1,1,Books,Mumbai,50,Female,9674.54,2.0,71260,24.85
4054,444,2024-01-01 08:07:00,1,0,Toys,Chennai,26,Male,8269.14,3.0,50894,108.49
4874,968,2024-02-10 17:52:00,1,0,Electronics,Mumbai,29,Male,6887.38,1.4,57213,279.46
2264,479,2024-08-29 03:29:00,1,0,Home,Kolkata,56,Female,5429.8,1.9,51615,286.51
1695,287,2024-10-09 08:42:00,1,0,Electronics,Mumbai,48,Female,5512.26,1.2,73785,251.8
1121,355,2024-07-28 23:04:00,0,0,Electronics,Chennai,48,Female,9961.91,4.7,64535,262.67
4649,837,2024-10-31 03:28:00,1,0,Clothing,Delhi,57,Female,6961.33,1.7,81077,244.3
1071,432,2024-10-06 17:39:00,0,0,Home,Mumbai,52,Female,8048.85,1.3,59851,283.2
3736,602,2024-05-15 10:39:00,1,1,Toys,Bangalore,46,Male,8023.97,1.3,43203,268.27
1788,829,2024-05-02 23:59:00,1,0,Books,Kolkata,20,Male,8600.22,1.6,16090,151.64
1997,791,2024-06-01 17:48:00,1,1,Clothing,Chennai,56,Female,1995.67,1.8,90992,21.58
3715,560,2024-12-29 22:47:00,1,0,Home,Mumbai,34,Male,4802.33,3.1,47426,105.57
2174,903,2024-07-24 20:40:00,1,1,Toys,Bangalore,37,Female,9154.82,3.9,28474,78.01
2999,353,2024-09-05 23:16:00,1,0,Electronics,Bangalore,40,Female,8277.97,1.6,55017,205.77
3579,506,2024-04-21 08:16:00,1,0,Toys,Mumbai,24,Male,5120.83,1.2,31761,196.39
1009,102,2024-08-06 23:34:00,1,0,Home,Delhi,48,Female,4854.55,4.9,51379,55.03
4796,603,2024-04-21 17:24:00,1,1,Books,Chennai,47,Female,2894.92,1.1,53423,153.05
1766,754,2024-09-12 18:21:00,1,0,Toys,Chennai,34,Male,8872.58,2.5,95852,107.83
1237,669,2024-05-22 13:49:00,1,0,Books,Mumbai,19,Female,9931.51,5.0,14891,31.52
4190,482,2024-07-27 02:42:00,1,0,Clothing,Bangalore,51,Female,505.14,2.1,49531,104.32
1980,746,2024-01-02 09:24:00,0,0,Toys,Delhi,37,Female,5775.33,3.2,44668,193.7
3785,713,2024-12-28 03:16:00,1,0,Home,Kolkata,40,Male,9287.88,3.8,57155,184.74
4011,645,2024-11-25 00:04:00,1,1,Books,Delhi,32,Male,824.83,3.5,34523,100.52
3170,894,2024-01-26 16:00:00,1,0,Books,Chennai,52,Male,7059.98,2.5,34610,28.03
4016,784,2024-05-14 19:21:00,1,1,Toys,Bangalore,36,Male,5343.06,3.1,24425,27.36
4491,702,2024-12-05 14:09:00,0,0,Electronics,Bangalore,54,Female,3497.67,3.4,36310,289.12
1761,721,2024-11-26 22:32:00,0,0,Home,Chennai,18,Female,7739.68,1.8,82566,105.89
3052,290,2024-08-07 15:47:00,0,0,Toys,Delhi,19,Female,7532.04,3.6,46670,295.76
3981,526,2024-09-15 04:51:00,0,0,Clothing,Chennai,57,Male,8054.88,1.6,77581,288.79
4909,214,2024-08-07 15:02:00,1,1,Electronics,Delhi,57,Male,6253.66,3.8,66728,292.19
2426,399,2024-03-01 05:54:00,1,0,Clothing,Delhi,21,Female,4962.86,2.7,43413,209.58
1082,602,2024-09-24 01:41:00,0,0,Toys,Chennai,18,Female,4306.97,2.4,64072,37.84
1973,647,2024-07-19 15:29:00,1,0,Books,Delhi,44,Female,2673.85,4.0,91249,90.64
4663,278,2024-06-06 04:38:00,0,0,Electronics,Mumbai,31,Male,4618.11,1.5,79627,287.28
1418,574,2024-08-12 10:03:00,1,1,Clothing,Kolkata,43,Female,8582.78,2.3,30264,293.07
3239,261,2024-08-01 12:44:00,0,0,Electronics,Delhi,34,Male,3334.03,4.4,72038,166.01
1183,334,2024-12-24 00:13:00,1,0,Electronics,Bangalore,23,Male,9628.71,4.8,15184,202.31
3737,889,2024-03-09 20:59:00,1,0,Electronics,Kolkata,58,Male,4212.82,2.2,64450,186.39
4447,158,2024-02-27 03:56:00,1,1,Electronics,Mumbai,57,Male,1629.19,1.5,14570,74.27
3885,416,2024-05-15 19:39:00,1,0,Toys,Kolkata,48,Female,9897.02,1.5,53943,137.94
3723,831,2024-12-26 19:30:00,1,0,Home,Mumbai,43,Female,7926.16,3.8,76478,5.89
1298,573,2024-04-19 04:00:00,1,0,Home,Mumbai,30,Female,8282.52,1.2,84798,15.04
3053,860,2024-12-08 10:45:00,1,1,Electronics,Delhi,57,Female,5058.27,2.7,78306,213.4
2427,769,2024-12-13 17:14:00,1,0,Home,Bangalore,31,Male,6332.16,2.5,38902,5.5
3489,815,2024-12-13 05:07:00,0,0,Home,Bangalore,19,Male,1879.03,1.8,45884,64.92
1028,332,2024-12-25 03:44:00,1,0,Books,Mumbai,25,Female,4035.21,4.6,26017,299.84
3266,298,2024-07-18 20:38:00,1,0,Toys,Bangalore,34,Female,5342.24,4.0,73283,29.11
1195,523,2024-03-22 19:17:00,0,0,Toys,Chennai,40,Female,3348.7,4.0,47313,297.16
4641,186,2024-09-03 14:28:00,0,0,Electronics,Chennai,29,Male,8255.27,2.3,63050,103.9
2828,955,2024-05-29 15:14:00,1,0,Clothing,Bangalore,49,Female,7192.97,4.6,33105,198.41
4029,984,2024-08-14 07:22:00,0,0,Electronics,Mumbai,20,Female,4042.79,1.4,24610,36.32
2799,361,2024-02-03 12:07:00,0,1,Toys,Mumbai,53,Female,8799.73,1.1,32461,217.47
4795,859,2024-10-30 20:05:00,1,0,Clothing,Chennai,32,Female,8358.09,3.8,46206,237.84
2796,883,2024-05-15 14:50:00,1,0,Electronics,Delhi,34,Male,8138.84,3.5,88941,290.6
4632,938,2024-05-21 17:36:00,0,0,Toys,Mumbai,22,Male,8823.08,4.0,63218,22.29
2935,608,2024-03-27 18:31:00,1,0,Books,Bangalore,46,Female,8685.92,3.5,28197,245.77
4990,610,2024-06-17 00:28:00,1,0,Toys,Kolkata,56,Female,6514.28,1.2,22524,56.12
4907,733,2024-12-28 01:55:00,0,1,Clothing,Kolkata,20,Male,4757.79,1.8,27043,14.27
2491,372,2024-10-03 14:06:00,1,0,Clothing,Chennai,51,Male,723.15,2.0,71107,44.04
4706,454,2024-05-25 16:41:00,1,0,Electronics,Mumbai,32,Female,1984.81,3.2,52447,71.8
3220,415,2024-08-27 18:24:00,1,1,Electronics,Mumbai,34,Male,2844.25,2.9,69572,253.06
3571,870,2024-06-28 04:13:00,1,0,Home,Kolkata,58,Female,5863.77,1.1,19070,245.64
2918,315,2024-04-23 00:50:00,1,1,Home,Bangalore,53,Male,1195.61,2.9,94820,217.94
4880,518,2024-05-19 06:45:00,1,0,Books,Mumbai,43,Male,189.6,1.2,39709,39.94
4471,785,2024-07-29 13:50:00,1,0,Electronics,Kolkata,40,Male,4355.49,3.7,87125,97.02
3015,215,2024-07-17 01:18:00,1,1,Home,Chennai,36,Female,505.88,4.0,75526,55.84
3777,703,2024-02-07 21:11:00,1,0,Toys,Kolkata,25,Male,4800.68,3.8,50660,289.47
2957,164,2024-07-04 05:12:00,0,0,Home,Kolkata,53,Female,7211.37,3.8,91586,92.06
2014,935,2024-01-19 09:50:00,0,0,Books,Mumbai,50,Male,4136.4,2.3,64596,278.81
1067,791,2024-11-29 14:27:00,0,1,Home,Delhi,47,Male,1310.74,3.1,18433,136.58
2727,556,2024-03-18 06:40:00,1,0,Clothing,Chennai,33,Female,7051.79,4.6,51501,19.74
4493,823,2024-01-11 07:40:00,1,0,Toys,Mumbai,27,Male,6590.27,4.5,32286,69.79
4023,494,2024-01-19 22:16:00,1,0,Toys,Chennai,47,Male,942.7,1.7,23362,142.52
4698,622,2024-04-19 07:20:00,1,1,Electronics,Delhi,28,Male,9038.87,4.0,60124,189.45
1923,680,2024-10-23 07:19:00,1,0,Electronics,Kolkata,51,Female,4882.71,3.5,26390,222.04
1698,725,2024-12-23 11:58:00,0,1,Clothing,Kolkata,48,Female,2098.49,4.7,76360,36.71
1646,119,2024-10-06 08:17:00,1,0,Clothing,Mumbai,34,Female,8029.83,1.7,18119,33.26
3768,743,2024-02-19 15:54:00,1,1,Electronics,Kolkata,24,Male,332.25,3.7,41161,255.9
4855,270,2024-07-05 02:00:00,0,0,Electronics,Bangalore,38,Male,1173.19,3.4,44314,7.19
1648,689,2024-01-17 13:31:00,0,1,Clothing,Kolkata,50,Female,7515.6,2.9,55109,282.75
2522,812,2024-06-24 04:13:00,1,0,Books,Kolkata,21,Female,3216.89,2.1,23489,202.53
4833,990,2024-12-10 12:39:00,0,1,Books,Bangalore,33,Male,9672.51,2.0,74074,123.06
2764,928,2024-09-27 21:06:00,0,0,Home,Kolkata,33,Male,646.54,2.8,61054,216.78
3091,702,2024-05-07 15:55:00,0,0,Electronics,Kolkata,48,Male,8113.15,4.9,90740,78.55
2806,569,2024-07-31 03:03:00,1,0,Books,Mumbai,54,Male,6742.18,2.9,49584,140.25
2857,262,2024-10-12 12:43:00,1,0,Clothing,Kolkata,33,Male,3460.54,1.1,74130,30.4
3266,381,2024-10-20 15:29:00,1,0,Books,Delhi,33,Male,2235.17,1.3,26233,252.48
4363,217,2024-05-03 12:17:00,1,0,Home,Chennai,50,Female,2830.03,3.9,32369,66.88
3737,238,2024-03-22 20:29:00,1,0,Clothing,Mumbai,20,Female,1302.06,2.8,25621,28.49
3267,495,2024-08-02 07:20:00,0,0,Electronics,Bangalore,31,Male,7492.25,2.4,32457,49.97
1886,115,2024-09-25 11:02:00,1,0,Books,Delhi,51,Male,176.01,3.9,83059,114.61
2351,158,2024-03-19 13:59:00,1,0,Electronics,Bangalore,34,Female,2132.99,2.6,68742,148.42
1905,933,2024-04-13 04:16:00,1,0,Home,Chennai,54,Male,6343.62,4.8,65062,9.94
3729,745,2024-09-23 23:39:00,1,0,Electronics,Chennai,21,Female,5280.98,3.6,51002,112.57
3183,700,2024-10-04 13:30:00,1,0,Electronics,Mumbai,33,Female,6558.75,1.0,93490,23.04
3075,697,2024-06-22 10:00:00,0,1,Toys,Delhi,21,Male,929.97,4.6,80792,268.04
2369,500,2024-04-09 02:00:00,1,0,Home,Delhi,34,Male,2250.44,4.5,16860,144.89
2079,693,2024-11-27 13:52:00,0,0,Toys,Mumbai,54,Female,1679.98,4.9,21167,64.06
4517,298,2024-08-04 11:15:00,1,0,Electronics,Bangalore,40,Male,8368.44,2.8,37443,57.89
3337,920,2024-03-10 15:59:00,1,0,Electronics,Chennai,36,Male,6092.01,4.5,43889,151.65
1770,578,2024-12-12 22:32:00,0,0,Home,Chennai,26,Male,576.01,1.4,90653,91.04
2173,991,2024-04-04 16:10:00,1,0,Electronics,Delhi,29,Female,7093.11,4.5,85382,83.63
3565,273,2024-08-25 19:15:00,0,0,Clothing,Kolkata,46,Female,3142.25,3.9,66059,193.9
4741,233,2024-04-30 05:12:00,1,1,Clothing,Kolkata,23,Female,6963.8,4.0,73438,222.58
4807,532,2024-09-23 08:40:00,1,0,Electronics,Chennai,24,Male,3928.97,2.8,34758,137.71
3363,226,2024-08-31 06:16:00,1,0,Books,Kolkata,39,Male,844.44,4.3,14753,223.08
3829,125,2024-06-04 10:26:00,1,0,Clothing,Bangalore,59,Male,5141.12,3.4,13946,242.84
4376,723,2024-05-15 12:51:00,1,0,Toys,Delhi,39,Male,9522.57,4.6,98054,180.93
4895,420,2024-09-22 17:43:00,1,0,Home,Delhi,53,Male,9198.19,2.7,83413,150.87
1171,369,2024-02-06 20:11:00,0,0,Toys,Delhi,20,Female,1378.2,2.2,86849,20.33
3778,730,2024-12-28 10:12:00,1,0,Toys,Chennai,18,Male,2000.22,2.2,41230,239.36
1244,784,2024-06-10 08:24:00,1,0,Clothing,Chennai,30,Male,7066.37,1.5,80997,89.73
1538,670,2024-03-19 04:22:00,0,0,Electronics,Bangalore,24,Male,1569.75,2.0,66038,126.65
3779,927,2024-02-17 13:52:00,1,0,Toys,Chennai,53,Male,4406.06,1.2,54004,251.21
3954,644,2024-11-13 12:25:00,1,0,Books,Mumbai,50,Male,2273.98,1.8,86536,169.12
3388,393,2024-05-26 12:32:00,0,0,Electronics,Mumbai,43,Male,815.09,4.6,43020,102.52
2964,126,2024-03-13 16:25:00,1,0,Home,Chennai,31,Female,5392.86,2.8,11068,272.33
2737,607,2024-12-26 20:05:00,0,0,Books,Bangalore,40,Female,9795.48,3.6,84368,71.56
3457,359,2024-09-15 15:02:00,1,0,Home,Kolkata,31,Male,5050.97,4.6,64012,253.22
2713,673,2024-09-16 00:23:00,1,0,Toys,Kolkata,57,Male,7254.94,4.7,81649,124.62
3083,986,2024-11-08 18:36:00,1,0,Home,Kolkata,54,Male,2825.91,1.1,11402,261.93
2400,228,2024-11-17 02:50:00,0,0,Toys,Mumbai,45,Male,1828.48,4.1,44211,34.25
2982,986,2024-12-09 15:53:00,1,0,Toys,Delhi,51,Female,158.81,3.7,60138,13.72
1723,671,2024-10-02 08:05:00,0,0,Electronics,Kolkata,48,Female,622.39,2.2,73484,131.5
3437,166,2024-12-20 09:38:00,1,0,Books,Delhi,58,Male,401.82,3.2,27300,71.74
3894,705,2024-09-14 21:55:00,0,0,Home,Delhi,26,Male,1366.8,2.0,20398,226.67
3465,547,2024-12-29 07:29:00,1,0,Toys,Chennai,18,Female,646.79,4.7,21875,6.8
4347,437,2024-01-02 17:05:00,1,0,Toys,Bangalore,42,Female,8216.49,2.8,45372,155.37
4178,140,2024-01-22 05:59:00,1,1,Books,Bangalore,55,Male,1576.72,2.5,72083,243.44
4793,201,2024-12-06 11:58:00,1,0,Clothing,Delhi,59,Female,8095.44,2.8,76137,101.32
1408,874,2024-08-10 20:30:00,0,0,Toys,Chennai,21,Female,2108.94,2.4,87582,184.96
4191,882,2024-05-03 17:36:00,0,1,Electronics,Mumbai,59,Male,7207.65,1.6,15650,293.44
4558,974,2024-11-07 05:15:00,1,1,Books,Mumbai,21,Male,6193.53,1.6,75290,191.21
3299,713,2024-04-03 16:43:00,1,0,Books,Chennai,56,Male,9163.23,2.4,44658,91.44
3542,414,2024-07-14 11:19:00,1,1,Books,Chennai,45,Female,1554.62,3.8,11658,167.72
3795,486,2024-04-13 03:55:00,1,0,Clothing,Delhi,44,Male,378.07,2.3,81893,116.6
3070,690,2024-04-28 07:01:00,0,0,Clothing,Bangalore,44,Male,3698.46,2.5,88316,185.53
1513,578,2024-06-22 20:21:00,0,0,Books,Chennai,59,Female,8761.09,3.0,78025,190.56
4021,304,2024-11-15 02:46:00,1,0,Toys,Mumbai,20,Female,5461.49,4.7,61969,226.54
1389,426,2024-03-01 00:17:00,0,0,Books,Mumbai,32,Female,3199.44,2.8,84517,147.24
2330,752,2024-04-15 23:05:00,1,0,Home,Mumbai,23,Male,1428.5,3.3,63417,281.81
4980,908,2024-12-22 23:38:00,1,1,Books,Mumbai,35,Female,6389.12,3.3,28863,134.71
4007,865,2024-04-30 03:57:00,1,0,Toys,Bangalore,37,Male,2158.28,4.5,97923,31.82
2424,153,2024-06-26 14:01:00,1,0,Electronics,Mumbai,47,Male,9819.78,4.1,80039,221.08
4032,559,2024-07-21 08:07:00,1,0,Electronics,Mumbai,57,Male,5533.49,1.8,10435,230.36
3722,394,2024-09-11 12:03:00,1,0,Books,Bangalore,59,Male,5950.12,4.3,14250,106.14
2031,704,2024-06-09 17:48:00,1,1,Electronics,Kolkata,48,Female,166.84,4.8,15119,84.63
2638,732,2024-01-25 05:27:00,0,0,Books,Delhi,20,Female,7667.17,3.6,73441,186.96
1095,427,2024-04-22 04:03:00,1,0,Home,Chennai,55,Male,1196.48,4.6,59128,24.58
2200,535,2024-08-13 04:57:00,1,0,Home,Delhi,57,Female,450.87,1.9,36406,36.5
3776,904,2024-06-13 10:28:00,1,0,Toys,Chennai,23,Male,5608.41,3.3,40084,247.94
3570,298,2024-08-15 09:36:00,1,1,Toys,Bangalore,56,Female,1304.3,4.7,85580,132.47
2767,488,2024-11-29 21:43:00,1,0,Home,Mumbai,45,Female,8156.77,2.8,48193,108.58
1600,340,2024-11-07 12:18:00,0,0,Clothing,Chennai,18,Male,1375.87,2.6,95199,120.51
1291,974,2024-06-11 23:00:00,1,0,Electronics,Kolkata,48,Female,6339.84,1.8,49174,186.6
3167,314,2024-09-28 08:04:00,1,0,Electronics,Mumbai,32,Male,7026.0,3.1,71779,205.07
1725,949,2024-06-16 14:09:00,1,0,Toys,Mumbai,51,Female,899.59,4.4,88370,198.4
4589,950,2024-03-06 22:04:00,1,0,Books,Kolkata,33,Male,7615.11,1.5,31961,30.17
3267,593,2024-06-01 03:32:00,0,0,Electronics,Delhi,42,Female,8014.2,1.9,55024,61.92
3490,470,2024-12-22 13:47:00,0,0,Electronics,Mumbai,18,Male,3185.12,2.0,38583,28.39
4772,888,2024-03-25 18:33:00,1,0,Books,Kolkata,53,Male,9247.3,1.3,63726,87.03
1924,691,2024-05-21 20:10:00,1,0,Electronics,Bangalore,26,Female,6696.06,2.8,61326,224.37
1603,424,2024-11-19 02:34:00,0,0,Toys,Kolkata,59,Male,5734.58,1.9,40119,291.22
2458,735,2024-07-16 13:29:00,1,0,Clothing,Bangalore,45,Female,6068.71,1.0,91826,206.32
2306,704,2024-01-31 19:24:00,0,0,Toys,Bangalore,57,Female,2618.13,2.6,98220,222.38
2888,718,2024-06-25 15:14:00,1,0,Books,Delhi,46,Male,6400.28,3.0,31139,65.19
2721,876,2024-08-22 03:42:00,1,0,Books,Bangalore,43,Female,1401.38,4.7,25803,117.41
2498,140,2024-03-13 07:34:00,1,0,Home,Mumbai,45,Male,658.1,2.8,96226,111.2
2018,683,2024-06-21 21:32:00,0,1,Books,Kolkata,43,Male,9184.76,2.4,90415,190.03
1580,895,2024-01-07 20:14:00,0,0,Books,Delhi,54,Female,9193.32,1.4,19925,59.99
4011,330,2024-05-02 11:29:00,0,0,Books,Delhi,36,Female,6629.72,1.9,63908,127.64
4653,688,2024-01-21 19:34:00,1,0,Home,Bangalore,42,Male,8542.58,3.9,32515,280.49
1888,959,2024-07-22 06:29:00,1,0,Toys,Chennai,46,Male,6038.21,2.8,64093,80.66
4474,637,2024-02-15 21:11:00,1,0,Toys,Kolkata,25,Female,2862.0,2.1,51579,116.98
3952,859,2024-08-10 05:04:00,1,0,Toys,Delhi,49,Female,9447.85,4.2,38964,260.77
4010,502,2024-03-18 19:20:00,1,0,Clothing,Kolkata,51,Female,2082.35,1.6,30058,281.5
1378,981,2024-08-17 15:40:00,1,0,Toys,Bangalore,56,Female,6132.55,1.2,51147,239.69
1353,368,2024-10-27 12:26:00,1,0,Home,Delhi,48,Female,1670.16,2.3,49075,73.07
4359,381,2024-11-25 02:09:00,1,0,Electronics,Chennai,51,Male,7509.32,2.6,64878,286.05
1574,789,2024-11-21 05:33:00,1,0,Home,Bangalore,56,Male,9245.35,2.4,40488,160.41
4423,917,2024-11-10 14:56:00,1,1,Home,Mumbai,36,Female,1051.36,1.1,46994,74.23
2852,203,2024-05-04 18:38:00,1,0,Electronics,Chennai,51,Male,2458.74,2.2,32112,248.29
2673,182,2024-02-13 11:11:00,1,0,Toys,Bangalore,26,Female,5636.61,4.1,89780,93.04
2662,422,2024-05-09 09:16:00,1,1,Toys,Delhi,38,Female,2846.07,3.9,65792,106.39
2272,462,2024-03-21 23:06:00,0,0,Home,Chennai,44,Male,3277.23,4.7,87995,214.88
1127,536,2024-02-26 06:59:00,1,0,Toys,Chennai,53,Female,1689.96,4.5,18200,166.96
3190,634,2024-02-12 21:26:00,0,1,Electronics,Chennai,53,Male,3482.61,5.0,97754,257.63
3491,167,2024-07-20 19:56:00,1,0,Home,Chennai,19,Female,7198.69,2.7,96186,151.56
3935,444,2024-08-02 23:04:00,1,0,Electronics,Chennai,39,Female,1740.59,2.9,63440,25.91
3081,647,2024-02-01 15:48:00,1,0,Toys,Mumbai,40,Female,7659.77,1.8,21060,8.04
3804,785,2024-03-22 21:18:00,1,0,Electronics,Mumbai,40,Female,7619.3,1.2,79325,191.74
3271,892,2024-05-13 03:48:00,0,0,Electronics,Mumbai,27,Female,2926.18,2.2,52615,157.36
2013,881,2024-05-29 03:00:00,0,0,Books,Kolkata,46,Male,7026.12,1.3,87007,22.33
3653,520,2024-08-30 00:26:00,1,1,Clothing,Kolkata,55,Male,1502.0,3.3,21578,154.03
1017,127,2024-09-20 05:30:00,1,0,Books,Chennai,22,Male,9686.57,2.4,44876,186.47
2919,722,2024-05-29 04:34:00,1,0,Home,Mumbai,41,Female,4440.53,4.0,28126,33.69
4231,145,2024-12-27 04:47:00,1,1,Toys,Mumbai,36,Male,9146.56,4.2,84905,262.91
4452,926,2024-01-17 05:27:00,1,0,Toys,Chennai,22,Female,2229.9,3.9,56729,64.44
3944,907,2024-06-10 17:29:00,1,0,Books,Mumbai,51,Female,2461.52,3.3,67846,125.0
4458,280,2024-04-04 20:45:00,1,0,Electronics,Bangalore,47,Female,135.49,3.3,16439,131.84
4531,513,2024-08-25 03:43:00,0,0,Home,Kolkata,25,Female,5337.99,4.2,41290,80.33
1818,846,2024-11-13 11:14:00,0,0,Electronics,Kolkata,45,Female,689.72,1.3,68426,238.12
3239,336,2024-11-21 09:34:00,1,1,Books,Kolkata,54,Female,4950.59,1.6,68342,129.19
2076,972,2024-05-02 14:30:00,1,1,Electronics,Kolkata,45,Female,1822.58,3.8,97255,107.44
4458,631,2024-02-25 03:08:00,1,0,Toys,Chennai,22,Male,5657.01,1.5,54507,246.43
1230,904,2024-04-19 12:50:00,0,1,Home,Mumbai,25,Female,6664.93,4.3,42162,284.27
1304,967,2024-06-13 23:29:00,0,0,Clothing,Bangalore,54,Female,7736.41,3.3,59692,292.2
4406,794,2024-07-08 19:40:00,0,0,Toys,Kolkata,54,Male,201.64,2.7,36294,273.7
2863,691,2024-06-21 01:13:00,1,0,Home,Mumbai,24,Male,8184.45,4.0,55548,175.34
4215,178,2024-01-28 21:47:00,1,0,Toys,Delhi,48,Male,1955.62,2.1,37384,124.34
2923,232,2024-08-24 18:40:00,0,0,Clothing,Delhi,32,Female,1377.35,4.4,38941,254.24
4913,351,2024-08-06 15:02:00,1,0,Toys,Bangalore,31,Male,310.21,1.5,26781,21.91
2898,831,2024-09-26 00:27:00,1,0,Clothing,Mumbai,23,Male,2171.68,3.2,22771,113.7
1007,568,2024-02-12 05:21:00,0,0,Home,Delhi,19,Female,5604.34,2.2,49686,61.25
2504,137,2024-03-05 16:43:00,1,0,Clothing,Chennai,53,Female,1753.92,3.9,33801,221.3
3836,422,2024-11-18 11:48:00,1,0,Electronics,Bangalore,48,Female,2696.29,1.1,54622,111.41
2745,220,2024-06-11 00:20:00,1,0,Books,Bangalore,34,Male,9326.34,2.8,22009,205.36
2625,396,2024-01-29 21:13:00,0,0,Clothing,Kolkata,39,Female,2399.34,3.2,88938,245.91
1069,189,2024-06-01 21:46:00,1,1,Books,Bangalore,52,Female,9078.39,1.7,74843,114.76
3499,256,2024-04-14 06:20:00,1,0,Home,Mumbai,34,Female,8107.12,1.1,69249,298.95
1645,532,2024-06-16 17:12:00,1,0,Toys,Bangalore,55,Female,5973.6,3.8,61306,34.97
2298,354,2024-08-17 20:34:00,1,0,Toys,Mumbai,54,Male,6049.69,2.2,73051,59.42
1297,244,2024-08-20 03:29:00,1,0,Toys,Kolkata,41,Female,2735.54,1.5,75233,150.39
1942,319,2024-05-26 21:17:00,0,1,Books,Delhi,47,Female,6558.6,4.9,36167,231.43
2698,241,2024-10-30 20:48:00,1,0,Home,Bangalore,30,Female,2455.71,1.9,67796,295.65
1562,566,2024-06-20 21:51:00,1,0,Clothing,Bangalore,51,Male,5638.62,1.8,50746,126.69
4605,496,2024-04-09 13:05:00,1,0,Home,Delhi,33,Male,9523.98,1.1,37409,65.99
1100,939,2024-12-02 05:21:00,0,0,Electronics,Mumbai,25,Male,8943.33,2.2,99096,95.91
4103,391,2024-12-20 18:22:00,1,0,Books,Delhi,22,Male,8540.39,3.4,86764,88.96
2063,175,2024-05-19 08:32:00,0,0,Home,Mumbai,33,Female,5789.19,2.4,96760,299.62
4668,825,2024-11-24 16:51:00,1,1,Electronics,Delhi,21,Male,9363.0,4.8,15223,295.07
1128,568,2024-09-22 20:34:00,0,0,Electronics,Delhi,56,Male,3948.31,3.0,38035,52.01
2366,165,2024-03-02 04:17:00,1,0,Books,Kolkata,55,Male,3516.89,4.8,11802,290.52
2256,267,2024-08-22 06:35:00,0,0,Books,Delhi,35,Female,9900.73,1.7,39893,272.31
3478,887,2024-12-09 17:01:00,1,0,Electronics,Chennai,45,Female,9649.33,2.6,22998,97.21
1295,240,2024-01-30 05:36:00,1,1,Home,Chennai,20,Female,9502.59,1.1,80839,85.16
2689,106,2024-01-02 04:37:00,1,0,Electronics,Kolkata,19,Female,6171.66,3.0,78049,68.71
1359,552,2024-09-28 19:08:00,1,0,Electronics,Mumbai,35,Female,706.5,2.9,75136,84.8
4575,969,2024-12-28 16:29:00,1,1,Toys,Bangalore,19,Male,4992.45,4.4,57445,21.7
2391,761,2024-03-13 07:41:00,0,0,Clothing,Kolkata,28,Male,9432.3,1.5,71045,220.82
3817,662,2024-02-20 04:07:00,0,0,Home,Delhi,54,Male,9685.64,2.9,22973,205.56
1667,717,2024-10-26 08:56:00,1,0,Home,Chennai,44,Female,9413.23,2.2,28734,279.15
4441,951,2024-06-16 10:35:00,1,0,Books,Bangalore,51,Female,3054.56,5.0,84233,258.39
2836,619,2024-05-23 17:41:00,0,1,Electronics,Mumbai,49,Female,1025.07,4.5,26439,133.4
2943,177,2024-09-22 22:55:00,0,0,Toys,Delhi,31,Female,7561.97,3.2,78538,144.74
1293,241,2024-09-21 13:22:00,1,0,Clothing,Delhi,18,Male,5751.93,2.8,88902,238.88
4505,177,2024-09-02 09:06:00,1,0,Books,Bangalore,25,Male,2639.1,2.6,82549,288.69
1437,700,2024-07-31 20:51:00,1,0,Home,Kolkata,18,Male,877.21,4.6,33093,233.26
2907,724,2024-11-23 17:06:00,0,0,Books,Mumbai,43,Female,8591.98,3.5,65535,20.03
3509,322,2024-11-06 11:33:00,1,0,Clothing,Bangalore,41,Female,2524.06,1.3,15105,194.54
1369,575,2024-12-09 08:54:00,1,0,Books,Mumbai,23,Male,3732.36,1.0,54154,27.55
2101,340,2024-10-15 11:43:00,0,0,Clothing,Kolkata,51,Female,5780.18,1.9,81719,58.05
1030,778,2024-05-22 07:25:00,1,1,Clothing,Chennai,21,Male,2133.77,4.5,90607,246.52
3518,201,2024-01-17 22:35:00,1,0,Toys,Delhi,21,Male,7033.75,1.4,51137,194.18
4132,340,2024-02-25 12:57:00,0,0,Clothing,Chennai,57,Male,9292.54,1.2,78075,7.15
2953,640,2024-01-10 02:20:00,1,0,Home,Mumbai,28,Male,2372.48,4.7,91482,173.1
1325,594,2024-06-05 23:41:00,0,0,Books,Mumbai,47,Male,6097.53,2.1,31501,145.09
2023,373,2024-07-05 17:51:00,0,0,Home,Kolkata,43,Female,3675.44,4.2,45753,111.62
1218,314,2024-02-14 23:13:00,1,0,Books,Delhi,36,Male,5619.1,3.4,53896,233.28
4382,887,2024-07-13 22:41:00,1,0,Home,Delhi,19,Male,1733.49,2.3,36368,29.55
3015,182,2024-02-14 04:19:00,1,0,Books,Bangalore,49,Female,531.64,3.3,97937,188.17
2039,647,2024-01-28 01:58:00,1,0,Electronics,Kolkata,33,Male,5425.46,2.2,43948,244.6
3837,704,2024-12-16 11:59:00,1,0,Books,Chennai,38,Female,902.05,4.2,74200,250.31
4765,813,2024-04-19 05:48:00,1,1,Books,Kolkata,22,Male,4803.46,3.2,23880,148.62
2996,803,2024-01-11 22:13:00,1,0,Books,Kolkata,34,Male,2386.61,3.6,37352,37.57
2962,262,2024-03-14 21:14:00,1,0,Books,Chennai,58,Male,8111.85,4.0,59367,289.5
3180,697,2024-11-29 15:46:00,0,0,Clothing,Chennai,31,Male,2982.65,3.1,20799,246.37
4647,895,2024-12-07 20:55:00,1,0,Books,Chennai,35,Female,3532.67,1.1,98795,41.92
1392,379,2024-05-14 07:56:00,1,0,Books,Delhi,38,Male,5768.14,4.3,13560,35.21
3221,951,2024-08-13 14:12:00,1,0,Electronics,Kolkata,28,Male,1815.33,3.3,39347,165.69
1439,815,2024-05-19 22:12:00,1,0,Home,Delhi,50,Male,6363.1,2.9,13877,281.83
4589,217,2024-02-16 08:23:00,1,0,Clothing,Chennai,58,Female,117.49,3.8,34727,223.66
2420,205,2024-12-30 19:07:00,1,0,Home,Mumbai,57,Male,7745.92,5.0,30070,21.25
2404,623,2024-06-04 04:00:00,1,0,Toys,Chennai,51,Female,5302.75,1.6,43670,83.89
2355,202,2024-02-14 17:22:00,0,0,Home,Mumbai,40,Female,970.29,2.0,28158,293.14
2660,568,2024-11-30 01:14:00,0,1,Toys,Delhi,37,Female,432.94,3.1,14339,7.59
4856,761,2024-02-07 09:11:00,0,0,Home,Delhi,34,Female,2337.31,3.7,67039,143.49
3936,468,2024-12-13 04:18:00,1,0,Electronics,Mumbai,36,Male,6209.21,4.8,69756,276.79
4146,779,2024-12-13 17:45:00,0,0,Home,Chennai,48,Male,8248.06,3.7,67533,116.99
2846,810,2024-05-04 19:11:00,1,0,Electronics,Bangalore,38,Female,1051.42,3.2,50734,166.99
4402,205,2024-02-11 13:57:00,0,1,Electronics,Kolkata,54,Female,2509.14,4.0,24726,106.38
4933,774,2024-10-02 06:16:00,1,0,Electronics,Bangalore,36,Female,9386.47,1.5,99882,211.99
2591,814,2024-07-26 21:59:00,0,0,Home,Chennai,43,Male,9856.3,4.7,90796,223.88
1239,219,2024-03-02 18:12:00,1,1,Books,Delhi,32,Female,3464.33,4.2,64004,26.78
3430,518,2024-08-03 05:29:00,1,0,Home,Delhi,52,Female,3050.33,3.2,60607,210.36
3221,498,2024-12-06 19:46:00,1,0,Home,Kolkata,28,Male,2591.98,3.9,88661,51.16
3917,406,2024-10-05 11:04:00,1,0,Electronics,Mumbai,27,Female,5894.83,2.8,93803,248.59
4769,924,2024-12-14 14:24:00,1,0,Electronics,Chennai,31,Male,2332.22,2.8,61547,132.39
3980,831,2024-03-25 21:30:00,0,1,Clothing,Delhi,27,Female,602.3,1.8,90929,188.46
2573,381,2024-07-07 23:44:00,1,0,Clothing,Delhi,45,Male,4975.99,2.5,98511,259.18
1933,952,2024-06-30 13:38:00,0,0,Home,Chennai,42,Female,2144.6,4.0,65301,136.01
3790,868,2024-03-14 06:24:00,1,0,Toys,Delhi,56,Male,9100.18,2.4,86542,203.26
3509,959,2024-09-02 21:53:00,0,1,Electronics,Mumbai,59,Female,5569.61,3.9,56927,61.93
2072,962,2024-07-06 18:21:00,1,1,Home,Mumbai,24,Female,5016.24,1.2,36767,283.23
2965,842,2024-03-04 13:20:00,0,0,Home,Mumbai,42,Female,6659.69,4.0,64629,102.57
2821,561,2024-05-14 21:47:00,1,0,Clothing,Chennai,55,Female,6079.6,4.6,32807,199.91
1748,703,2024-06-29 00:21:00,0,0,Clothing,Delhi,34,Male,6544.05,2.0,32571,117.38
1573,527,2024-06-23 10:56:00,1,1,Toys,Delhi,37,Female,6150.05,4.3,15075,176.97
2470,935,2024-04-08 09:22:00,1,0,Toys,Kolkata,33,Female,1051.44,4.3,88123,97.32
4222,702,2024-10-16 06:43:00,1,0,Clothing,Mumbai,43,Female,7174.42,4.9,36990,290.2
3118,748,2024-12-24 04:52:00,1,0,Clothing,Kolkata,31,Female,3472.73,3.0,36256,51.7
3616,137,2024-03-15 11:20:00,0,0,Electronics,Delhi,41,Male,9618.01,1.4,10308,158.16
2526,970,2024-06-17 21:30:00,1,0,Electronics,Mumbai,24,Female,9965.36,2.3,71787,179.27
1859,633,2024-01-17 16:25:00,0,0,Home,Mumbai,31,Female,8078.8,2.0,15904,89.65
3808,280,2024-02-14 09:29:00,1,0,Electronics,Chennai,32,Female,2949.74,1.5,48665,17.45
4378,854,2024-11-27 06:46:00,0,0,Books,Delhi,24,Male,2964.28,2.3,38686,212.43
4783,767,2024-06-18 16:25:00,1,0,Books,Bangalore,54,Male,7572.42,4.4,88264,68.69
2283,809,2024-07-02 02:21:00,1,1,Books,Kolkata,27,Male,5065.73,1.2,85012,106.29
2947,386,2024-08-03 06:35:00,1,0,Clothing,Delhi,38,Female,7312.95,2.7,67395,164.77
4035,780,2024-07-30 04:15:00,1,0,Home,Mumbai,35,Male,6900.4,3.0,45649,30.14
2587,709,2024-04-16 13:45:00,1,0,Electronics,Chennai,58,Male,5866.25,1.8,21843,141.18
3880,385,2024-02-09 15:54:00,0,0,Toys,Chennai,53,Female,1639.1,1.6,23185,234.77
1566,429,2024-11-25 02:46:00,0,0,Toys,Kolkata,57,Female,9594.44,3.8,82820,137.47
2664,195,2024-05-01 09:52:00,0,1,Toys,Mumbai,18,Female,3332.9,3.0,81393,106.57
2116,866,2024-10-02 13:17:00,1,1,Clothing,Chennai,19,Female,5384.12,1.3,71742,37.34
4398,164,2024-04-15 00:33:00,1,0,Toys,Mumbai,24,Male,2789.97,4.6,95214,130.15
4925,389,2024-12-03 00:37:00,1,0,Electronics,Delhi,35,Male,4239.83,1.4,16134,126.79
4655,676,2024-12-09 14:48:00,0,0,Toys,Delhi,36,Female,9780.72,4.9,34728,222.27
2273,998,2024-01-04 17:52:00,1,0,Electronics,Bangalore,24,Female,4578.12,2.5,26859,35.73
1501,789,2024-02-20 11:51:00,0,0,Clothing,Kolkata,49,Male,4247.97,4.8,70022,248.46
1886,519,2024-05-03 06:28:00,1,1,Clothing,Delhi,32,Female,7742.21,4.6,66305,261.17
1080,711,2024-07-03 16:17:00,1,0,Home,Kolkata,42,Female,7004.72,4.0,93353,134.66
2999,589,2024-12-23 13:49:00,1,0,Toys,Delhi,33,Male,8689.45,4.3,75775,245.11
2160,354,2024-11-29 11:48:00,0,0,Toys,Chennai,47,Male,2058.09,4.2,87890,205.69
4659,545,2024-07-05 20:21:00,1,1,Toys,Kolkata,18,Female,6345.58,3.9,52407,155.4
4636,486,2024-06-19 17:21:00,0,0,Books,Mumbai,49,Male,7115.09,1.8,55727,66.84
3629,485,2024-05-29 23:38:00,1,0,Toys,Kolkata,43,Female,4188.98,4.0,50075,120.83
4862,883,2024-03-14 05:45:00,1,0,Electronics,Kolkata,53,Female,8576.8,1.4,28393,149.32
3041,340,2024-05-20 08:17:00,1,0,Clothing,Kolkata,44,Male,4308.94,2.6,36134,278.04
3039,554,2024-06-20 11:32:00,1,1,Toys,Delhi,59,Male,4019.57,2.7,21015,16.06
2540,953,2024-08-21 13:55:00,1,0,Clothing,Mumbai,42,Male,4577.9,3.1,72092,184.55
4316,723,2024-12-21 15:49:00,0,0,Clothing,Mumbai,32,Male,5317.9,4.0,17865,262.62
1505,446,2024-12-07 16:16:00,1,0,Electronics,Chennai,24,Male,6692.04,4.1,86458,101.42
1607,296,2024-06-13 08:52:00,1,0,Toys,Bangalore,54,Female,2178.56,4.0,31992,267.92
1568,385,2024-10-29 17:33:00,1,0,Toys,Chennai,24,Female,9529.28,3.3,24295,41.18
1141,453,2024-04-15 12:24:00,0,0,Books,Mumbai,44,Female,2925.56,1.7,27701,133.1
2245,895,2024-03-01 03:08:00,1,1,Toys,Kolkata,39,Female,4507.8,3.0,54647,198.24
1011,328,2024-06-28 07:51:00,1,0,Electronics,Mumbai,19,Female,3732.99,3.4,96741,20.18
4054,239,2024-06-24 13:30:00,1,1,Toys,Chennai,57,Male,6448.25,2.1,58044,51.1
3656,872,2024-01-13 15:27:00,0,0,Toys,Kolkata,41,Male,180.59,4.2,87544,15.47
4296,468,2024-01-01 10:14:00,1,0,Clothing,Delhi,47,Male,1570.54,4.3,31836,63.87
3426,396,2024-03-18 04:43:00,1,0,Electronics,Bangalore,52,Female,104.51,2.3,17734,181.53
1934,571,2024-07-23 01:24:00,0,0,Toys,Bangalore,55,Female,3031.54,4.2,56893,206.94
1482,141,2024-01-14 02:06:00,0,0,Books,Delhi,25,Male,9414.53,3.7,70185,285.68
3125,807,2024-08-01 14:48:00,1,0,Books,Chennai,41,Male,6236.31,1.1,97251,234.4
1601,273,2024-12-24 01:33:00,1,0,Toys,Mumbai,22,Male,9943.84,4.2,83711,235.9
2301,401,2024-07-30 04:53:00,1,0,Clothing,Chennai,50,Female,195.52,4.2,25706,287.62
4826,256,2024-05-19 19:30:00,0,0,Books,Kolkata,22,Male,9990.78,4.5,36649,25.44
3767,919,2024-08-25 15:09:00,1,0,Toys,Bangalore,43,Female,7170.35,4.8,31768,54.24
4784,286,2024-05-10 16:56:00,1,0,Books,Bangalore,18,Male,7883.34,1.5,58741,180.67
3662,788,2024-11-21 23:40:00,1,0,Books,Bangalore,49,Female,5464.69,4.4,42157,156.1
3089,849,2024-06-09 09:31:00,1,1,Clothing,Chennai,48,Male,4268.87,4.9,62291,39.39
2816,287,2024-06-04 12:47:00,1,0,Toys,Chennai,57,Female,1645.66,3.2,12946,160.97
2919,136,2024-08-07 01:24:00,1,0,Toys,Mumbai,47,Male,1932.98,1.6,29292,160.74
2658,145,2024-12-09 23:38:00,0,0,Toys,Chennai,30,Female,9542.66,4.5,35509,257.71
3106,943,2024-12-27 00:23:00,0,1,Books,Bangalore,59,Male,3189.21,4.3,92985,212.02
3786,850,2024-01-07 09:54:00,1,1,Books,Bangalore,33,Male,2141.43,2.4,56461,286.8
1017,408,2024-01-31 06:40:00,0,0,Electronics,Delhi,21,Female,6055.43,1.4,72561,289.51
4583,417,2024-04-18 20:08:00,1,1,Books,Bangalore,21,Male,2153.33,4.5,82960,50.9
1313,929,2024-09-01 13:39:00,1,0,Electronics,Bangalore,41,Male,118.9,2.4,23149,184.87
2903,992,2024-05-01 05:52:00,0,0,Home,Chennai,56,Male,6870.54,2.3,21149,124.38
3757,175,2024-08-26 06:21:00,0,1,Electronics,Chennai,41,Male,4114.28,1.1,54175,17.27
2090,511,2024-03-25 14:33:00,1,1,Toys,Chennai,42,Female,9479.37,2.1,10470,125.2
1497,584,2024-05-19 17:03:00,0,0,Home,Kolkata,44,Male,2055.31,1.7,12186,106.95
3612,330,2024-06-17 16:44:00,1,1,Books,Chennai,37,Female,6739.21,3.0,54165,101.75
1925,665,2024-05-10 02:45:00,1,0,Electronics,Delhi,24,Female,7436.88,1.6,33257,175.95
3907,462,2024-11-25 11:36:00,1,1,Clothing,Bangalore,36,Female,4546.7,2.0,94884,269.35
1538,153,2024-07-01 23:14:00,1,0,Clothing,Delhi,55,Male,6173.64,1.0,95225,261.86
2860,927,2024-10-30 03:58:00,1,0,Clothing,Bangalore,39,Female,2718.1,3.3,26305,291.74
4332,619,2024-04-09 09:55:00,1,1,Home,Chennai,30,Male,8648.14,3.2,65240,243.75
4671,217,2024-07-09 14:42:00,1,0,Books,Mumbai,56,Male,6218.42,3.2,12653,287.62
1064,882,2024-07-09 05:09:00,0,0,Books,Mumbai,52,Female,3541.66,2.8,27755,206.28
1395,182,2024-07-21 10:06:00,1,1,Toys,Delhi,22,Female,7805.16,4.8,87650,85.07
4127,821,2024-10-18 13:01:00,1,0,Electronics,Kolkata,59,Male,3727.44,4.0,32365,230.91
1831,183,2024-10-28 13:08:00,1,0,Electronics,Mumbai,43,Male,655.96,4.3,78423,62.64
2636,811,2024-12-23 23:42:00,0,0,Books,Mumbai,52,Female,3298.57,2.4,87248,15.09
4472,747,2024-05-31 04:59:00,0,0,Clothing,Chennai,56,Female,8883.58,2.1,50856,296.03
4233,488,2024-07-31 17:02:00,1,0,Electronics,Bangalore,48,Male,7101.78,2.4,38760,34.63
4408,703,2024-04-03 09:36:00,0,1,Books,Bangalore,45,Female,8691.35,4.8,79599,296.75
1968,193,2024-07-19 07:27:00,1,0,Toys,Bangalore,30,Female,7434.19,3.1,42156,291.06
2462,592,2024-07-28 06:25:00,1,0,Electronics,Chennai,45,Female,5147.32,4.6,94689,237.88
3768,333,2024-08-18 23:29:00,1,1,Books,Bangalore,54,Female,2802.93,2.4,48825,204.46
1253,916,2024-01-24 02:22:00,1,0,Clothing,Kolkata,53,Male,5760.6,4.1,58677,100.8
4147,425,2024-07-13 16:58:00,0,1,Books,Bangalore,21,Female,7629.86,1.3,83565,22.28
1401,814,2024-12-13 22:46:00,1,1,Home,Bangalore,50,Male,8142.09,2.5,58175,163.12
3451,248,2024-03-06 22:33:00,1,0,Toys,Bangalore,38,Female,5061.51,2.5,80588,254.62
1101,359,2024-12-27 00:33:00,0,0,Home,Bangalore,42,Female,7884.59,3.8,93942,41.17
4182,579,2024-10-20 13:24:00,1,0,Clothing,Kolkata,52,Female,6475.36,4.1,49843,290.57
3188,725,2024-01-14 08:30:00,1,0,Books,Chennai,22,Male,2582.46,1.8,56102,104.28
1647,791,2024-05-26 05:22:00,0,0,Clothing,Mumbai,36,Male,4920.36,4.7,34494,251.75
2789,661,2024-11-17 09:23:00,1,0,Books,Bangalore,22,Female,8822.58,2.0,42915,102.62
3432,678,2024-06-05 12:31:00,1,0,Toys,Mumbai,45,Male,2064.59,4.8,26964,216.15
2170,665,2024-03-24 17:32:00,1,0,Home,Delhi,31,Female,6565.19,1.1,14214,63.78
1697,232,2024-01-09 17:44:00,1,0,Clothing,Delhi,36,Male,8620.46,4.6,19651,242.78
1313,388,2024-08-19 22:41:00,0,0,Home,Mumbai,42,Male,6875.66,3.1,62596,138.83
4515,692,2024-10-14 18:05:00,0,0,Clothing,Chennai,58,Male,5781.99,3.4,93289,46.98
2390,800,2024-05-15 23:38:00,1,0,Clothing,Kolkata,45,Female,9280.63,2.6,98237,15.4
3229,197,2024-09-04 03:39:00,0,0,Clothing,Chennai,18,Female,2538.39,3.3,14219,226.28
2776,459,2024-06-01 15:26:00,0,0,Books,Mumbai,57,Male,712.08,3.5,79235,177.57
3626,869,2024-10-22 16:20:00,1,0,Clothing,Mumbai,56,Female,128.0,1.7,91776,54.47
2102,275,2024-10-27 20:16:00,1,1,Home,Chennai,32,Male,3098.47,4.0,91161,218.27
1611,483,2024-12-28 18:51:00,1,0,Books,Bangalore,34,Male,3836.61,3.6,68407,61.82
3615,976,2024-07-16 06:06:00,1,1,Home,Kolkata,18,Male,1521.46,3.1,59867,170.12
4566,745,2024-09-23 21:05:00,1,0,Electronics,Kolkata,48,Male,1088.84,3.2,35537,232.79
3584,721,2024-02-10 02:20:00,1,0,Home,Delhi,40,Male,1351.13,2.0,89060,266.54
3335,133,2024-06-08 12:45:00,1,0,Clothing,Kolkata,35,Male,9398.02,3.5,62664,299.06
1368,185,2024-08-22 13:11:00,1,0,Electronics,Delhi,57,Female,2386.72,2.6,46935,233.74
3517,911,2024-07-20 05:04:00,1,0,Toys,Delhi,40,Male,8083.86,4.3,73394,20.91
3853,746,2024-02-19 15:12:00,1,0,Books,Chennai,21,Male,1223.41,2.5,86997,90.14
2238,602,2024-12-13 01:06:00,0,0,Toys,Mumbai,30,Female,8312.27,4.7,81365,156.81
2139,722,2024-10-15 01:37:00,1,0,Home,Chennai,34,Male,3298.55,4.6,47388,229.84
3582,899,2024-11-04 12:45:00,1,0,Electronics,Delhi,21,Male,4089.91,2.9,58642,45.3
4648,854,2024-09-17 19:23:00,1,0,Books,Kolkata,36,Female,7992.44,3.8,11658,9.89
3876,701,2024-12-01 17:01:00,0,0,Books,Mumbai,56,Male,8688.22,3.4,74220,260.68
4658,379,2024-10-25 18:23:00,0,1,Electronics,Bangalore,57,Female,1836.35,3.3,64432,227.83
2635,160,2024-04-28 13:45:00,1,0,Clothing,Bangalore,32,Female,846.82,3.6,85021,207.91
3975,504,2024-09-12 15:19:00,1,0,Electronics,Kolkata,44,Female,3814.88,1.7,93551,132.64
3668,570,2024-06-27 09:27:00,1,0,Toys,Delhi,35,Female,3467.61,3.2,27392,195.55
1995,889,2024-07-04 17:07:00,1,0,Home,Mumbai,18,Female,8177.31,4.5,47605,25.58
4143,364,2024-12-17 13:20:00,1,0,Clothing,Bangalore,23,Female,7145.78,4.9,71443,295.33
3145,611,2024-07-21 12:40:00,1,0,Toys,Chennai,29,Female,2537.44,2.9,98284,187.11
4889,118,2024-02-03 18:43:00,1,0,Books,Chennai,24,Female,4747.99,1.8,17789,11.45
3965,568,2024-11-10 02:01:00,1,0,Books,Bangalore,55,Male,7928.03,4.0,42793,117.69
2290,359,2024-07-17 15:16:00,0,0,Home,Bangalore,49,Male,6365.84,2.4,92214,189.4
1972,285,2024-05-22 06:53:00,1,0,Home,Bangalore,46,Male,993.88,2.1,24423,160.19
1250,529,2024-02-14 16:23:00,0,0,Books,Kolkata,20,Female,8581.16,4.5,90292,25.11
4660,717,2024-11-01 05:03:00,0,0,Clothing,Bangalore,40,Female,7983.78,2.6,31965,40.01
4977,260,2024-08-29 12:36:00,1,0,Clothing,Bangalore,32,Male,8111.99,1.4,64691,64.25
2769,395,2024-03-31 14:03:00,1,0,Books,Chennai,20,Male,8334.5,3.1,75481,31.59
4572,600,2024-10-19 19:04:00,1,1,Toys,Chennai,37,Female,6201.67,2.8,82235,32.02
1583,844,2024-08-29 23:54:00,1,0,Toys,Mumbai,19,Male,9933.43,1.2,28364,97.46
4868,856,2024-02-03 05:06:00,1,0,Clothing,Chennai,49,Female,6094.55,3.9,46415,51.53
3188,610,2024-12-09 07:10:00,0,0,Toys,Mumbai,19,Male,7473.43,2.9,12537,289.57
1339,150,2024-02-06 18:38:00,0,1,Electronics,Chennai,40,Male,8366.73,4.3,81862,268.88
3548,452,2024-02-12 19:53:00,1,1,Books,Bangalore,26,Male,3440.72,3.4,35226,104.95
3904,271,2024-01-07 02:36:00,1,0,Home,Mumbai,51,Male,696.54,2.2,60817,186.48
3907,269,2024-10-31 20:51:00,0,1,Clothing,Delhi,29,Female,1854.36,2.0,96886,157.97
4276,942,2024-12-29 09:21:00,1,0,Books,Bangalore,57,Female,7469.39,2.4,66956,188.13
4882,537,2024-01-02 15:21:00,1,0,Home,Kolkata,53,Male,7922.75,1.1,43457,209.8
2756,720,2024-03-06 21:51:00,1,0,Home,Delhi,35,Male,2253.69,4.4,36774,223.82
3366,968,2024-04-25 08:43:00,1,0,Toys,Mumbai,45,Male,2362.05,4.0,88187,55.58
1570,554,2024-06-17 03:02:00,1,0,Books,Delhi,34,Female,7586.51,2.2,61024,221.59
2882,234,2024-06-08 00:11:00,1,0,Toys,Chennai,55,Male,4085.32,4.7,82322,188.53
4564,136,2024-01-04 10:22:00,1,0,Toys,Mumbai,29,Male,7159.44,3.5,17056,62.65
4645,831,2024-03-10 19:22:00,1,0,Electronics,Bangalore,58,Male,9297.34,1.1,90350,135.51
4520,813,2024-07-26 10:21:00,1,1,Toys,Chennai,33,Male,9590.02,2.7,59759,61.43
4918,919,2024-11-03 17:44:00,1,1,Toys,Bangalore,38,Male,5887.99,2.7,68010,177.37
1122,514,2024-07-31 02:49:00,0,0,Clothing,Kolkata,48,Male,9534.17,3.0,59411,17.48
1548,897,2024-07-06 22:08:00,1,0,Electronics,Kolkata,49,Female,6355.24,4.9,76455,145.27
2730,391,2024-12-11 18:25:00,1,0,Toys,Delhi,44,Female,8627.0,1.7,86502,169.47
4883,502,2024-06-18 13:47:00,1,1,Electronics,Bangalore,42,Male,188.64,2.9,87565,266.61
1890,285,2024-04-17 10:54:00,1,0,Toys,Kolkata,25,Male,232.89,1.9,47356,246.66
4816,210,2024-01-31 19:40:00,1,0,Toys,Delhi,20,Male,9041.95,4.1,79502,133.14
1994,311,2024-04-04 06:25:00,0,0,Books,Delhi,54,Male,3199.2,2.1,33471,56.78
2909,476,2024-06-03 17:06:00,1,0,Home,Mumbai,56,Female,5202.23,3.0,96573,24.85
2303,574,2024-05-07 16:59:00,0,0,Home,Bangalore,40,Male,8988.21,4.9,81889,148.41
3722,378,2024-01-13 02:42:00,1,0,Electronics,Kolkata,59,Female,7018.58,1.3,92025,62.99
2778,492,2024-06-09 14:04:00,1,0,Electronics,Delhi,30,Male,8818.53,2.1,64916,146.22
4821,145,2024-12-11 06:55:00,1,0,Electronics,Bangalore,49,Male,5326.8,1.2,85775,147.1
1739,779,2024-04-08 13:15:00,1,0,Books,Mumbai,45,Male,489.26,4.9,23123,52.6
2786,727,2024-04-25 04:12:00,1,0,Clothing,Chennai,44,Male,4118.51,3.9,55873,44.87
1891,575,2024-01-15 04:44:00,0,0,Home,Chennai,27,Male,691.62,3.8,78963,204.69
1488,925,2024-11-25 14:54:00,0,1,Home,Bangalore,23,Male,1753.99,1.3,67507,280.23
2379,407,2024-02-15 22:38:00,1,0,Books,Kolkata,47,Male,2373.44,1.2,58070,43.35
3315,591,2024-06-05 01:01:00,1,0,Home,Bangalore,26,Male,6807.37,4.2,51193,82.85
4674,725,2024-06-08 04:54:00,1,0,Home,Bangalore,28,Male,7255.33,4.5,49975,260.0
1521,648,2024-05-18 09:24:00,0,0,Home,Mumbai,56,Female,6982.31,4.7,52046,138.2
2752,361,2024-10-10 16:06:00,1,1,Books,Mumbai,39,Female,9610.91,3.4,49715,180.33
2044,934,2024-03-24 03:28:00,0,1,Home,Mumbai,57,Male,6903.09,4.0,54599,129.83
4116,711,2024-12-11 03:33:00,1,0,Home,Kolkata,20,Female,9751.5,2.2,29065,15.26
4915,541,2024-08-28 05:14:00,0,0,Electronics,Delhi,42,Male,2185.19,3.4,28303,5.48
3323,325,2024-03-22 15:30:00,1,0,Clothing,Bangalore,57,Male,2882.33,3.4,46373,113.46
3135,638,2024-03-18 19:52:00,1,1,Clothing,Bangalore,59,Male,928.48,4.5,92279,7.99
4155,504,2024-05-26 03:03:00,0,0,Home,Delhi,54,Female,7759.85,3.2,20216,205.29
4813,698,2024-07-31 09:52:00,0,0,Toys,Kolkata,23,Male,2867.91,4.5,60630,146.87
3870,294,2024-03-16 16:06:00,1,1,Electronics,Mumbai,54,Female,6463.27,3.3,63634,246.06
3155,996,2024-08-30 05:46:00,0,0,Clothing,Chennai,22,Male,2191.64,4.6,75524,122.13
3751,128,2024-06-08 15:15:00,0,0,Clothing,Delhi,28,Female,1572.32,2.9,79876,114.27
4601,266,2024-12-27 10:11:00,1,0,Books,Mumbai,52,Male,9679.29,2.7,31914,261.85
4870,826,2024-04-29 14:51:00,1,0,Home,Delhi,52,Male,8399.04,1.6,54493,226.98
4982,887,2024-08-26 09:03:00,1,1,Electronics,Mumbai,18,Female,124.57,3.2,94950,247.47
1816,189,2024-05-28 14:33:00,1,0,Toys,Bangalore,20,Male,2954.95,3.5,56337,202.77
1354,529,2024-12-22 06:50:00,0,0,Clothing,Delhi,22,Male,5567.9,4.2,12978,88.81
1744,402,2024-01-10 23:49:00,1,0,Electronics,Delhi,23,Male,2028.9,2.3,28520,119.33
2293,407,2024-05-15 18:50:00,1,1,Toys,Chennai,46,Female,3015.38,2.3,73222,247.22
1687,132,2024-04-17 13:20:00,1,0,Toys,Bangalore,29,Male,4945.58,3.4,53895,41.59
2567,193,2024-12-14 15:04:00,1,0,Toys,Delhi,46,Male,6773.88,1.7,16992,21.74
1785,957,2024-03-04 05:18:00,1,1,Toys,Bangalore,18,Male,5368.77,3.8,99547,169.59
3238,982,2024-07-24 12:22:00,0,0,Home,Chennai,48,Male,8348.01,4.8,66893,161.79
4864,578,2024-12-16 00:26:00,0,0,Toys,Delhi,23,Female,9094.85,3.6,62425,88.46
2495,542,2024-06-01 19:45:00,1,0,Home,Delhi,43,Female,9858.13,1.2,47661,124.63
4614,752,2024-06-25 21:45:00,1,1,Home,Mumbai,47,Male,8156.25,1.4,96934,181.2
3771,871,2024-02-20 04:31:00,1,1,Home,Bangalore,45,Female,1147.69,3.6,81968,39.07
4609,522,2024-11-01 09:03:00,1,0,Electronics,Chennai,58,Female,6091.28,3.6,98425,180.07
4424,152,2024-04-16 12:19:00,1,0,Toys,Kolkata,50,Female,2472.82,1.6,71673,23.28
4523,469,2024-12-02 10:33:00,1,0,Books,Mumbai,58,Female,6964.23,1.2,79227,43.38
4678,872,2024-01-30 13:35:00,0,0,Books,Mumbai,49,Male,5395.7,2.6,93274,165.62
3536,443,2024-11-26 14:24:00,1,0,Books,Bangalore,59,Female,7968.11,4.7,32095,120.63
1227,112,2024-11-30 02:09:00,1,0,Clothing,Delhi,57,Male,5421.41,4.3,97741,96.05
4067,550,2024-09-06 08:00:00,1,0,Home,Mumbai,39,Female,4600.76,4.1,95868,228.75
1383,846,2024-07-25 02:56:00,1,0,Electronics,Mumbai,26,Male,8897.76,1.3,12077,132.58
3999,494,2024-05-21 00:32:00,1,0,Electronics,Chennai,44,Male,678.07,3.6,65646,25.84
3938,101,2024-09-03 04:34:00,1,0,Electronics,Chennai,18,Female,1393.13,5.0,49341,43.42
1650,633,2024-07-07 15:19:00,0,1,Electronics,Mumbai,50,Female,9082.7,3.5,95525,183.84
1755,707,2024-09-13 19:33:00,1,0,Clothing,Chennai,21,Male,9045.95,1.7,85054,81.98
2245,844,2024-05-20 23:04:00,0,0,Books,Kolkata,27,Male,1784.91,2.3,68124,21.38
3568,890,2024-02-24 03:42:00,1,0,Books,Delhi,23,Female,9254.12,2.0,83150,216.39
1187,503,2024-09-01 20:28:00,1,0,Electronics,Mumbai,49,Male,2937.35,3.2,88778,208.24
4785,851,2024-01-29 19:18:00,1,0,Electronics,Kolkata,27,Female,7415.12,2.1,50769,283.26
1821,309,2024-05-21 18:15:00,1,0,Electronics,Mumbai,47,Female,5293.67,2.1,17014,253.97
2652,687,2024-06-17 01:29:00,1,0,Home,Bangalore,36,Female,3066.52,1.0,78210,123.79
4362,874,2024-08-29 07:42:00,1,0,Toys,Mumbai,51,Female,524.06,4.9,12616,141.13
4212,778,2024-04-19 12:15:00,1,0,Toys,Delhi,40,Female,8426.15,4.0,40511,236.85
1668,939,2024-07-02 12:00:00,0,0,Books,Mumbai,42,Female,3568.72,2.3,89790,82.31
4427,786,2024-08-24 14:09:00,1,0,Books,Kolkata,28,Female,2027.76,4.4,93423,216.68
3690,957,2024-01-27 11:11:00,1,0,Electronics,Mumbai,47,Male,8726.27,1.7,85883,152.03
2196,871,2024-08-13 05:02:00,1,0,Home,Bangalore,38,Male,5885.56,1.4,19188,196.41
2047,460,2024-09-14 10:11:00,1,0,Toys,Chennai,26,Male,969.94,3.2,64904,160.34
3434,905,2024-02-18 09:37:00,0,0,Electronics,Mumbai,55,Male,3374.21,1.9,42437,84.2
4538,156,2024-01-30 08:08:00,1,0,Toys,Kolkata,38,Female,4840.56,5.0,82895,65.47
4435,758,2024-06-10 13:45:00,1,0,Toys,Mumbai,36,Female,8749.89,2.0,84815,215.73
1613,483,2024-04-21 10:59:00,0,1,Electronics,Bangalore,30,Female,5618.15,3.7,13087,77.68
4326,878,2024-02-22 11:30:00,0,1,Home,Delhi,42,Male,6580.74,2.6,28437,215.19
1187,829,2024-02-03 01:40:00,1,0,Electronics,Delhi,41,Male,712.33,3.7,60298,294.75
2341,934,2024-05-26 16:47:00,1,0,Books,Bangalore,40,Male,5929.47,2.4,86123,97.5
1539,206,2024-03-29 05:41:00,1,0,Home,Chennai,45,Female,5510.79,1.8,44883,278.41
3143,656,2024-06-06 11:43:00,0,1,Home,Bangalore,42,Male,4213.27,2.1,66328,296.91
4353,274,2024-04-30 03:11:00,0,0,Books,Kolkata,54,Female,4717.99,3.1,72448,27.05
1306,317,2024-10-21 19:30:00,0,0,Toys,Chennai,32,Female,9221.7,3.7,83937,167.65
1193,317,2024-02-11 12:46:00,1,0,Books,Mumbai,45,Male,886.57,2.0,76992,56.25
2196,312,2024-11-02 20:30:00,0,0,Toys,Mumbai,46,Male,1315.86,3.1,85995,51.97
3918,600,2024-11-09 00:44:00,1,0,Books,Chennai,23,Male,3486.44,1.8,81537,48.98
1291,243,2024-01-21 15:49:00,1,0,Toys,Bangalore,18,Male,7948.9,2.7,91051,98.62
2495,180,2024-02-19 07:14:00,1,0,Clothing,Bangalore,27,Male,1832.33,3.1,31711,58.57
2744,262,2024-11-01 20:36:00,1,0,Electronics,Delhi,55,Female,8798.11,2.1,82783,31.42
4844,489,2024-01-23 04:11:00,1,0,Toys,Bangalore,51,Male,643.59,3.6,32785,226.06
4799,735,2024-08-10 22:57:00,1,0,Toys,Kolkata,34,Female,4185.51,3.1,83668,82.49
4402,145,2024-06-11 18:53:00,1,0,Home,Chennai,59,Male,4307.32,3.0,59910,195.58
1839,429,2024-04-12 15:54:00,1,0,Electronics,Delhi,36,Male,7337.39,3.7,78408,83.28
4688,706,2024-10-20 09:02:00,1,0,Clothing,Kolkata,32,Female,3379.36,2.8,35286,66.32
1288,931,2024-01-09 09:53:00,0,0,Clothing,Kolkata,50,Female,376.03,1.6,19902,129.09
3499,816,2024-04-30 22:15:00,1,1,Toys,Bangalore,24,Female,7421.85,3.4,50091,125.9
2565,863,2024-12-07 12:35:00,0,1,Clothing,Kolkata,51,Male,3450.44,5.0,77583,148.74
4269,543,2024-03-13 15:09:00,1,0,Toys,Mumbai,21,Male,3984.09,4.5,25362,146.22
2231,879,2024-02-25 18:43:00,1,0,Home,Bangalore,54,Male,9487.42,4.1,38282,77.45
1606,554,2024-06-15 22:48:00,1,0,Clothing,Kolkata,22,Male,1472.24,2.3,66401,228.41
2898,338,2024-09-12 10:44:00,1,0,Books,Delhi,32,Male,7629.42,3.5,90470,247.99
4177,417,2024-07-23 05:26:00,0,0,Home,Delhi,24,Female,1405.03,2.8,38631,121.3
1589,222,2024-11-24 15:53:00,1,0,Toys,Mumbai,41,Male,233.96,3.8,85382,166.44
2130,773,2024-02-18 13:07:00,1,1,Home,Delhi,50,Male,648.1,1.5,71383,244.0
1345,120,2024-08-10 23:47:00,1,0,Home,Bangalore,47,Female,8879.38,2.2,76913,185.72
4659,683,2024-06-19 17:37:00,1,0,Home,Chennai,27,Female,546.72,2.4,73066,114.45
2213,571,2024-02-17 10:04:00,1,0,Toys,Chennai,43,Female,6507.98,3.3,25381,228.54
2455,695,2024-05-18 01:57:00,1,0,Toys,Kolkata,38,Female,7389.66,3.0,38940,167.18
1279,241,2024-07-19 03:59:00,1,0,Electronics,Chennai,18,Male,5447.36,2.4,38928,28.14
1249,713,2024-07-15 13:00:00,1,1,Clothing,Chennai,37,Male,9714.42,1.5,90566,57.38
3402,384,2024-09-22 23:11:00,1,0,Books,Bangalore,59,Female,2280.96,2.4,96608,253.36
4439,320,2024-02-12 09:59:00,1,0,Home,Bangalore,29,Female,904.26,2.1,65007,39.09
4961,780,2024-09-11 18:10:00,1,0,Clothing,Bangalore,47,Female,6806.23,4.8,97416,116.04
1549,336,2024-11-15 14:29:00,1,0,Home,Delhi,48,Female,2698.96,3.3,53329,100.04
2423,208,2024-03-05 04:34:00,1,0,Books,Mumbai,56,Male,3012.83,1.8,34023,94.33
2643,117,2024-10-28 15:39:00,0,0,Books,Kolkata,34,Female,4881.04,3.5,23924,10.06
4252,897,2024-06-30 20:20:00,1,0,Electronics,Delhi,46,Male,589.22,3.1,40585,230.59
2177,352,2024-08-02 17:41:00,1,0,Books,Chennai,29,Female,4446.63,2.8,34602,290.19
4188,611,2024-07-01 20:50:00,1,0,Books,Kolkata,56,Female,4450.09,3.5,49727,238.32
2236,192,2024-12-03 22:18:00,0,0,Clothing,Bangalore,37,Male,2625.57,3.9,30289,95.41
4428,481,2024-10-04 22:17:00,0,1,Home,Kolkata,30,Male,8310.34,2.5,48773,75.51
2409,323,2024-12-25 02:45:00,1,0,Books,Mumbai,59,Female,217.45,3.5,67436,297.46
2888,941,2024-01-02 09:10:00,1,1,Books,Chennai,54,Male,7424.99,3.7,29263,289.53
3684,214,2024-05-12 02:04:00,1,1,Clothing,Delhi,49,Female,4266.92,2.3,79859,253.29
1729,559,2024-03-19 20:29:00,0,0,Home,Bangalore,31,Male,2761.73,4.9,30265,129.61
3639,739,2024-11-07 11:12:00,1,0,Home,Mumbai,52,Female,6997.68,1.5,43055,283.49
1552,524,2024-09-30 22:37:00,1,0,Clothing,Kolkata,53,Female,2111.49,3.4,68276,71.43
4107,337,2024-07-22 19:50:00,1,1,Electronics,Bangalore,32,Male,9703.11,3.2,67076,266.21
3318,975,2024-09-11 15:57:00,1,0,Books,Mumbai,56,Male,6996.03,4.7,16522,217.13
1167,295,2024-06-15 10:28:00,1,0,Books,Kolkata,42,Male,8134.45,1.2,27172,216.29
2261,668,2024-12-06 10:30:00,0,1,Toys,Kolkata,27,Female,8155.68,4.3,43544,106.69
2316,559,2024-01-05 15:45:00,1,0,Clothing,Chennai,28,Female,6833.06,4.8,45052,126.58
3958,785,2024-10-17 19:32:00,0,1,Electronics,Bangalore,37,Female,1278.81,1.5,55547,277.8
4220,824,2024-05-30 23:52:00,1,0,Books,Chennai,21,Female,9042.64,4.1,88670,81.45
1376,702,2024-06-06 07:28:00,1,0,Books,Mumbai,45,Female,3022.06,4.8,19336,206.89
4690,897,2024-08-26 10:10:00,0,0,Books,Delhi,21,Male,4099.43,1.4,30048,200.46
1362,862,2024-11-03 02:46:00,1,0,Toys,Kolkata,45,Male,5053.78,2.1,12341,34.52
1455,921,2024-09-14 06:17:00,1,0,Books,Kolkata,38,Male,224.5,1.2,53662,108.95
1406,104,2024-08-13 03:34:00,0,1,Electronics,Kolkata,56,Female,8922.14,4.8,59499,203.01
2727,808,2024-03-05 16:13:00,1,0,Toys,Delhi,40,Male,2914.26,5.0,15828,284.78
3182,452,2024-03-30 03:40:00,0,0,Home,Mumbai,42,Male,2285.63,2.3,69023,252.59
4273,651,2024-11-07 02:12:00,0,0,Home,Delhi,30,Male,3911.5,3.9,97621,35.17
1409,671,2024-02-19 12:10:00,0,0,Home,Kolkata,36,Male,5079.77,3.2,81051,180.46
4651,520,2024-11-20 21:58:00,1,0,Electronics,Chennai,53,Female,5435.31,1.6,92093,265.26
2126,790,2024-09-18 19:32:00,0,0,Home,Chennai,30,Female,7993.92,2.0,56362,282.33
2619,906,2024-10-25 02:49:00,1,0,Toys,Kolkata,33,Female,7095.85,4.4,42610,71.85
1953,283,2024-09-02 05:51:00,1,0,Home,Chennai,34,Male,5328.26,2.9,20822,35.42
3218,915,2024-11-03 20:56:00,1,0,Books,Bangalore,32,Female,9654.52,1.5,56507,250.43
2054,659,2024-01-18 03:15:00,0,0,Home,Mumbai,29,Female,100.17,2.4,64217,75.25
1054,426,2024-05-13 22:17:00,0,0,Books,Kolkata,22,Male,1728.66,3.8,80263,192.57
3687,707,2024-05-22 13:51:00,1,1,Home,Chennai,55,Male,5713.05,2.1,12064,272.26
3291,163,2024-06-28 03:36:00,1,1,Electronics,Bangalore,33,Male,3134.68,1.5,31976,44.1
2346,960,2024-06-18 04:21:00,0,0,Electronics,Chennai,25,Female,4819.95,1.6,61569,81.78
1402,135,2024-10-29 07:28:00,1,0,Books,Mumbai,18,Male,6517.88,4.5,61894,166.67
3111,284,2024-05-20 23:01:00,1,0,Clothing,Chennai,22,Male,750.36,3.3,43998,108.38
2619,851,2024-03-28 11:31:00,1,0,Electronics,Chennai,25,Female,9682.63,4.6,55692,282.48
1863,230,2024-01-31 09:57:00,0,1,Electronics,Delhi,30,Female,6551.76,1.3,47703,184.02
2240,552,2024-10-07 02:55:00,1,0,Clothing,Delhi,44,Female,2331.2,2.1,40403,142.39
1127,250,2024-03-10 09:18:00,1,0,Home,Mumbai,29,Female,1158.31,4.4,74313,61.33
2331,752,2024-05-15 16:13:00,0,0,Home,Mumbai,29,Male,8691.19,1.4,32058,93.2
4730,106,2024-12-17 23:51:00,1,0,Toys,Delhi,49,Female,5100.73,4.7,71030,101.3
3308,722,2024-10-10 10:39:00,1,0,Electronics,Chennai,48,Female,5571.32,1.7,99539,231.9
4992,170,2024-09-15 18:52:00,1,0,Toys,Chennai,44,Female,2801.03,3.2,49671,126.94
3176,801,2024-01-02 06:48:00,1,0,Toys,Chennai,21,Male,5125.49,4.4,23440,127.79
3260,191,2024-11-22 03:47:00,0,0,Home,Chennai,18,Male,7998.96,2.3,99655,189.08
2346,731,2024-03-13 13:08:00,1,1,Clothing,Mumbai,37,Female,3874.89,3.0,39488,252.93
4633,674,2024-12-09 12:05:00,1,0,Toys,Delhi,22,Female,1782.33,4.9,92502,119.19
1551,445,2024-10-03 18:09:00,1,0,Home,Bangalore,24,Male,9576.63,3.6,41058,287.56
4467,667,2024-10-29 14:37:00,1,0,Clothing,Bangalore,56,Male,2519.59,2.5,37864,69.34
1439,207,2024-09-08 22:16:00,1,0,Electronics,Kolkata,59,Male,6012.82,3.7,90978,138.69
1137,434,2024-08-05 10:44:00,0,0,Toys,Bangalore,56,Male,7887.62,3.5,59557,291.82
3092,520,2024-07-06 09:29:00,0,0,Clothing,Mumbai,48,Male,4434.98,1.3,10359,17.61
3712,752,2024-08-07 23:33:00,1,0,Clothing,Bangalore,34,Male,9911.24,1.8,44609,104.99
2541,123,2024-10-07 19:57:00,1,1,Books,Chennai,48,Female,5179.53,1.3,16318,15.22
4472,507,2024-04-29 11:56:00,1,1,Toys,Kolkata,55,Female,9122.64,3.7,51093,39.62
2640,393,2024-06-06 14:34:00,1,0,Home,Kolkata,34,Male,5058.8,4.1,79017,182.12
1449,824,2024-08-27 13:28:00,1,0,Toys,Bangalore,35,Male,6180.07,1.3,15030,194.0
2569,947,2024-08-10 20:06:00,1,0,Electronics,Kolkata,55,Female,1976.41,4.9,72232,280.7
4373,959,2024-07-20 00:04:00,1,1,Books,Bangalore,40,Female,8891.25,2.4,53573,86.86
2136,677,2024-02-06 13:49:00,1,0,Clothing,Chennai,39,Male,2363.72,2.3,80917,61.17
1927,246,2024-03-30 04:00:00,1,0,Books,Kolkata,25,Female,6089.56,1.7,98395,152.44
3705,953,2024-01-29 03:27:00,1,0,Home,Delhi,51,Female,4808.36,2.7,18410,184.88
3694,178,2024-01-15 08:08:00,0,1,Electronics,Kolkata,28,Female,7719.69,1.3,43324,112.01
4862,764,2024-07-29 10:15:00,1,1,Books,Kolkata,53,Male,1793.51,1.5,78635,148.77
4067,857,2024-09-07 20:36:00,1,1,Toys,Delhi,46,Male,3018.9,2.7,86889,119.18
1667,879,2024-10-15 08:31:00,0,0,Toys,Mumbai,56,Female,145.94,3.0,43469,205.59
3979,816,2024-01-29 10:48:00,0,0,Toys,Kolkata,59,Male,4274.26,3.2,82104,271.24
1567,873,2024-03-10 22:14:00,1,0,Home,Kolkata,27,Male,8620.11,3.4,48086,20.57
1056,565,2024-07-12 08:30:00,1,0,Clothing,Mumbai,50,Female,1690.57,1.3,88340,20.86
3252,132,2024-10-13 23:51:00,1,0,Books,Mumbai,31,Male,9166.94,1.4,13213,11.79
3258,415,2024-01-14 04:58:00,0,1,Clothing,Mumbai,34,Male,7205.47,1.7,33733,202.59
2893,510,2024-06-04 02:37:00,1,0,Home,Delhi,34,Male,9659.62,2.6,16706,142.13
1926,471,2024-07-23 08:49:00,0,0,Toys,Delhi,57,Male,5564.11,3.6,91206,29.64
1849,971,2024-12-16 17:55:00,0,1,Clothing,Bangalore,44,Female,5858.7,3.1,49693,247.38
3748,243,2024-09-15 20:44:00,1,0,Home,Mumbai,39,Female,2306.46,4.1,40789,123.77
4781,772,2024-09-29 03:45:00,1,0,Clothing,Bangalore,33,Female,9930.4,4.7,32413,6.55
1945,955,2024-03-21 15:28:00,0,0,Clothing,Mumbai,37,Female,1508.58,2.0,11813,32.36
3662,352,2024-10-13 18:27:00,1,0,Home,Bangalore,40,Male,3670.54,4.9,42147,296.25
1094,635,2024-11-23 15:04:00,1,0,Toys,Mumbai,23,Female,5637.52,1.9,69592,289.28
1847,935,2024-08-15 15:15:00,1,0,Toys,Bangalore,21,Female,4919.8,1.8,84343,138.2
3243,226,2024-08-26 03:40:00,1,0,Books,Chennai,45,Female,7646.38,1.9,92036,299.27
4095,112,2024-05-28 14:43:00,1,0,Books,Mumbai,24,Male,3975.04,4.1,79785,98.43
1057,606,2024-11-08 06:52:00,1,0,Electronics,Mumbai,27,Female,9004.92,4.9,57779,152.57
2803,726,2024-03-22 15:44:00,1,0,Electronics,Kolkata,22,Female,6590.87,4.0,10412,147.28
4445,454,2024-07-16 06:26:00,0,1,Electronics,Chennai,43,Female,9814.29,1.7,34379,204.69
4548,216,2024-04-30 19:28:00,1,1,Clothing,Chennai,35,Female,6096.49,3.1,44895,43.45
3435,257,2024-12-12 02:39:00,1,0,Clothing,Kolkata,29,Female,3720.7,1.1,42914,281.5
1072,277,2024-11-06 03:03:00,0,0,Home,Delhi,48,Female,3151.9,2.7,26943,205.75
4556,157,2024-09-17 09:03:00,1,1,Electronics,Delhi,30,Male,9638.51,2.4,63371,43.38
1876,645,2024-04-08 07:36:00,1,0,Toys,Delhi,40,Female,9628.74,1.9,76059,149.96
3747,745,2024-03-05 02:42:00,0,0,Books,Delhi,35,Male,4324.11,1.4,32089,55.93
4948,942,2024-04-30 21:03:00,1,0,Home,Mumbai,19,Male,9412.88,2.5,16496,293.02
2531,724,2024-03-18 04:46:00,1,0,Toys,Chennai,51,Male,8815.42,4.7,98910,200.38
3133,473,2024-04-07 17:56:00,1,1,Electronics,Mumbai,40,Female,5637.87,4.9,90332,96.73
3628,368,2024-11-08 03:10:00,0,1,Electronics,Delhi,38,Female,4535.25,2.7,29492,285.12
2354,832,2024-09-22 18:10:00,1,0,Electronics,Chennai,35,Female,8263.04,4.1,41797,145.0
4117,995,2024-02-08 18:31:00,1,0,Books,Delhi,52,Male,2247.76,2.5,88221,195.94
1305,266,2024-05-21 01:15:00,1,1,Clothing,Delhi,32,Female,1556.11,4.7,16378,84.59
2553,369,2024-10-04 07:23:00,1,0,Books,Kolkata,28,Female,2957.27,4.8,87440,286.29
2155,656,2024-01-12 21:31:00,1,1,Toys,Bangalore,58,Male,579.98,1.4,37039,297.66
1673,444,2024-07-18 17:23:00,1,0,Toys,Mumbai,52,Male,4798.48,1.6,17477,124.83
4293,848,2024-04-14 07:57:00,0,0,Toys,Mumbai,55,Female,9097.49,1.8,44722,226.44
1457,306,2024-07-26 18:26:00,1,0,Home,Bangalore,35,Male,4544.47,2.6,43134,271.9
2376,688,2024-02-27 15:50:00,1,0,Toys,Bangalore,43,Female,1708.38,4.6,15349,10.56
3526,874,2024-04-14 21:24:00,1,0,Toys,Bangalore,50,Female,8840.21,2.7,51148,281.45
1478,417,2024-05-05 09:16:00,1,0,Clothing,Bangalore,45,Male,6539.45,3.4,14340,84.96
4830,371,2024-07-13 05:16:00,1,0,Home,Chennai,44,Male,1587.38,2.9,26128,39.22
4147,944,2024-01-13 04:40:00,1,0,Electronics,Bangalore,57,Male,152.97,2.7,13422,203.66
3384,557,2024-03-30 16:14:00,1,1,Home,Mumbai,43,Male,7680.68,2.8,59192,180.91
4617,338,2024-10-20 01:05:00,1,1,Books,Mumbai,24,Female,8188.92,1.2,12062,87.27
2493,565,2024-03-13 22:01:00,1,0,Home,Chennai,49,Male,6491.85,3.2,55313,123.36
4159,192,2024-12-08 11:35:00,0,0,Books,Chennai,22,Male,9510.05,3.8,90533,16.81
4130,885,2024-07-21 03:56:00,0,0,Home,Mumbai,53,Female,1137.53,3.0,28930,69.06
1339,790,2024-04-17 22:28:00,1,0,Clothing,Bangalore,27,Male,7603.95,4.3,48764,96.97
4033,877,2024-10-23 20:19:00,1,0,Books,Chennai,19,Male,3197.55,2.1,89345,83.17
2575,725,2024-12-21 23:47:00,1,0,Clothing,Delhi,59,Female,9542.61,1.2,64977,44.67
3861,662,2024-09-28 05:31:00,1,0,Electronics,Kolkata,55,Female,6605.07,3.4,57165,35.41
2156,635,2024-10-26 00:11:00,1,1,Clothing,Bangalore,26,Male,163.3,3.9,88778,223.68
2414,368,2024-08-29 02:05:00,1,0,Electronics,Kolkata,58,Female,7721.93,3.9,71849,68.17
4968,479,2024-02-26 06:25:00,0,0,Clothing,Delhi,59,Male,7977.17,2.1,63353,124.83
4855,310,2024-08-06 11:02:00,1,1,Clothing,Delhi,36,Female,6629.88,4.0,50344,178.11
4141,932,2024-10-29 05:48:00,1,1,Electronics,Kolkata,58,Female,5730.99,4.2,32992,57.9
2005,398,2024-07-06 22:48:00,1,1,Toys,Mumbai,19,Male,8125.25,1.1,73997,73.85
3729,254,2024-09-29 08:33:00,1,0,Clothing,Delhi,50,Female,6054.8,3.0,58722,131.78
1010,395,2024-05-02 03:27:00,0,0,Home,Mumbai,43,Female,489.83,3.3,36052,76.24
1820,880,2024-11-03 02:32:00,0,0,Electronics,Delhi,31,Male,9828.35,1.6,97398,5.09
3209,591,2024-12-21 15:50:00,0,0,Toys,Kolkata,23,Female,7844.98,3.7,79575,203.77
2352,119,2024-11-03 14:28:00,1,0,Books,Delhi,45,Female,7183.3,2.4,17751,192.92
3621,788,2024-02-12 18:19:00,0,0,Clothing,Mumbai,48,Male,8040.58,3.0,28029,286.65
4922,538,2024-08-29 16:06:00,1,0,Clothing,Chennai,48,Female,1002.52,3.5,38968,161.41
3351,176,2024-02-15 22:07:00,1,0,Home,Kolkata,51,Male,756.16,1.8,96744,241.9
2634,702,2024-08-08 01:28:00,1,0,Home,Bangalore,38,Male,5319.81,1.3,27981,278.17
4918,800,2024-12-06 03:13:00,1,1,Clothing,Chennai,50,Male,3978.86,4.5,66097,235.19
3808,882,2024-03-11 23:06:00,0,0,Home,Chennai,44,Female,1930.09,3.4,56243,290.79
2084,135,2024-04-13 20:15:00,1,0,Electronics,Mumbai,34,Female,3217.82,3.6,43280,245.06
4879,997,2024-04-29 15:41:00,1,0,Clothing,Bangalore,39,Male,9923.54,3.9,95484,24.65
1590,853,2024-09-06 09:06:00,1,1,Clothing,Mumbai,25,Male,1096.75,1.8,47209,138.0
1666,583,2024-02-04 12:01:00,1,0,Clothing,Bangalore,46,Female,7180.82,1.8,35689,149.09
1052,144,2024-09-07 21:38:00,1,1,Home,Kolkata,36,Female,8153.65,2.8,24218,111.04
2367,937,2024-06-07 01:16:00,1,0,Books,Mumbai,28,Female,8117.13,3.5,19603,138.74
3207,226,2024-12-22 11:30:00,0,1,Books,Delhi,48,Male,3802.96,2.1,51019,273.23
4479,318,2024-10-12 03:51:00,0,0,Books,Delhi,49,Male,3312.34,4.7,41848,180.74
2910,786,2024-01-16 00:08:00,0,1,Toys,Delhi,21,Female,1253.42,4.7,47966,41.22
2872,132,2024-02-28 09:44:00,0,0,Books,Bangalore,21,Female,2268.45,1.2,60299,180.56
1157,220,2024-04-24 03:37:00,1,0,Electronics,Kolkata,21,Male,1747.81,3.6,71837,113.6
3621,829,2024-10-01 22:54:00,1,1,Electronics,Delhi,45,Female,177.06,3.7,73036,155.79
2318,699,2024-09-20 10:43:00,1,0,Toys,Delhi,38,Male,1848.39,4.2,49776,290.42
3262,640,2024-12-20 18:07:00,1,0,Home,Mumbai,32,Male,9340.3,4.4,54799,253.15
3284,411,2024-05-02 14:49:00,0,0,Electronics,Delhi,56,Male,9784.1,1.6,36719,42.59
2693,200,2024-11-05 16:59:00,0,0,Clothing,Chennai,22,Female,2070.41,2.2,13414,220.41
2858,549,2024-12-09 13:21:00,1,1,Books,Delhi,34,Male,9772.78,4.8,97077,12.29
1316,122,2024-05-21 15:11:00,0,1,Books,Chennai,57,Female,8442.43,2.4,35725,238.83
4248,934,2024-05-07 08:54:00,0,0,Books,Delhi,28,Female,2099.3,1.7,76321,193.74
1684,929,2024-02-03 23:59:00,1,0,Home,Delhi,55,Female,6091.19,1.6,18245,239.23
1809,116,2024-03-22 00:59:00,1,1,Books,Chennai,58,Male,6769.32,4.8,36689,235.76
2964,670,2024-10-20 16:41:00,1,1,Home,Delhi,58,Female,8922.28,1.8,52814,287.45
3030,798,2024-02-10 02:57:00,1,0,Books,Mumbai,56,Male,5716.51,4.7,54723,293.66
4722,282,2024-10-02 01:24:00,1,1,Toys,Mumbai,36,Male,9790.17,4.6,99882,195.36
2258,803,2024-01-25 07:11:00,1,1,Electronics,Bangalore,26,Female,2109.39,3.3,21152,195.39
4029,701,2024-09-16 10:04:00,1,0,Electronics,Kolkata,39,Female,6701.26,2.0,58864,191.45
1524,588,2024-05-03 18:59:00,0,0,Home,Kolkata,34,Female,264.32,2.9,84249,26.25
1291,600,2024-03-08 22:30:00,1,0,Clothing,Mumbai,40,Male,6419.94,3.9,98675,202.36
2069,785,2024-07-19 05:47:00,1,1,Clothing,Kolkata,28,Female,3388.19,3.2,89575,260.47
3243,467,2024-01-29 12:59:00,1,0,Clothing,Delhi,20,Female,2622.93,3.0,75381,122.37
2750,207,2024-02-25 10:38:00,1,0,Toys,Delhi,47,Female,6716.99,3.5,15751,264.77
4763,378,2024-05-06 20:53:00,0,0,Home,Delhi,48,Male,9785.68,2.6,67747,86.66
1881,343,2024-08-05 18:19:00,0,0,Home,Delhi,53,Female,5644.99,4.4,15637,262.66
3389,663,2024-01-12 04:57:00,1,0,Clothing,Chennai,24,Female,350.43,3.9,37373,202.78
3765,609,2024-01-17 00:21:00,0,0,Toys,Mumbai,24,Male,756.79,4.3,48498,212.22
1914,536,2024-04-02 11:17:00,1,0,Electronics,Kolkata,36,Male,4155.13,3.1,95715,5.76
4545,451,2024-07-30 21:11:00,0,0,Toys,Delhi,57,Male,6575.21,3.5,88744,225.88
2938,555,2024-12-13 06:15:00,0,0,Toys,Chennai,40,Female,732.85,2.4,27828,185.81
3446,374,2024-02-24 14:21:00,1,0,Toys,Bangalore,25,Female,3885.2,1.8,74189,132.73
2997,685,2024-11-29 22:54:00,0,0,Toys,Mumbai,49,Female,1248.89,2.9,17671,252.59
1989,927,2024-06-09 02:18:00,0,0,Toys,Delhi,46,Male,200.91,3.9,78633,72.67
2542,102,2024-08-07 05:29:00,0,0,Home,Kolkata,48,Male,5046.52,4.8,40316,162.04
3135,411,2024-04-26 16:28:00,1,0,Home,Mumbai,36,Female,8945.39,1.4,12668,92.22
2830,784,2024-01-03 13:56:00,1,0,Toys,Bangalore,42,Female,6311.61,4.7,29391,48.49
4744,319,2024-01-08 16:51:00,0,0,Clothing,Kolkata,41,Female,4034.91,2.7,57590,92.25
1793,101,2024-02-29 13:29:00,1,0,Books,Bangalore,37,Female,5518.35,3.7,75092,35.58
2981,135,2024-01-15 09:49:00,1,0,Toys,Bangalore,49,Male,2534.86,2.7,86549,193.48
3258,864,2024-01-29 03:39:00,1,0,Home,Delhi,43,Female,5110.87,2.1,42879,58.96
2688,521,2024-09-10 17:27:00,1,0,Clothing,Delhi,40,Male,5261.24,2.5,14675,245.14
2040,942,2024-03-26 09:08:00,1,0,Home,Kolkata,33,Male,1793.59,4.9,60612,44.97
4948,143,2024-01-15 10:48:00,1,0,Clothing,Chennai,33,Male,1991.55,2.0,65759,28.1
1760,160,2024-04-21 18:16:00,0,0,Electronics,Delhi,28,Female,3110.96,4.2,70440,235.23
2912,809,2024-09-05 13:36:00,0,1,Electronics,Chennai,48,Male,8167.86,3.5,36898,251.7
3979,598,2024-12-03 15:11:00,0,1,Clothing,Chennai,49,Male,4282.34,4.7,53427,152.97
3630,938,2024-09-08 22:05:00,1,0,Home,Kolkata,36,Male,5453.16,4.4,87241,75.88
4629,936,2024-07-21 14:43:00,0,0,Toys,Chennai,34,Male,5020.17,4.7,35499,147.28
2264,930,2024-08-17 19:09:00,1,0,Home,Bangalore,55,Female,9196.64,3.1,23456,68.24
4365,974,2024-09-09 19:03:00,1,0,Clothing,Delhi,57,Female,9716.3,4.0,37025,237.12
1765,604,2024-02-19 02:39:00,1,0,Toys,Bangalore,26,Female,8551.7,5.0,77648,40.04
1879,165,2024-06-29 21:18:00,0,1,Home,Chennai,29,Female,4299.27,4.9,14210,276.39
3086,935,2024-01-27 16:30:00,1,0,Clothing,Bangalore,42,Male,6896.87,2.5,75427,92.89
1169,686,2024-04-03 19:49:00,1,0,Books,Bangalore,55,Male,4279.58,1.6,40210,171.01
3147,511,2024-03-23 14:58:00,0,1,Home,Chennai,32,Male,8356.37,2.1,59085,76.62
4190,789,2024-11-07 16:21:00,1,0,Books,Chennai,26,Female,3143.77,4.4,49755,20.09
3277,821,2024-03-14 06:32:00,0,0,Home,Delhi,42,Female,498.99,4.2,30229,229.84
2983,318,2024-08-01 17:38:00,0,0,Books,Kolkata,51,Male,5600.97,3.4,69107,184.01
1338,274,2024-12-20 22:34:00,0,0,Clothing,Chennai,20,Female,8447.48,3.7,23136,66.25
4482,190,2024-01-09 21:02:00,1,0,Home,Mumbai,25,Male,6098.91,2.0,34718,15.69
2082,203,2024-06-18 14:57:00,1,0,Clothing,Kolkata,24,Female,3358.85,2.1,48750,11.75
4549,600,2024-01-13 18:20:00,1,0,Home,Delhi,48,Female,2184.24,2.8,54344,139.11
1946,893,2024-10-04 23:00:00,1,0,Books,Chennai,59,Male,8049.78,4.0,55139,27.27
2063,892,2024-10-18 22:06:00,0,0,Books,Chennai,38,Male,9130.83,1.4,85681,296.39
4805,160,2024-09-08 10:24:00,0,0,Electronics,Delhi,36,Female,2277.68,3.2,57533,64.88
2264,934,2024-02-14 01:24:00,1,0,Electronics,Kolkata,57,Female,4483.98,1.2,48839,195.67
2401,680,2024-03-13 15:10:00,1,0,Electronics,Bangalore,57,Male,4963.84,3.3,90112,9.75
1142,742,2024-10-04 04:05:00,1,0,Toys,Kolkata,34,Male,5716.36,4.4,38983,118.11
4192,120,2024-03-19 21:13:00,1,0,Electronics,Kolkata,47,Male,1542.64,4.7,68592,18.5
1872,425,2024-09-30 18:57:00,1,0,Clothing,Delhi,31,Male,3793.55,1.5,53921,189.39
1217,752,2024-12-22 06:38:00,1,0,Books,Delhi,23,Male,8943.62,4.7,52512,196.23
2980,135,2024-08-06 13:21:00,1,0,Electronics,Mumbai,55,Male,5992.82,2.3,81907,29.27
1975,940,2024-07-19 02:42:00,1,0,Books,Bangalore,37,Male,7199.16,3.3,82323,187.01
3772,396,2024-03-04 21:47:00,1,0,Books,Bangalore,45,Male,7998.91,3.1,50794,10.34
2937,349,2024-09-11 16:23:00,1,0,Books,Chennai,56,Male,792.93,2.0,32178,6.93
1168,524,2024-04-03 21:51:00,0,0,Home,Kolkata,26,Female,4702.3,4.4,31265,56.55
2459,622,2024-03-02 12:53:00,1,1,Books,Delhi,19,Male,9409.32,1.4,86548,138.18
3057,955,2024-08-31 09:17:00,1,0,Clothing,Kolkata,24,Male,3050.95,3.6,68729,145.26
4884,513,2024-12-02 17:07:00,1,0,Home,Bangalore,59,Male,8686.04,2.9,72082,123.32
3339,852,2024-01-25 01:17:00,1,0,Clothing,Kolkata,57,Female,4005.9,3.8,40918,264.88
3012,201,2024-02-14 00:15:00,1,0,Home,Kolkata,53,Female,2516.9,2.5,85316,197.54
4470,103,2024-06-25 07:27:00,0,0,Electronics,Mumbai,48,Female,5574.54,3.3,26262,267.01
2696,112,2024-03-21 23:04:00,0,1,Electronics,Delhi,39,Male,1085.58,4.9,62287,153.65
2711,920,2024-10-26 10:52:00,1,0,Toys,Chennai,44,Female,6376.0,4.3,20679,296.88
1315,420,2024-03-15 22:19:00,0,1,Electronics,Delhi,29,Female,4963.1,1.8,87357,173.34
2241,995,2024-04-21 14:56:00,1,0,Home,Mumbai,22,Female,7447.93,1.1,11222,160.59
4798,203,2024-01-19 09:11:00,1,0,Clothing,Bangalore,42,Male,4821.16,4.9,57576,285.76
4650,657,2024-09-20 20:50:00,1,0,Electronics,Chennai,59,Female,4565.57,3.5,41487,117.67
4869,779,2024-02-27 22:03:00,1,1,Books,Delhi,36,Female,6591.12,1.0,39413,250.61
4480,313,2024-05-02 23:43:00,1,0,Toys,Delhi,51,Female,2208.44,2.3,21247,239.95
2991,533,2024-03-06 16:51:00,1,0,Home,Delhi,22,Male,8173.27,4.7,56787,64.47
2009,304,2024-05-16 12:22:00,1,0,Toys,Bangalore,23,Female,5311.65,3.9,74109,178.98
4686,771,2024-10-11 07:21:00,1,1,Electronics,Delhi,59,Female,2820.79,1.8,23828,276.53
4707,717,2024-01-22 20:59:00,1,1,Toys,Kolkata,34,Female,1664.01,3.2,81546,64.04
3495,319,2024-11-26 15:19:00,1,0,Electronics,Chennai,51,Male,8528.64,4.4,71564,254.36
1576,744,2024-01-28 11:46:00,1,1,Clothing,Kolkata,33,Male,8182.68,2.5,55403,271.86
2682,726,2024-09-01 10:59:00,0,0,Clothing,Delhi,26,Female,2719.83,3.4,78912,186.93
1670,721,2024-07-12 11:48:00,1,0,Home,Mumbai,26,Male,9944.95,1.6,69355,36.24
2884,268,2024-06-30 13:51:00,0,0,Toys,Chennai,21,Male,4354.02,1.6,49088,258.28
3140,697,2024-04-16 15:41:00,1,0,Electronics,Delhi,32,Male,4412.12,3.5,75804,97.46
3597,950,2024-11-06 21:33:00,1,0,Books,Bangalore,54,Female,5961.96,1.8,47423,56.96
4139,904,2024-11-30 10:02:00,0,1,Books,Bangalore,50,Male,5883.87,4.4,10076,153.38
3272,304,2024-09-11 09:13:00,1,0,Clothing,Delhi,51,Female,888.82,4.2,33719,231.53
1203,984,2024-10-01 14:13:00,1,1,Toys,Chennai,40,Male,6553.27,4.3,47709,235.33
2613,221,2024-04-19 03:36:00,1,0,Electronics,Chennai,22,Male,9593.44,1.0,15028,152.95
3833,406,2024-10-23 06:41:00,0,0,Home,Mumbai,42,Female,445.25,4.9,84277,150.85
4664,479,2024-06-01 01:22:00,1,1,Books,Bangalore,20,Male,3767.96,1.4,50385,36.18
2984,974,2024-08-26 12:24:00,0,1,Clothing,Bangalore,22,Female,1417.72,2.2,45876,32.69
3097,398,2024-01-01 02:59:00,1,0,Clothing,Kolkata,29,Male,8776.22,4.1,75731,51.08
4520,652,2024-01-15 02:26:00,1,0,Clothing,Kolkata,23,Female,3661.4,2.7,82616,276.94
1454,580,2024-02-16 16:56:00,1,0,Clothing,Bangalore,27,Female,7190.91,1.7,64312,156.19
2881,380,2024-10-27 13:47:00,1,0,Clothing,Kolkata,39,Male,6266.33,4.7,53326,114.54
4711,448,2024-06-29 22:16:00,1,0,Books,Delhi,36,Male,3988.55,4.5,83778,34.33
1524,768,2024-09-24 16:41:00,0,1,Home,Kolkata,41,Male,5078.67,1.4,90902,219.08
3393,365,2024-08-11 21:34:00,1,0,Clothing,Chennai,48,Female,7791.72,2.1,24375,132.93
4523,914,2024-03-19 10:53:00,0,0,Home,Bangalore,58,Female,9974.37,4.5,65512,142.04
2889,151,2024-08-24 14:14:00,0,1,Books,Bangalore,55,Female,3393.44,2.2,69775,48.4
3417,278,2024-08-22 04:19:00,1,0,Toys,Delhi,50,Male,8914.56,3.7,10936,182.93
4042,335,2024-07-15 04:26:00,0,1,Electronics,Bangalore,35,Male,2044.38,4.9,20729,44.69
3125,451,2024-10-03 07:55:00,0,0,Toys,Bangalore,38,Male,685.2,1.3,45906,243.94
3596,315,2024-05-25 15:43:00,0,0,Books,Delhi,59,Male,3908.34,2.3,92941,25.27
3852,748,2024-07-25 08:20:00,1,0,Home,Kolkata,29,Male,8808.73,1.4,48582,95.08
4050,790,2024-02-07 12:36:00,1,0,Toys,Bangalore,51,Male,9906.85,5.0,46505,247.46
1375,372,2024-11-28 12:31:00,1,0,Toys,Delhi,47,Female,991.09,3.4,91593,255.85
3091,258,2024-01-12 03:43:00,1,1,Toys,Mumbai,32,Male,2565.1,2.2,95854,43.62
2551,998,2024-04-16 02:47:00,1,0,Electronics,Kolkata,22,Female,1855.84,4.0,52754,80.31
3523,788,2024-01-17 07:59:00,1,0,Clothing,Bangalore,21,Male,6725.46,1.6,99525,16.51
1070,781,2024-01-29 21:32:00,1,0,Home,Delhi,55,Female,1405.68,4.5,95263,90.09
4276,653,2024-11-10 03:57:00,1,0,Home,Delhi,56,Female,4588.55,2.4,87720,136.83
4224,485,2024-11-01 17:50:00,1,0,Electronics,Kolkata,46,Male,9074.89,2.2,79431,14.23
4206,441,2024-08-02 23:20:00,1,0,Electronics,Kolkata,45,Male,2622.42,4.8,65057,27.2
2474,107,2024-04-16 21:34:00,1,0,Clothing,Chennai,48,Male,3129.11,1.2,81355,61.36
3957,704,2024-09-26 19:08:00,0,0,Clothing,Kolkata,24,Female,8570.24,1.7,69687,201.65
2405,470,2024-08-09 12:28:00,1,1,Toys,Chennai,31,Male,2882.62,2.1,27992,158.82
2700,362,2024-09-22 21:19:00,1,0,Home,Delhi,59,Male,7343.16,3.9,14246,38.18
2204,247,2024-05-03 21:10:00,0,0,Toys,Bangalore,36,Male,5797.12,4.7,17156,177.94
1617,747,2024-04-22 19:09:00,1,0,Toys,Bangalore,26,Male,9179.34,3.5,88155,145.61
1343,141,2024-05-16 17:03:00,0,0,Toys,Chennai,36,Female,9122.72,3.3,95175,23.55
3884,805,2024-04-09 10:57:00,1,0,Books,Bangalore,31,Female,4391.66,1.6,92211,84.12
1332,639,2024-11-10 19:43:00,0,0,Books,Delhi,41,Male,4454.24,4.8,11878,52.38
2192,213,2024-05-01 09:29:00,0,0,Toys,Mumbai,55,Female,365.65,3.8,67456,19.46
4737,729,2024-11-02 22:45:00,1,0,Books,Delhi,50,Male,7845.14,3.1,68230,239.96
2866,666,2024-08-18 00:31:00,1,0,Books,Delhi,25,Male,555.94,2.3,42959,165.92
1001,451,2024-05-15 17:31:00,1,0,Electronics,Bangalore,34,Female,2197.36,2.2,95787,218.46
4440,954,2024-10-13 18:34:00,1,1,Books,Kolkata,20,Female,4143.11,2.2,80735,190.44
4203,936,2024-10-27 05:31:00,0,1,Clothing,Delhi,48,Female,3652.35,2.2,66573,232.68
3811,660,2024-08-24 21:40:00,1,0,Clothing,Mumbai,54,Female,8760.56,4.9,95235,286.45
1228,495,2024-11-10 16:35:00,0,0,Toys,Delhi,32,Female,2480.84,2.4,26812,222.82
2098,620,2024-03-01 11:24:00,1,0,Clothing,Kolkata,42,Female,6084.2,3.6,49528,203.59
2828,568,2024-05-23 11:03:00,0,0,Clothing,Kolkata,39,Male,3319.32,1.5,64133,235.92
1995,787,2024-05-22 06:36:00,1,1,Home,Kolkata,47,Male,654.06,1.9,43779,181.54
4147,481,2024-10-25 23:19:00,1,0,Toys,Delhi,42,Male,2787.93,3.0,36309,277.99
4629,293,2024-12-05 11:51:00,1,1,Home,Delhi,47,Male,2930.7,1.3,39967,224.69
3165,148,2024-04-27 22:00:00,1,0,Books,Delhi,56,Male,9279.64,1.4,50492,205.96
1691,948,2024-06-06 10:15:00,0,0,Home,Mumbai,56,Female,330.05,2.1,42960,222.08
2875,881,2024-05-22 00:39:00,1,1,Clothing,Kolkata,45,Female,6638.27,1.4,88883,243.3
2405,515,2024-03-08 15:04:00,0,0,Books,Delhi,28,Male,4621.15,4.9,69595,162.94
4451,877,2024-03-11 07:14:00,1,1,Electronics,Delhi,18,Male,930.33,4.2,45009,131.12
2365,799,2024-02-02 22:23:00,0,1,Books,Chennai,35,Female,7384.29,2.1,82738,160.64
2274,532,2024-07-26 22:50:00,1,0,Clothing,Chennai,43,Female,8758.39,1.2,67859,299.98
1202,164,2024-08-22 10:28:00,1,0,Toys,Mumbai,58,Female,9897.8,1.0,22232,176.26
1680,954,2024-05-21 22:26:00,1,0,Electronics,Chennai,45,Female,6526.46,2.6,32006,110.66
3575,300,2024-01-27 16:54:00,1,0,Electronics,Chennai,44,Female,7806.03,3.1,48309,143.84
2359,578,2024-11-01 22:59:00,1,1,Toys,Kolkata,48,Male,6744.68,2.4,92600,104.78
2045,844,2024-04-12 03:01:00,1,0,Home,Bangalore,28,Female,7034.03,2.7,68409,160.9
2749,261,2024-08-23 01:33:00,1,0,Home,Mumbai,28,Male,3962.69,4.5,23256,148.86
2112,609,2024-12-19 06:28:00,1,1,Books,Bangalore,57,Male,7376.2,3.6,11453,90.09
4996,182,2024-11-21 21:19:00,0,1,Books,Mumbai,22,Male,5184.05,4.3,27522,292.94
2729,247,2024-05-20 13:44:00,1,0,Electronics,Mumbai,51,Female,2189.99,3.9,87226,172.04
3080,178,2024-11-19 04:24:00,1,0,Books,Bangalore,44,Female,3174.48,1.0,63282,284.54
3995,674,2024-07-26 08:23:00,1,0,Home,Delhi,21,Female,1014.14,3.6,18337,280.91
2830,517,2024-06-22 03:08:00,1,0,Toys,Mumbai,57,Female,4896.61,2.3,94325,292.13
3078,328,2024-03-07 07:33:00,1,1,Books,Bangalore,43,Female,2497.97,4.1,98784,45.97
4882,316,2024-04-27 15:02:00,1,0,Toys,Mumbai,56,Male,4041.58,1.4,82204,139.14
3923,628,2024-12-04 01:53:00,1,0,Books,Kolkata,33,Female,967.88,4.1,43284,14.58
3129,663,2024-08-06 05:41:00,1,0,Books,Bangalore,41,Male,3436.47,4.9,31320,155.39
4204,925,2024-11-06 16:59:00,1,0,Toys,Delhi,20,Male,564.58,1.7,91988,107.56
4189,856,2024-09-26 16:42:00,0,0,Books,Mumbai,52,Male,4488.91,1.8,45640,297.41
3028,394,2024-12-13 16:35:00,0,0,Books,Bangalore,49,Male,160.96,2.4,34713,89.86
1625,795,2024-07-31 07:37:00,1,0,Electronics,Bangalore,25,Female,8505.13,1.3,12435,65.45
3152,158,2024-11-12 12:07:00,1,0,Home,Bangalore,36,Male,8408.15,2.2,25452,187.11
1082,128,2024-03-09 04:54:00,0,0,Clothing,Kolkata,36,Male,6874.86,4.3,11586,9.74
2547,835,2024-04-06 11:20:00,1,0,Clothing,Bangalore,34,Female,4140.65,4.9,99205,64.98
4593,213,2024-11-25 07:39:00,0,0,Clothing,Delhi,52,Female,3074.29,2.9,40319,261.11
1200,899,2024-01-02 13:21:00,1,0,Books,Bangalore,20,Male,8039.88,4.4,56112,191.11
3099,744,2024-06-04 20:29:00,1,0,Home,Chennai,18,Male,7879.25,4.3,17951,207.19
2089,485,2024-02-21 01:14:00,0,0,Electronics,Mumbai,40,Female,9524.45,2.0,59122,230.69
3807,298,2024-08-08 04:30:00,0,0,Toys,Mumbai,41,Female,427.09,3.5,24552,53.9
4935,705,2024-11-08 14:47:00,0,1,Electronics,Chennai,57,Female,1031.21,1.6,28750,207.94
4503,331,2024-10-14 19:24:00,1,0,Toys,Mumbai,23,Female,5000.05,2.5,55894,200.55
2627,958,2024-12-26 21:46:00,1,1,Books,Mumbai,39,Female,3763.65,3.0,94348,239.34
4675,778,2024-01-31 18:28:00,1,1,Electronics,Bangalore,26,Female,5733.2,4.4,64970,79.44
2418,753,2024-08-30 05:59:00,1,1,Home,Kolkata,26,Female,5305.96,1.8,74112,167.15
2539,878,2024-07-20 18:43:00,1,0,Home,Delhi,46,Female,2979.14,1.4,57513,79.52
4739,849,2024-08-05 08:05:00,1,0,Toys,Mumbai,27,Female,1780.78,4.0,37127,273.57
2469,830,2024-01-10 07:51:00,0,0,Electronics,Bangalore,52,Female,8473.0,3.3,36072,266.97
2947,198,2024-02-10 13:48:00,1,0,Electronics,Bangalore,35,Male,163.41,1.4,27768,51.13
1329,366,2024-03-07 19:11:00,1,0,Home,Delhi,37,Male,2923.77,2.4,55342,102.39
4173,443,2024-01-16 14:16:00,1,0,Home,Delhi,39,Male,5118.66,4.1,74562,142.51
2980,851,2024-04-25 08:32:00,0,1,Books,Chennai,19,Male,1349.89,4.8,36870,94.4
2255,913,2024-09-20 15:59:00,1,0,Clothing,Kolkata,36,Female,6774.03,4.4,59089,52.58
3950,291,2024-07-15 03:45:00,1,0,Clothing,Delhi,35,Female,1066.3,1.7,54008,221.37
2924,848,2024-07-22 20:02:00,0,0,Electronics,Delhi,34,Male,4633.37,3.2,37404,145.98
4149,512,2024-01-28 19:45:00,1,0,Home,Mumbai,55,Male,7170.09,4.7,68985,10.26
4900,263,2024-03-24 21:04:00,1,0,Home,Kolkata,23,Male,2918.67,1.7,79713,58.32
4983,675,2024-01-20 00:49:00,1,1,Clothing,Delhi,19,Male,7478.66,4.5,94245,158.32
4786,751,2024-08-24 20:24:00,1,1,Clothing,Mumbai,55,Female,5929.99,3.0,90261,186.13
2640,729,2024-02-29 06:00:00,1,0,Home,Mumbai,40,Female,4263.85,2.9,15209,15.96
3100,325,2024-11-26 04:12:00,1,0,Electronics,Kolkata,49,Male,7222.18,3.6,55119,136.58
2204,696,2024-01-24 02:33:00,1,0,Home,Kolkata,53,Male,1423.79,1.1,74455,210.17
4570,803,2024-03-25 03:57:00,1,0,Books,Kolkata,31,Female,1827.77,1.4,48381,113.17
2870,528,2024-04-02 00:37:00,1,0,Toys,Bangalore,34,Male,5282.97,4.0,92221,142.84
1129,945,2024-03-15 14:42:00,1,0,Books,Mumbai,28,Female,9346.49,3.6,34570,65.16
3532,558,2024-12-06 12:41:00,1,0,Electronics,Chennai,28,Female,4899.8,4.4,49181,184.7
3077,265,2024-03-12 09:12:00,0,0,Home,Kolkata,36,Female,8194.39,3.4,18160,143.85
2652,279,2024-06-06 12:21:00,1,0,Electronics,Kolkata,36,Female,5631.55,2.9,42745,224.25
4168,816,2024-12-06 01:25:00,1,1,Toys,Kolkata,57,Male,1312.11,4.3,79197,196.96
4001,629,2024-01-02 12:04:00,0,0,Books,Kolkata,34,Female,209.25,4.1,21024,34.22
2823,252,2024-02-06 23:59:00,1,0,Home,Bangalore,59,Male,523.06,3.9,16074,125.59
4373,769,2024-08-15 20:42:00,1,0,Clothing,Chennai,58,Female,7692.08,3.4,51557,204.67
2872,288,2024-05-14 08:38:00,1,0,Home,Delhi,42,Male,5782.38,1.2,19375,38.62
3371,558,2024-04-15 07:34:00,0,0,Books,Kolkata,49,Male,1218.23,4.0,16554,146.93
4596,322,2024-12-04 02:07:00,1,0,Books,Kolkata,46,Male,4930.51,2.8,32127,58.31
3411,629,2024-10-25 09:05:00,1,1,Electronics,Kolkata,41,Female,848.96,5.0,45802,295.72
2983,852,2024-05-21 17:41:00,0,1,Electronics,Mumbai,47,Female,4279.35,3.0,39969,277.49
3755,247,2024-01-18 22:45:00,0,1,Clothing,Mumbai,26,Male,954.3,4.9,70259,194.44
3011,319,2024-10-10 19:21:00,1,0,Home,Delhi,18,Female,7723.25,2.4,36254,17.55
2410,692,2024-01-06 21:50:00,1,0,Books,Chennai,52,Female,7266.32,4.4,25205,60.94
3361,438,2024-10-17 18:09:00,1,0,Clothing,Mumbai,49,Male,2351.5,2.4,17844,190.69
1197,985,2024-05-07 02:24:00,1,0,Home,Delhi,24,Male,9608.55,3.5,61519,227.84
4944,204,2024-12-28 10:12:00,1,0,Books,Bangalore,19,Male,8052.22,2.3,77173,61.66
4293,629,2024-09-27 17:32:00,1,0,Home,Chennai,43,Male,6264.09,3.6,17266,54.28
3511,144,2024-08-05 20:20:00,0,0,Clothing,Kolkata,22,Female,8632.55,2.0,50517,5.3
2012,345,2024-06-15 19:19:00,1,0,Clothing,Mumbai,49,Female,1210.82,3.1,11126,125.58
4628,109,2024-01-11 06:39:00,1,1,Books,Kolkata,28,Female,2931.63,2.5,76736,148.35
4437,481,2024-11-05 18:40:00,1,0,Toys,Bangalore,43,Female,3028.88,2.3,39501,170.13
2204,398,2024-08-09 22:33:00,1,1,Books,Chennai,47,Female,433.08,1.9,85849,110.86
2768,707,2024-12-15 10:45:00,1,0,Books,Delhi,38,Male,2466.11,1.2,85229,28.53
2688,659,2024-06-23 10:49:00,1,0,Books,Bangalore,23,Male,6635.04,2.0,42804,34.2
1590,959,2024-10-05 01:26:00,0,0,Home,Mumbai,42,Female,5923.78,4.6,91622,213.54
2714,543,2024-12-23 14:06:00,1,0,Clothing,Bangalore,46,Female,3539.32,1.8,57311,105.28
3718,913,2024-10-24 17:28:00,1,1,Clothing,Mumbai,36,Male,3411.7,2.7,48875,8.5
3834,841,2024-09-13 23:20:00,1,0,Books,Bangalore,19,Female,9790.38,1.7,75368,59.12
4072,954,2024-08-13 15:02:00,0,1,Books,Bangalore,56,Female,9644.08,1.2,41356,229.58
1951,818,2024-08-02 03:59:00,1,1,Clothing,Bangalore,58,Male,9520.62,1.8,90751,207.85
2786,638,2024-09-11 15:08:00,1,0,Electronics,Chennai,47,Male,4908.14,3.2,37429,77.03
2800,515,2024-11-24 15:23:00,0,1,Toys,Mumbai,48,Female,9719.47,3.1,96438,57.21
1907,366,2024-05-10 23:10:00,0,1,Books,Chennai,48,Female,1033.16,1.8,89739,84.68
1778,642,2024-08-12 23:31:00,1,0,Home,Delhi,31,Female,328.4,2.1,42567,275.3
1023,529,2024-01-11 13:14:00,1,0,Home,Kolkata,52,Female,5500.94,1.6,17566,49.57
3988,832,2024-06-28 06:45:00,0,0,Home,Bangalore,24,Male,3219.73,3.2,25128,219.88
1214,201,2024-11-11 09:52:00,0,0,Clothing,Bangalore,41,Female,8832.03,1.7,24743,51.42
1694,534,2024-01-12 09:33:00,1,0,Home,Kolkata,50,Male,4081.71,2.5,24581,233.25
3352,408,2024-07-17 15:11:00,0,1,Clothing,Chennai,32,Male,9681.62,3.0,48161,77.69
2050,141,2024-06-24 01:36:00,0,0,Clothing,Mumbai,52,Female,4547.97,2.6,92004,251.5
2792,572,2024-04-24 17:11:00,1,1,Home,Bangalore,24,Male,8391.89,1.3,74188,125.22
2085,747,2024-05-10 08:53:00,0,0,Clothing,Delhi,35,Female,7185.38,2.0,69552,184.08
1125,528,2024-11-22 09:33:00,0,0,Electronics,Kolkata,36,Male,9038.26,3.1,54063,180.78
4637,311,2024-11-06 00:08:00,1,0,Toys,Mumbai,48,Male,4288.27,2.1,15685,172.09
3051,191,2024-09-22 18:40:00,1,0,Books,Kolkata,42,Female,7962.41,1.3,80465,34.48
2325,612,2024-08-22 06:23:00,0,0,Clothing,Chennai,20,Female,7948.93,1.2,86558,247.37
2594,257,2024-04-19 10:21:00,0,0,Clothing,Kolkata,59,Male,9701.0,3.3,97786,57.27
3549,282,2024-06-01 11:03:00,1,0,Home,Chennai,41,Male,8382.17,4.8,51127,8.17
2982,566,2024-02-28 19:08:00,1,1,Toys,Chennai,23,Male,6383.33,2.8,19976,253.72
4657,473,2024-04-14 08:37:00,0,0,Books,Kolkata,38,Male,1546.2,4.1,63242,198.79
4268,871,2024-11-18 14:05:00,1,0,Toys,Mumbai,48,Male,6624.69,1.3,57701,86.27
1552,912,2024-12-11 19:50:00,1,0,Electronics,Kolkata,52,Male,1511.64,3.1,30321,5.07
3680,257,2024-08-03 02:30:00,1,1,Toys,Mumbai,29,Male,5835.23,3.8,54510,291.04
2422,204,2024-12-05 21:10:00,1,0,Clothing,Kolkata,18,Female,9010.56,3.4,59653,15.91
1812,551,2024-06-07 16:31:00,0,1,Home,Kolkata,45,Female,6210.89,2.5,66610,252.36
4937,375,2024-05-20 17:51:00,0,0,Books,Bangalore,29,Male,864.57,3.6,24427,179.37
3599,309,2024-07-20 02:32:00,1,1,Books,Kolkata,53,Female,6043.52,3.1,41444,43.75
3656,838,2024-11-30 04:25:00,1,1,Clothing,Bangalore,53,Female,8399.84,3.1,34794,35.43
4851,902,2024-04-28 03:29:00,1,0,Electronics,Bangalore,56,Male,1344.12,2.4,25294,167.72
2781,306,2024-06-30 02:27:00,1,1,Clothing,Bangalore,23,Female,1019.9,1.7,87064,189.72
4974,816,2024-08-10 19:15:00,0,0,Clothing,Bangalore,18,Female,3092.71,2.1,45381,200.93
4880,231,2024-11-05 16:20:00,1,1,Books,Delhi,21,Female,6633.25,1.1,63205,261.84
1420,115,2024-05-05 02:36:00,0,0,Home,Bangalore,59,Male,8021.79,4.6,48363,162.7
3613,264,2024-06-25 13:38:00,1,0,Books,Bangalore,23,Male,9427.78,3.5,14326,90.58
1863,773,2024-08-29 13:20:00,1,0,Electronics,Chennai,51,Male,2390.0,3.9,70576,5.96
4891,495,2024-02-28 11:47:00,0,0,Electronics,Kolkata,57,Male,2732.45,3.4,28053,160.05
4009,835,2024-11-22 15:30:00,1,0,Home,Chennai,21,Male,2974.76,4.5,17841,295.63
1626,585,2024-11-19 20:12:00,1,0,Books,Bangalore,48,Male,6331.74,5.0,20563,189.82
2309,847,2024-11-18 20:54:00,1,0,Clothing,Bangalore,43,Female,235.45,4.9,26202,128.82
2554,849,2024-10-10 05:29:00,1,0,Electronics,Mumbai,22,Male,5828.69,3.8,63119,238.89
4026,448,2024-04-20 18:45:00,1,0,Clothing,Chennai,46,Female,9987.05,1.7,34636,240.99
1172,293,2024-06-29 09:40:00,0,1,Clothing,Bangalore,42,Male,1206.41,1.9,78564,122.0
1302,590,2024-10-30 09:47:00,1,0,Home,Chennai,30,Female,5396.08,1.9,31394,284.55
1326,250,2024-02-25 02:19:00,1,0,Electronics,Delhi,22,Male,5269.91,1.7,75011,196.93
3625,534,2024-05-23 04:37:00,0,1,Home,Chennai,29,Male,6803.48,1.4,89408,205.51
3298,420,2024-02-17 18:35:00,1,0,Books,Chennai,32,Female,5711.48,2.5,57366,180.4
2420,426,2024-08-27 18:36:00,1,1,Electronics,Mumbai,49,Female,8644.72,1.7,67073,136.28
4979,246,2024-11-01 16:37:00,1,0,Clothing,Mumbai,27,Female,7977.27,4.4,67795,132.97
2779,916,2024-12-28 02:50:00,1,0,Home,Delhi,51,Male,998.68,2.4,13628,64.53
2734,263,2024-07-02 22:37:00,1,0,Clothing,Delhi,45,Female,9912.4,4.0,38911,263.69
4970,634,2024-01-21 06:38:00,1,0,Home,Mumbai,41,Male,5113.04,3.4,81811,159.03
3737,404,2024-11-30 14:42:00,0,1,Electronics,Chennai,36,Male,2966.58,2.0,64526,113.38
1956,149,2024-11-21 06:40:00,1,1,Home,Chennai,18,Male,9531.24,4.4,16856,124.54
2947,222,2024-11-10 12:07:00,1,0,Electronics,Delhi,47,Male,3197.0,3.6,49262,295.37
1331,851,2024-06-08 13:16:00,0,0,Clothing,Delhi,47,Male,350.93,2.2,15299,119.71
2860,786,2024-07-11 03:12:00,1,0,Toys,Bangalore,23,Female,1078.6,2.5,29791,31.39
3732,649,2024-10-22 11:24:00,1,0,Home,Mumbai,21,Female,8631.83,3.9,96626,33.32
3506,500,2024-01-17 17:09:00,0,0,Electronics,Mumbai,40,Female,7367.5,3.4,38698,208.76
2384,576,2024-04-02 19:41:00,0,0,Clothing,Delhi,32,Male,4984.32,3.1,60715,136.74
3889,209,2024-05-17 23:13:00,1,0,Toys,Bangalore,56,Male,4154.67,4.3,37863,271.1
4062,169,2024-01-17 19:44:00,1,0,Clothing,Kolkata,35,Female,6836.68,2.9,79511,6.59
4310,355,2024-12-30 18:47:00,1,0,Books,Delhi,25,Male,2162.58,4.9,33245,40.2
1286,155,2024-10-07 10:00:00,0,0,Books,Kolkata,50,Male,4301.34,2.3,53113,161.36
2969,896,2024-08-29 23:05:00,0,0,Books,Mumbai,28,Female,9356.04,2.1,84952,156.21
2645,538,2024-09-13 08:16:00,1,1,Clothing,Delhi,35,Male,9286.6,3.5,38921,275.18
3347,726,2024-09-23 20:34:00,1,1,Toys,Delhi,28,Male,3374.81,3.7,46478,270.06
1410,218,2024-07-07 15:25:00,1,0,Clothing,Kolkata,43,Female,7296.24,1.1,71444,291.94
1652,363,2024-07-01 11:56:00,1,0,Electronics,Mumbai,44,Male,9527.38,2.6,23559,291.45
1279,667,2024-01-13 19:09:00,0,0,Toys,Bangalore,57,Female,3268.31,3.9,14633,28.09
2988,322,2024-01-28 19:48:00,1,0,Books,Kolkata,35,Female,1384.13,4.2,88179,76.37
1358,462,2024-07-05 08:30:00,1,0,Books,Kolkata,53,Female,6130.39,3.2,33591,248.23
1564,279,2024-01-16 20:54:00,1,0,Toys,Delhi,25,Male,157.8,3.8,84650,182.74
3905,495,2024-09-11 01:07:00,0,0,Books,Kolkata,48,Male,6081.62,3.8,94477,294.57
4676,437,2024-01-19 01:19:00,1,0,Electronics,Bangalore,22,Male,9401.0,2.5,56651,12.6
2056,665,2024-05-14 17:33:00,0,1,Home,Mumbai,43,Female,5816.13,3.6,45096,248.3
4267,193,2024-07-07 14:49:00,1,1,Toys,Chennai,51,Female,6401.22,1.7,68151,79.22
1551,813,2024-04-17 10:39:00,1,0,Home,Mumbai,38,Female,4402.3,4.5,70713,229.21
2184,588,2024-07-05 09:27:00,1,1,Toys,Kolkata,36,Female,4232.3,2.6,66628,231.24
4602,244,2024-10-09 20:33:00,1,0,Toys,Chennai,44,Male,1710.98,1.9,26083,56.03
1356,981,2024-12-03 15:51:00,1,1,Electronics,Delhi,54,Female,2178.97,4.6,62320,271.83
4995,730,2024-11-04 05:24:00,1,1,Electronics,Chennai,48,Male,559.66,2.2,10006,243.89
2329,388,2024-01-23 00:05:00,1,0,Home,Mumbai,28,Female,6736.45,4.9,31487,213.0
4044,291,2024-02-24 01:42:00,1,0,Electronics,Chennai,43,Male,5627.29,3.3,79140,126.69
2000,226,2024-06-06 04:17:00,1,0,Toys,Chennai,21,Male,2820.95,4.4,92568,76.1
3847,402,2024-03-18 18:43:00,1,1,Electronics,Kolkata,30,Female,9023.46,1.6,31711,83.3
4445,781,2024-04-24 19:34:00,0,0,Clothing,Mumbai,19,Male,6820.92,5.0,34823,139.94
3096,334,2024-05-14 18:49:00,1,1,Clothing,Chennai,24,Female,835.93,2.2,11475,83.75
1171,878,2024-03-26 04:24:00,1,0,Books,Bangalore,57,Male,6863.29,4.2,31789,194.65
2600,416,2024-01-15 13:34:00,1,1,Clothing,Delhi,57,Female,4104.86,3.2,54713,109.2
3988,769,2024-02-20 01:11:00,1,0,Toys,Kolkata,30,Female,6745.67,3.7,12822,212.61
3308,752,2024-11-18 23:41:00,1,0,Toys,Bangalore,32,Male,9653.39,2.5,88215,275.14
2553,143,2024-04-06 22:11:00,0,0,Books,Bangalore,31,Male,9339.08,2.6,15512,29.23
2242,423,2024-05-06 17:32:00,0,0,Toys,Delhi,57,Male,3780.94,4.5,15003,8.5
4858,517,2024-08-22 11:56:00,1,0,Electronics,Kolkata,29,Female,2377.53,4.8,91596,18.5
3926,871,2024-11-11 17:41:00,1,0,Books,Bangalore,24,Female,3407.72,1.5,96557,123.87
1327,801,2024-08-31 12:20:00,1,0,Toys,Chennai,43,Female,5535.2,2.3,62828,236.91
2848,899,2024-09-29 05:21:00,0,1,Clothing,Bangalore,48,Female,6413.95,1.9,55842,20.01
2709,490,2024-10-21 14:17:00,0,1,Toys,Bangalore,53,Male,9794.69,1.2,76234,259.14
4303,727,2024-07-05 07:00:00,1,0,Toys,Delhi,20,Female,7480.85,2.7,72544,111.83
4864,393,2024-02-10 10:29:00,0,0,Books,Delhi,33,Male,5449.99,1.6,22132,276.0
1547,172,2024-06-14 13:49:00,1,0,Home,Kolkata,47,Female,8758.24,3.4,56726,56.63
2887,388,2024-10-01 07:16:00,1,1,Home,Kolkata,48,Male,3731.62,4.3,88523,57.02
4705,605,2024-02-08 10:09:00,1,1,Electronics,Delhi,44,Female,3974.12,3.9,85289,11.82
3253,460,2024-01-05 02:39:00,0,0,Toys,Kolkata,53,Female,6602.09,2.8,99885,224.04
3904,169,2024-07-17 17:49:00,0,1,Home,Delhi,48,Male,8324.94,4.1,99411,37.49
3115,965,2024-08-15 03:38:00,1,0,Toys,Mumbai,48,Male,8142.13,4.9,10085,257.87
2861,972,2024-12-05 08:32:00,1,0,Toys,Bangalore,58,Male,8257.37,4.5,10175,152.02
1688,723,2024-02-21 07:52:00,0,0,Toys,Bangalore,34,Female,3043.16,3.1,68003,235.48
4840,851,2024-03-25 10:17:00,1,0,Books,Delhi,40,Male,8342.19,3.0,13834,52.29
2556,931,2024-08-05 07:31:00,1,0,Toys,Bangalore,28,Male,5028.03,3.2,10998,43.41
3117,273,2024-02-10 08:09:00,1,0,Electronics,Delhi,21,Male,7229.93,4.7,37009,185.35
1779,606,2024-07-26 02:25:00,0,0,Home,Chennai,53,Female,6807.37,3.3,36988,255.0
3943,214,2024-12-23 16:11:00,0,0,Electronics,Mumbai,59,Female,9308.55,4.1,79933,39.86
1924,214,2024-10-26 18:32:00,0,0,Electronics,Kolkata,20,Male,229.61,1.6,36710,237.08
2598,172,2024-06-05 17:08:00,0,0,Home,Bangalore,46,Male,3173.09,4.5,40820,103.99
4732,546,2024-03-02 15:06:00,1,0,Home,Bangalore,48,Male,8530.36,2.2,85670,225.22
4128,925,2024-04-29 18:39:00,1,0,Toys,Delhi,38,Female,2612.53,4.3,51019,245.22
4927,651,2024-02-16 01:40:00,1,0,Toys,Chennai,27,Female,9639.62,1.2,83006,81.42
2988,899,2024-04-19 14:47:00,1,0,Clothing,Delhi,33,Male,3495.84,1.8,88229,43.76
3999,239,2024-06-24 20:07:00,0,0,Electronics,Mumbai,34,Female,6247.81,1.2,57563,37.62
1007,574,2024-09-22 16:11:00,0,1,Clothing,Mumbai,48,Female,5633.92,4.6,98743,165.32
1796,960,2024-12-15 04:41:00,1,0,Clothing,Kolkata,24,Male,4199.23,1.1,90754,275.63
4521,511,2024-10-28 17:16:00,1,0,Home,Mumbai,51,Female,7349.43,3.3,20730,263.16
3924,184,2024-12-01 11:47:00,0,0,Home,Chennai,29,Female,1355.52,4.4,34509,109.83
4497,694,2024-07-02 08:58:00,0,0,Toys,Delhi,47,Female,8687.0,2.9,85970,187.85
4458,375,2024-07-13 20:17:00,1,0,Toys,Bangalore,39,Male,4870.35,3.5,69308,246.67
4197,284,2024-01-20 04:59:00,0,0,Home,Mumbai,51,Male,8855.33,2.3,66062,240.98
4231,782,2024-02-12 10:54:00,1,0,Toys,Chennai,28,Female,5062.85,3.3,40647,176.03
2656,161,2024-11-02 10:00:00,1,0,Clothing,Bangalore,32,Male,1124.62,1.9,79544,91.94
4969,236,2024-07-03 09:45:00,0,0,Clothing,Mumbai,58,Male,2280.03,1.5,76145,163.54
2741,786,2024-12-11 12:25:00,0,1,Electronics,Kolkata,42,Male,5057.86,1.6,54507,96.38
2177,437,2024-12-26 01:41:00,1,0,Home,Bangalore,23,Male,7438.49,4.1,11717,260.76
1882,102,2024-09-15 07:52:00,1,1,Books,Kolkata,27,Male,2493.25,4.4,93246,135.92
1403,612,2024-10-26 21:47:00,0,0,Books,Chennai,36,Female,9021.51,1.1,64252,261.52
4951,918,2024-10-05 10:33:00,1,0,Books,Delhi,25,Male,5150.12,1.9,19233,50.65
4593,847,2024-12-28 21:48:00,1,0,Home,Delhi,27,Female,1816.53,4.8,41336,70.71
4694,953,2024-12-28 12:10:00,1,0,Electronics,Delhi,42,Female,6741.25,1.7,19816,244.39
1482,297,2024-10-11 11:00:00,1,1,Toys,Delhi,36,Male,9607.63,3.3,66647,193.55
3433,536,2024-03-17 12:10:00,1,0,Electronics,Chennai,44,Male,6703.98,2.6,91080,21.24
4171,967,2024-05-02 07:49:00,1,1,Books,Bangalore,25,Male,2808.27,3.3,50903,249.19
4929,456,2024-08-01 05:10:00,1,1,Electronics,Kolkata,41,Male,945.23,3.7,87593,213.2
2038,924,2024-11-06 04:40:00,1,0,Electronics,Mumbai,48,Male,1662.76,1.2,85853,274.45
3085,898,2024-11-05 07:29:00,1,0,Clothing,Kolkata,43,Female,2269.29,1.5,88968,125.6
3693,948,2024-10-30 23:10:00,1,1,Toys,Delhi,50,Male,6979.23,1.6,19920,142.69
1046,800,2024-02-17 01:44:00,1,0,Clothing,Kolkata,41,Male,2341.14,4.8,30379,287.71
4130,749,2024-07-25 06:52:00,1,0,Toys,Delhi,55,Female,3735.9,3.4,65034,289.44
3705,809,2024-01-05 16:33:00,0,0,Toys,Kolkata,18,Male,3624.24,3.4,42914,24.7
2209,983,2024-02-03 09:48:00,1,0,Books,Mumbai,56,Female,3069.15,4.6,93861,143.06
3899,616,2024-08-30 09:30:00,0,0,Home,Kolkata,19,Male,6276.47,2.3,81095,297.25
3669,202,2024-04-08 09:27:00,1,0,Home,Delhi,39,Male,9884.27,3.7,86525,107.7
3521,314,2024-02-07 03:10:00,0,0,Toys,Kolkata,19,Male,6332.94,4.8,93921,96.54
3315,727,2024-11-09 15:52:00,1,1,Clothing,Bangalore,36,Male,4138.04,2.6,97299,48.26
1982,981,2024-02-14 03:47:00,1,1,Clothing,Kolkata,18,Female,8718.93,3.1,51538,95.76
3041,607,2024-08-19 09:46:00,1,0,Books,Bangalore,33,Female,8515.12,1.7,64631,96.42
4772,657,2024-02-16 17:54:00,1,0,Toys,Chennai,45,Female,5725.58,4.8,64121,85.55
4497,913,2024-05-29 03:05:00,1,0,Home,Delhi,39,Male,1987.99,3.0,62206,89.2
1289,989,2024-08-06 14:35:00,0,0,Home,Bangalore,37,Male,6424.63,1.6,69635,99.01
2454,800,2024-07-21 15:10:00,1,0,Electronics,Mumbai,48,Female,7368.44,4.7,84751,182.54
4455,602,2024-03-17 19:09:00,1,1,Electronics,Mumbai,20,Male,1941.78,3.3,22153,245.45
2354,701,2024-02-20 08:39:00,1,0,Clothing,Mumbai,56,Female,6731.21,3.4,32092,11.75
3726,423,2024-10-18 20:10:00,1,0,Books,Kolkata,43,Female,7633.13,3.9,49614,214.21
3928,797,2024-05-29 08:19:00,1,0,Home,Delhi,39,Male,889.58,3.2,70951,57.05
1829,868,2024-12-10 16:01:00,1,0,Toys,Delhi,45,Male,3202.45,3.0,21040,273.98
2134,352,2024-08-09 10:35:00,1,0,Toys,Bangalore,51,Male,3691.44,3.9,65151,278.27
4660,271,2024-06-22 18:47:00,0,0,Toys,Mumbai,56,Male,2772.48,2.3,76757,297.77
1917,545,2024-04-22 13:23:00,1,0,Electronics,Chennai,55,Female,7820.99,3.2,21357,186.89
1389,707,2024-10-07 01:15:00,1,0,Books,Kolkata,19,Female,4841.09,2.6,50275,64.97
4963,500,2024-06-23 15:19:00,1,0,Clothing,Delhi,48,Male,6359.75,3.2,12420,195.85
2247,830,2024-01-15 22:52:00,1,0,Toys,Bangalore,31,Male,7784.88,1.8,24375,122.47
4665,157,2024-03-31 20:18:00,1,1,Home,Mumbai,42,Male,2320.35,3.5,63309,74.86
2957,295,2024-10-07 10:29:00,1,0,Electronics,Chennai,18,Male,8135.16,4.4,96394,99.21
4014,470,2024-09-21 17:44:00,0,0,Electronics,Kolkata,34,Female,351.74,4.6,42574,153.37
4564,800,2024-11-25 19:28:00,1,1,Clothing,Chennai,46,Female,9299.94,3.1,26404,189.59
1857,831,2024-07-18 05:23:00,1,0,Toys,Delhi,35,Female,6373.57,2.5,74159,264.99
2964,862,2024-10-01 21:25:00,1,0,Toys,Delhi,47,Female,8711.82,4.4,21072,100.8
4845,538,2024-07-10 07:05:00,1,0,Toys,Chennai,45,Female,1178.11,3.3,26002,293.34
1621,209,2024-11-15 04:29:00,1,1,Clothing,Chennai,42,Female,258.35,2.7,89751,6.01
4885,923,2024-02-23 21:16:00,0,0,Toys,Chennai,19,Male,9549.03,4.3,56278,177.31
4872,890,2024-09-05 15:54:00,1,0,Electronics,Chennai,53,Male,1861.67,3.9,25405,208.84
3189,402,2024-06-05 01:54:00,0,0,Toys,Bangalore,34,Male,3577.2,3.3,28184,177.91
3022,802,2024-10-21 08:25:00,1,0,Toys,Mumbai,59,Female,931.89,2.9,32561,69.44
4958,318,2024-02-10 13:36:00,1,0,Books,Mumbai,23,Male,8161.48,2.2,60708,245.41
3548,533,2024-02-14 15:08:00,1,0,Electronics,Chennai,36,Female,4390.92,3.8,10177,62.29
1363,492,2024-09-10 21:02:00,1,0,Home,Bangalore,39,Male,8324.35,4.5,77829,104.66
3332,118,2024-12-02 22:18:00,0,0,Home,Delhi,26,Female,2823.9,1.7,78237,145.77
2877,988,2024-07-16 09:34:00,1,0,Toys,Mumbai,53,Female,3826.24,2.6,65276,153.72
1745,548,2024-12-12 03:31:00,0,0,Home,Chennai,28,Male,1039.35,1.5,81565,216.94
1815,867,2024-08-11 14:23:00,1,0,Electronics,Chennai,32,Male,2806.48,1.6,93878,33.35
2747,986,2024-12-17 21:03:00,1,1,Toys,Kolkata,56,Female,4223.22,2.8,23799,86.27
3799,532,2024-04-21 12:03:00,1,0,Books,Bangalore,31,Male,6428.53,2.1,10486,106.66
1374,581,2024-05-08 07:16:00,0,0,Books,Mumbai,29,Female,1864.86,2.6,55225,11.31
1648,357,2024-10-29 15:46:00,1,0,Clothing,Delhi,29,Female,6422.33,2.8,84609,98.44
2214,314,2024-01-26 05:09:00,0,0,Electronics,Bangalore,19,Female,1473.26,2.2,94239,100.29
2502,143,2024-10-03 12:43:00,0,1,Electronics,Mumbai,19,Female,3177.12,1.8,28423,285.07
3156,916,2024-04-22 01:12:00,1,0,Home,Delhi,23,Female,4678.38,5.0,83394,261.97
3306,306,2024-07-11 03:09:00,1,0,Electronics,Delhi,21,Female,413.87,3.1,72464,78.61
4123,390,2024-03-04 13:27:00,1,0,Electronics,Kolkata,55,Female,4191.71,5.0,40881,213.65
3705,764,2024-03-07 00:03:00,1,0,Clothing,Kolkata,19,Female,5479.99,2.2,41319,247.67
3748,272,2024-03-23 01:21:00,1,1,Electronics,Delhi,18,Female,5692.79,4.6,95712,102.9
3527,141,2024-02-05 15:02:00,0,0,Home,Kolkata,50,Female,3765.16,2.5,42857,266.38
1424,687,2024-12-11 04:48:00,1,0,Books,Delhi,35,Female,1100.02,3.4,78544,58.38
2367,484,2024-03-16 04:57:00,0,1,Books,Delhi,21,Male,8570.07,3.3,13828,293.65
1678,517,2024-07-29 17:16:00,0,0,Toys,Mumbai,30,Male,9881.36,2.9,33010,282.53
4913,712,2024-08-05 20:28:00,1,0,Electronics,Mumbai,19,Female,8899.61,3.1,34868,55.79
2166,289,2024-08-13 05:12:00,1,0,Clothing,Mumbai,55,Female,4912.61,2.6,19143,50.62
2908,513,2024-01-22 05:09:00,1,0,Toys,Delhi,28,Female,7581.74,3.8,74048,248.48
3995,570,2024-06-20 00:59:00,0,1,Toys,Kolkata,25,Female,6801.69,3.3,48330,163.83
3538,742,2024-02-27 08:08:00,0,0,Clothing,Bangalore,21,Male,2135.32,3.8,22160,255.08
2186,535,2024-05-26 06:05:00,1,0,Books,Delhi,26,Male,6939.45,4.3,83511,198.75
4336,613,2024-02-12 23:51:00,0,0,Home,Delhi,28,Female,3751.97,4.9,71052,15.85
2237,790,2024-09-26 16:06:00,0,0,Electronics,Mumbai,18,Male,4845.3,4.7,12250,292.54
1260,470,2024-02-17 12:23:00,0,0,Electronics,Delhi,28,Female,3338.48,2.1,87676,281.83
3346,993,2024-10-05 10:17:00,1,0,Toys,Chennai,44,Female,189.45,2.6,37449,153.05
2579,946,2024-07-31 20:05:00,1,0,Clothing,Kolkata,24,Male,1128.1,2.8,70403,71.22
3334,386,2024-07-31 10:36:00,1,0,Books,Kolkata,55,Male,9104.62,4.4,65275,202.96
1249,577,2024-06-01 01:42:00,1,1,Toys,Chennai,58,Male,6326.0,1.4,20066,208.77
2593,334,2024-02-16 05:36:00,1,0,Electronics,Chennai,53,Female,8962.42,4.7,91404,131.66
4442,242,2024-11-27 04:04:00,1,0,Books,Mumbai,46,Female,5644.61,3.7,71452,121.02
2746,242,2024-07-12 16:25:00,1,0,Books,Bangalore,31,Female,8737.53,2.6,38770,33.9
4127,652,2024-04-05 21:58:00,1,0,Toys,Bangalore,21,Male,6451.49,4.5,30740,8.63
1895,506,2024-03-08 20:42:00,0,1,Books,Mumbai,26,Female,545.69,2.4,22784,39.26
2383,287,2024-12-02 09:38:00,0,0,Toys,Kolkata,26,Female,9991.81,3.1,55677,42.25
2246,111,2024-04-30 17:24:00,1,0,Toys,Mumbai,39,Female,8731.96,2.0,34160,225.19
1545,665,2024-01-08 21:25:00,0,0,Toys,Delhi,55,Male,5175.63,3.0,45275,24.22
2186,282,2024-02-20 12:50:00,0,0,Toys,Delhi,27,Male,4621.55,4.2,76604,199.86
3799,109,2024-01-09 17:39:00,1,0,Electronics,Mumbai,45,Female,8141.31,3.7,69320,107.14
1777,732,2024-04-07 22:14:00,1,0,Home,Mumbai,48,Male,6263.01,4.9,58713,275.79
3950,142,2024-01-09 15:12:00,1,0,Books,Kolkata,45,Male,7355.03,4.8,19302,143.72
1356,331,2024-10-10 19:51:00,0,0,Books,Delhi,31,Male,9987.5,4.9,31924,109.65
3312,530,2024-02-27 16:34:00,1,0,Home,Kolkata,39,Male,5285.63,1.9,86340,198.86
4358,590,2024-08-25 18:29:00,1,0,Electronics,Chennai,50,Female,4839.78,2.3,81957,98.97
2794,357,2024-09-30 22:32:00,1,0,Books,Bangalore,28,Female,1056.5,4.8,18876,174.54
4553,601,2024-01-04 08:20:00,1,0,Books,Mumbai,54,Male,2759.83,2.4,93470,163.53
4801,741,2024-09-05 00:02:00,0,0,Clothing,Mumbai,50,Male,355.05,5.0,42876,241.23
1689,122,2024-07-08 06:44:00,0,0,Home,Bangalore,38,Female,8405.53,4.4,13368,14.85
1153,840,2024-08-21 16:39:00,1,0,Clothing,Mumbai,29,Female,342.56,2.9,79873,280.51
4912,284,2024-08-04 09:23:00,1,0,Books,Chennai,37,Female,6111.12,3.1,13845,241.12
2857,393,2024-03-24 12:57:00,1,0,Home,Bangalore,30,Male,6270.83,1.0,91485,219.1
3800,248,2024-06-13 17:28:00,1,0,Home,Bangalore,46,Female,3417.1,4.8,15920,214.46
2552,784,2024-03-31 09:37:00,1,0,Toys,Kolkata,32,Female,6513.51,2.5,37481,91.18
1458,939,2024-01-13 00:02:00,0,0,Books,Chennai,43,Male,2372.64,1.9,67512,170.67
3758,209,2024-03-25 16:11:00,1,0,Clothing,Mumbai,27,Female,3285.67,3.9,57389,276.13
4889,786,2024-08-18 11:02:00,1,0,Home,Mumbai,49,Male,3039.25,2.7,43680,249.73
3190,474,2024-11-29 12:19:00,0,0,Home,Bangalore,47,Male,2317.88,1.6,29874,241.23
4699,256,2024-05-30 10:03:00,1,0,Toys,Kolkata,40,Male,8015.39,2.4,53532,157.12
1446,616,2024-08-26 01:33:00,1,0,Books,Kolkata,58,Female,5984.84,1.1,90256,177.33
2921,747,2024-10-09 09:37:00,1,0,Clothing,Mumbai,41,Female,4754.62,3.1,63999,191.67
2038,608,2024-07-16 09:10:00,0,0,Home,Kolkata,19,Female,7751.07,4.6,22026,134.34
3740,252,2024-08-06 05:54:00,1,1,Clothing,Mumbai,18,Male,1143.21,1.8,38299,173.22
1119,653,2024-02-29 06:03:00,1,0,Electronics,Kolkata,49,Male,2517.48,4.6,35184,200.59
1156,586,2024-09-08 14:19:00,1,0,Toys,Delhi,18,Female,1718.45,1.1,47486,111.78
1392,760,2024-03-24 21:07:00,0,0,Home,Delhi,22,Female,9023.68,4.1,88513,267.56
2835,898,2024-02-03 02:40:00,1,0,Books,Delhi,35,Female,9229.39,2.4,92776,256.41
3358,755,2024-10-01 05:29:00,1,0,Home,Chennai,22,Male,221.93,1.3,61058,27.97
3841,643,2024-01-28 21:51:00,1,1,Books,Kolkata,53,Male,2443.23,4.3,10218,106.16
4100,782,2024-12-11 23:40:00,1,0,Books,Kolkata,53,Female,8295.16,4.3,72125,18.3
4639,407,2024-04-02 19:58:00,1,0,Clothing,Kolkata,40,Male,1237.28,3.6,27741,288.05
1244,158,2024-09-07 17:22:00,1,0,Toys,Kolkata,40,Female,8189.34,4.4,75380,154.78
1566,402,2024-05-01 10:23:00,0,0,Home,Bangalore,24,Male,3452.21,3.2,55915,203.23
1774,475,2024-01-11 19:57:00,1,0,Home,Kolkata,45,Female,2720.92,1.5,45543,34.3
4462,351,2024-08-23 19:30:00,1,0,Books,Chennai,57,Female,2988.22,1.2,62499,298.11
4277,325,2024-07-14 10:42:00,1,0,Books,Mumbai,24,Male,5856.29,2.9,83787,223.61
4921,899,2024-04-21 17:26:00,1,1,Books,Bangalore,45,Female,5956.56,2.6,55655,217.7
1891,189,2024-02-24 10:43:00,1,1,Home,Chennai,40,Female,8047.41,2.8,18524,297.69
1331,142,2024-09-23 14:28:00,1,0,Clothing,Chennai,59,Female,4815.57,3.2,62021,299.19
2844,445,2024-02-25 16:41:00,1,0,Books,Mumbai,25,Female,8876.71,2.1,47231,5.39
4609,546,2024-05-29 11:19:00,0,0,Toys,Bangalore,45,Male,7573.89,3.5,69246,198.42
2770,195,2024-03-31 09:36:00,1,0,Home,Chennai,22,Female,2587.11,3.5,66985,68.71
3345,745,2024-02-13 09:14:00,0,0,Electronics,Mumbai,20,Female,6100.68,1.1,82229,124.04
3787,315,2024-10-09 23:09:00,0,0,Books,Bangalore,18,Female,3912.63,3.3,57348,13.35
4417,738,2024-07-22 21:51:00,1,0,Toys,Mumbai,41,Male,8644.45,3.3,65097,178.15
4737,651,2024-01-16 15:22:00,0,0,Books,Bangalore,29,Male,2483.27,1.4,90887,218.52
2852,972,2024-05-05 13:23:00,1,0,Electronics,Bangalore,36,Female,4615.48,2.7,77999,50.3
2558,519,2024-07-07 16:21:00,1,0,Books,Chennai,48,Female,2864.65,2.4,27860,70.02
4346,111,2024-04-24 03:08:00,1,0,Books,Delhi,26,Male,8806.89,3.6,75388,205.78
4581,684,2024-01-06 19:59:00,1,1,Toys,Chennai,53,Male,6144.52,4.1,43158,132.61
3723,476,2024-01-04 08:39:00,0,0,Home,Kolkata,39,Female,9634.35,1.1,34470,27.0
4635,875,2024-03-10 21:26:00,0,0,Electronics,Mumbai,58,Male,7706.09,1.7,56772,270.4
3962,929,2024-04-07 13:14:00,1,0,Toys,Bangalore,52,Female,2270.75,1.0,20268,71.08
1054,831,2024-08-12 18:42:00,0,1,Clothing,Kolkata,49,Female,3618.95,2.1,15528,53.77
2152,190,2024-06-04 15:08:00,1,0,Books,Delhi,26,Male,3532.32,1.8,71702,188.91
4934,320,2024-06-30 21:29:00,1,0,Home,Bangalore,23,Female,7628.01,4.0,80746,188.44
4592,170,2024-05-16 21:34:00,1,1,Toys,Bangalore,35,Female,8756.59,2.7,23588,270.84
1110,128,2024-07-07 19:37:00,1,0,Toys,Delhi,43,Female,4388.5,1.0,37976,229.97
1360,759,2024-01-31 18:04:00,1,1,Electronics,Chennai,22,Female,3417.91,1.5,12976,297.81
3426,600,2024-02-08 13:26:00,1,1,Electronics,Bangalore,21,Female,950.65,2.0,14274,207.32
3277,624,2024-09-03 19:13:00,0,0,Home,Mumbai,55,Female,6703.09,4.5,23536,253.57
4955,483,2024-11-24 12:06:00,1,0,Books,Delhi,23,Male,6464.58,3.2,17542,248.05
2644,722,2024-01-02 03:29:00,1,0,Home,Bangalore,53,Male,1238.71,2.6,47339,41.36
1768,861,2024-03-29 11:40:00,0,1,Home,Delhi,50,Male,7491.63,4.3,61204,223.34
3085,985,2024-06-06 05:55:00,1,0,Books,Delhi,47,Male,5045.86,3.6,13081,282.13
1227,693,2024-07-11 08:03:00,1,1,Toys,Delhi,34,Male,9097.54,1.1,45736,110.38
3482,299,2024-06-10 15:46:00,1,1,Toys,Mumbai,50,Male,3588.76,3.5,21221,120.51
4484,984,2024-01-26 13:26:00,1,0,Home,Bangalore,52,Female,1231.84,3.6,53866,158.46
4549,364,2024-07-25 09:59:00,1,1,Toys,Delhi,53,Female,267.0,4.9,34272,74.79
4625,481,2024-09-20 16:28:00,1,1,Toys,Delhi,28,Male,3418.58,4.5,39897,299.86
4351,967,2024-06-20 00:54:00,1,0,Books,Kolkata,52,Male,3478.06,2.4,16142,22.54
4990,847,2024-12-11 05:29:00,1,0,Home,Delhi,33,Female,2340.71,3.9,26003,12.18
1623,564,2024-01-05 08:29:00,1,0,Books,Mumbai,40,Male,7756.32,1.4,39621,6.33
3143,204,2024-10-30 13:19:00,1,1,Electronics,Mumbai,25,Female,6717.14,1.1,78866,134.99
4371,299,2024-06-12 11:33:00,1,1,Home,Bangalore,46,Male,4561.83,3.2,14489,80.95
3331,515,2024-08-07 03:00:00,0,0,Home,Bangalore,57,Female,270.4,2.5,63452,258.42
1883,434,2024-11-10 03:32:00,0,0,Home,Kolkata,43,Female,3973.4,4.9,68015,140.92
4230,166,2024-01-21 06:18:00,1,1,Toys,Chennai,22,Female,4008.8,2.6,83094,149.83
4621,474,2024-08-18 15:54:00,1,0,Toys,Chennai,23,Male,3846.1,3.0,61303,248.13
1339,745,2024-08-15 15:30:00,1,1,Toys,Mumbai,29,Male,7647.06,2.5,59439,242.01
3191,324,2024-08-28 02:39:00,1,1,Home,Mumbai,43,Male,828.38,2.9,17299,242.7
4390,364,2024-11-01 15:53:00,1,0,Electronics,Bangalore,25,Male,1624.19,4.1,59154,40.13
1579,391,2024-09-05 10:03:00,1,1,Electronics,Chennai,38,Male,4485.42,3.2,39359,37.07
3175,750,2024-12-17 08:43:00,1,0,Toys,Kolkata,21,Male,4287.35,2.7,13074,128.69
3842,608,2024-06-18 03:17:00,1,0,Electronics,Mumbai,55,Female,1181.21,1.2,23409,275.25
1480,253,2024-03-21 06:52:00,1,0,Home,Delhi,35,Female,9637.67,4.2,70475,222.52
1455,183,2024-05-06 07:07:00,1,1,Electronics,Kolkata,35,Female,8787.73,2.7,58400,136.02
2628,608,2024-09-19 07:22:00,1,0,Toys,Delhi,19,Female,2906.65,1.7,97010,180.55
3520,441,2024-07-05 12:13:00,1,0,Books,Delhi,27,Male,7205.3,1.6,85499,23.77
1361,885,2024-09-14 04:16:00,1,1,Electronics,Bangalore,25,Male,9277.15,2.3,31330,97.15
4955,453,2024-05-13 05:00:00,0,1,Books,Delhi,33,Female,9790.97,4.3,99038,69.89
1847,101,2024-05-19 13:59:00,1,0,Clothing,Mumbai,19,Male,3075.17,2.3,32508,225.74
4985,238,2024-01-12 14:17:00,0,0,Books,Bangalore,27,Female,3261.88,1.6,31759,31.7
3545,866,2024-11-23 21:41:00,1,0,Home,Mumbai,27,Male,1806.17,3.4,17288,260.83
4406,513,2024-05-09 09:33:00,0,0,Electronics,Mumbai,21,Male,352.98,4.9,38704,100.6
3125,121,2024-06-03 15:10:00,1,0,Toys,Bangalore,45,Male,6219.18,4.7,17419,47.14
1367,933,2024-03-08 11:16:00,0,0,Electronics,Bangalore,27,Male,3477.87,1.8,31184,227.72
2378,936,2024-08-29 22:06:00,1,0,Toys,Kolkata,59,Female,5484.64,2.8,48346,67.72
3798,439,2024-04-08 13:15:00,1,0,Toys,Mumbai,33,Female,1657.54,3.3,59023,250.59
1076,299,2024-12-22 13:23:00,1,0,Clothing,Kolkata,20,Female,7996.11,2.6,73489,66.79
1843,342,2024-12-15 07:30:00,1,0,Home,Bangalore,24,Male,6947.65,4.5,33485,12.7
4974,459,2024-10-14 18:47:00,1,0,Home,Mumbai,18,Female,9337.04,1.4,92969,261.8
2385,809,2024-07-17 06:38:00,1,1,Books,Chennai,22,Female,5207.01,2.6,47024,130.74
3075,463,2024-06-25 23:47:00,1,0,Clothing,Bangalore,18,Female,653.72,2.8,63497,75.11
1588,821,2024-02-22 14:40:00,0,1,Clothing,Delhi,23,Female,3426.38,4.4,18145,134.62
4102,946,2024-01-21 21:11:00,1,0,Books,Chennai,49,Female,2955.36,1.4,62197,77.8
2457,435,2024-08-18 22:28:00,1,1,Toys,Delhi,56,Male,1745.68,4.8,30494,222.36
4459,419,2024-12-10 03:38:00,1,0,Electronics,Delhi,57,Female,1113.63,4.1,15930,111.0
2700,129,2024-01-02 20:28:00,1,0,Electronics,Kolkata,58,Male,2906.62,2.0,45569,114.9
3964,550,2024-02-22 10:36:00,1,1,Toys,Delhi,45,Female,7320.46,1.2,43747,104.15
4038,612,2024-01-07 12:56:00,0,0,Books,Delhi,30,Female,7091.84,4.9,77150,135.25
2078,958,2024-10-05 23:49:00,0,0,Home,Mumbai,55,Female,1150.71,3.6,66621,128.52
2738,444,2024-02-23 03:26:00,0,0,Electronics,Mumbai,42,Female,1773.31,2.4,58063,13.44
3975,458,2024-11-10 01:09:00,1,0,Clothing,Delhi,30,Male,1462.8,3.9,28547,252.06
1535,867,2024-11-18 02:21:00,1,0,Toys,Kolkata,24,Male,5652.12,2.3,44031,106.64
3917,875,2024-03-22 20:39:00,1,0,Toys,Delhi,20,Female,6425.51,4.1,64999,107.81
4782,948,2024-11-24 01:00:00,1,0,Clothing,Kolkata,56,Female,8618.93,4.6,44501,185.0
2963,659,2024-12-22 23:51:00,1,0,Electronics,Chennai,45,Male,1329.28,4.6,70034,163.27
4898,539,2024-11-30 21:56:00,0,0,Home,Bangalore,46,Female,9756.64,1.6,64007,83.29
4228,575,2024-11-27 07:34:00,0,0,Electronics,Delhi,50,Female,7523.36,4.0,47865,175.42
2102,523,2024-05-24 01:38:00,1,0,Books,Delhi,48,Female,670.83,2.3,48113,61.23
4199,723,2024-01-01 05:32:00,1,0,Clothing,Chennai,26,Female,4585.74,3.3,51968,138.5
4753,746,2024-10-03 21:48:00,1,1,Electronics,Delhi,44,Male,3822.14,3.0,49002,35.73
2558,278,2024-11-15 16:13:00,1,1,Books,Chennai,23,Male,6030.76,3.4,52862,68.16
3035,644,2024-12-11 19:51:00,1,0,Electronics,Mumbai,36,Male,9275.19,3.8,84070,197.35
4991,956,2024-05-11 18:54:00,1,0,Toys,Kolkata,40,Male,6462.11,3.0,17440,254.0
2079,605,2024-12-18 18:43:00,0,0,Books,Kolkata,38,Female,6910.43,4.4,85699,259.53
3158,844,2024-02-25 19:31:00,1,0,Clothing,Bangalore,32,Male,446.49,2.7,69263,65.22
4932,827,2024-07-05 04:57:00,1,1,Clothing,Delhi,36,Female,8575.4,3.1,97959,126.48
3117,262,2024-06-04 12:36:00,1,0,Home,Chennai,50,Male,7219.92,4.9,17621,286.56
1688,657,2024-03-15 00:01:00,1,0,Home,Mumbai,28,Male,2712.96,4.9,12701,290.56
3971,571,2024-07-07 07:16:00,1,0,Toys,Kolkata,33,Female,3464.18,3.0,57720,120.11
4291,648,2024-07-28 13:49:00,1,0,Clothing,Mumbai,53,Male,4667.56,3.4,67338,204.36
2760,962,2024-05-08 20:30:00,1,1,Clothing,Delhi,24,Male,794.16,2.4,63771,141.42
1122,823,2024-06-02 18:53:00,1,0,Home,Kolkata,20,Male,1710.37,4.7,75178,176.36
3070,781,2024-11-14 08:33:00,0,0,Electronics,Bangalore,23,Female,5166.16,2.9,31822,250.54
3240,535,2024-04-29 17:17:00,1,1,Home,Kolkata,54,Female,6952.54,4.4,61857,228.74
1584,746,2024-08-26 17:54:00,1,0,Electronics,Delhi,55,Female,7011.74,2.2,23589,207.0
2927,609,2024-11-22 20:06:00,0,0,Home,Bangalore,32,Male,9378.65,4.6,21134,94.15
1356,375,2024-08-29 17:37:00,1,0,Home,Kolkata,25,Male,584.59,4.3,14303,58.13
3548,458,2024-08-20 13:16:00,1,1,Books,Delhi,41,Female,5185.9,3.0,69833,201.47
2365,190,2024-03-12 04:14:00,1,0,Clothing,Kolkata,41,Male,1351.22,4.7,70391,54.32
4070,457,2024-01-25 07:54:00,0,0,Home,Chennai,55,Female,5392.92,2.0,43500,132.73
1916,773,2024-08-19 17:44:00,0,0,Electronics,Kolkata,52,Female,7692.53,4.7,40177,81.25
1998,702,2024-07-31 12:09:00,0,0,Electronics,Chennai,23,Male,1786.89,3.8,32275,236.79
4635,741,2024-12-24 22:39:00,1,0,Toys,Mumbai,59,Male,4818.49,1.3,46275,67.64
1569,923,2024-04-24 00:08:00,1,0,Toys,Mumbai,18,Male,331.98,4.9,36980,135.7
3487,602,2024-08-01 07:23:00,0,0,Home,Kolkata,18,Female,3464.57,4.6,70192,116.1
4929,710,2024-06-17 01:05:00,1,0,Clothing,Chennai,52,Female,701.09,1.9,80632,128.1
2008,172,2024-10-19 18:21:00,0,0,Toys,Chennai,24,Female,148.68,2.5,52466,278.9
3349,227,2024-10-26 14:39:00,1,0,Electronics,Chennai,26,Female,4934.54,2.8,42549,76.62
1804,963,2024-12-24 07:18:00,0,1,Electronics,Delhi,28,Male,3388.15,2.9,18964,241.13
3398,471,2024-09-22 05:23:00,0,0,Home,Mumbai,34,Male,5003.47,2.1,87355,112.54
1595,817,2024-12-26 13:29:00,1,1,Home,Mumbai,46,Male,5577.51,2.2,36078,96.09
4682,480,2024-06-08 04:33:00,1,0,Home,Mumbai,44,Female,3410.29,2.4,69479,263.32
4127,422,2024-06-17 14:56:00,1,0,Clothing,Mumbai,18,Female,7036.75,2.1,44340,129.15
3572,723,2024-07-12 07:11:00,0,1,Clothing,Chennai,43,Female,1363.5,2.3,75368,205.25
3961,751,2024-12-25 15:44:00,1,0,Toys,Delhi,21,Female,3696.96,1.1,96707,13.28
1091,156,2024-04-05 11:02:00,1,0,Electronics,Mumbai,29,Male,1612.24,3.0,52199,15.29
1062,818,2024-07-14 00:39:00,1,0,Clothing,Mumbai,38,Male,5059.81,2.9,54995,212.52
1474,343,2024-12-14 18:48:00,1,0,Home,Bangalore,28,Female,7146.55,2.0,64140,132.05
4203,260,2024-02-10 00:26:00,1,0,Toys,Delhi,48,Female,1037.34,3.6,55544,251.8
4337,827,2024-09-08 04:06:00,1,0,Toys,Delhi,25,Female,8935.42,3.4,28613,51.52
2680,207,2024-03-09 11:38:00,1,1,Electronics,Mumbai,40,Female,5569.03,2.6,75072,138.23
2008,377,2024-06-22 10:27:00,1,0,Clothing,Chennai,36,Female,7783.71,2.2,62086,212.84
3174,327,2024-12-20 00:39:00,1,1,Electronics,Mumbai,23,Female,7594.44,4.0,51762,24.43
2352,636,2024-12-17 01:59:00,1,0,Electronics,Bangalore,38,Male,2183.94,1.8,58688,97.29
3064,894,2024-10-16 16:58:00,1,1,Clothing,Chennai,22,Male,1562.77,3.5,66657,52.6
1445,753,2024-01-17 15:02:00,0,0,Toys,Chennai,30,Female,9935.15,3.5,96758,11.51
2448,678,2024-08-07 08:00:00,1,0,Toys,Bangalore,33,Male,8485.37,1.2,61732,186.45
1959,934,2024-10-26 05:22:00,1,0,Clothing,Mumbai,25,Female,5087.58,5.0,79001,98.04
2273,277,2024-03-17 12:30:00,1,1,Electronics,Delhi,24,Male,1892.29,1.8,53789,54.6
4534,679,2024-07-20 12:05:00,1,0,Clothing,Bangalore,46,Female,5603.7,2.2,96102,284.63
3030,893,2024-09-26 12:57:00,1,0,Home,Kolkata,41,Female,1744.73,2.3,17426,73.12
2525,208,2024-01-13 04:35:00,0,0,Home,Chennai,51,Female,9484.75,3.7,91722,76.7
4332,368,2024-12-12 13:59:00,1,0,Clothing,Chennai,49,Female,195.71,4.8,90998,269.82
3150,849,2024-06-17 14:06:00,1,0,Toys,Delhi,34,Female,2330.86,3.3,65587,109.53
4606,562,2024-03-26 11:15:00,0,1,Toys,Delhi,58,Female,920.95,2.8,53959,112.73
1173,115,2024-03-09 00:04:00,1,0,Toys,Delhi,41,Male,5582.96,4.9,42069,206.15
2580,436,2024-12-21 07:06:00,1,0,Books,Bangalore,54,Female,165.06,2.6,22262,65.27
4805,200,2024-01-01 16:11:00,1,1,Home,Delhi,50,Female,2434.72,2.9,91871,159.22
4116,944,2024-02-17 15:08:00,0,1,Home,Kolkata,55,Male,4140.41,4.2,94163,224.77
4114,171,2024-05-07 10:31:00,1,1,Books,Delhi,45,Female,4169.61,3.9,24999,60.32
3513,366,2024-09-26 17:48:00,0,0,Electronics,Chennai,59,Male,6001.65,4.0,70246,183.94
3650,181,2024-02-05 00:53:00,0,0,Toys,Kolkata,25,Female,7842.3,2.9,89026,142.01
4593,785,2024-07-13 06:31:00,1,0,Clothing,Chennai,54,Female,6694.68,3.3,31328,94.18
3900,524,2024-05-29 06:15:00,0,0,Electronics,Chennai,51,Male,3739.73,1.4,37728,170.18
4913,209,2024-09-09 21:55:00,1,0,Books,Chennai,28,Male,295.19,1.3,54698,72.29
4624,930,2024-04-15 20:37:00,1,0,Electronics,Chennai,37,Male,7739.38,1.1,98927,12.64
3832,431,2024-11-21 12:25:00,0,0,Books,Delhi,38,Female,5830.42,3.8,64597,280.54
4623,552,2024-10-07 17:01:00,1,0,Books,Chennai,40,Female,7121.82,4.6,16617,116.45
4072,778,2024-06-03 22:15:00,0,0,Books,Bangalore,31,Female,1605.81,1.9,57695,280.98
4950,454,2024-11-07 17:26:00,0,1,Clothing,Bangalore,50,Male,2436.54,3.5,65894,106.48
3796,544,2024-09-03 17:27:00,0,0,Electronics,Chennai,22,Female,545.92,3.2,36979,88.65
4954,794,2024-11-05 10:51:00,1,0,Electronics,Kolkata,31,Male,823.68,3.9,57686,38.35
3318,315,2024-08-06 14:10:00,0,0,Home,Kolkata,38,Male,7532.01,3.3,98541,174.05
4868,701,2024-10-08 16:32:00,0,0,Clothing,Mumbai,39,Male,1311.53,4.2,55850,154.16
3214,837,2024-12-24 22:56:00,1,1,Home,Kolkata,25,Male,2321.3,3.4,48397,226.0
4868,737,2024-03-28 10:00:00,1,0,Electronics,Chennai,29,Female,8533.87,3.6,48290,196.18
3569,562,2024-04-11 05:30:00,1,0,Clothing,Kolkata,56,Female,367.93,3.5,47782,64.21
2275,131,2024-11-09 17:37:00,0,1,Toys,Kolkata,34,Female,4591.4,3.4,91785,204.03
1034,547,2024-10-20 23:48:00,1,0,Toys,Kolkata,33,Female,9304.72,3.0,41959,203.74
1253,448,2024-04-05 06:59:00,1,0,Clothing,Delhi,46,Female,1540.14,4.5,72993,298.95
4278,179,2024-06-14 17:02:00,0,0,Electronics,Bangalore,19,Male,4914.28,3.3,20734,248.48
3220,931,2024-06-01 02:42:00,0,1,Home,Kolkata,42,Female,416.54,4.9,77507,241.45
4760,126,2024-03-06 09:22:00,0,0,Electronics,Delhi,31,Female,1047.52,3.3,24380,281.04
1064,385,2024-11-05 08:55:00,1,0,Toys,Kolkata,49,Female,2080.07,1.5,68862,269.01
2230,940,2024-03-04 00:42:00,1,0,Home,Kolkata,56,Female,4662.67,4.5,86077,217.59
2729,391,2024-03-16 14:46:00,1,0,Books,Chennai,56,Male,2161.53,1.3,51124,34.12
3794,260,2024-02-19 15:24:00,1,0,Clothing,Bangalore,59,Female,747.33,2.2,36791,209.67
3290,988,2024-01-04 18:04:00,1,0,Electronics,Mumbai,58,Male,1637.17,2.2,73512,291.73
1667,813,2024-10-31 03:23:00,1,0,Electronics,Kolkata,29,Female,659.95,3.3,65250,239.68
4224,454,2024-09-05 10:52:00,0,0,Toys,Chennai,34,Male,4258.49,5.0,72636,10.73
3895,228,2024-04-05 14:12:00,0,1,Electronics,Kolkata,20,Male,4431.24,2.5,78758,105.0
2551,233,2024-12-04 11:39:00,0,0,Home,Delhi,43,Male,1867.54,3.3,12168,96.98
1799,166,2024-10-05 16:25:00,1,0,Home,Kolkata,26,Male,799.7,2.3,89902,232.5
2014,556,2024-10-05 18:42:00,1,1,Electronics,Mumbai,52,Male,3013.64,3.8,91111,183.17
1409,569,2024-07-17 02:30:00,1,1,Clothing,Bangalore,29,Male,5218.87,1.9,41585,21.85
3107,527,2024-05-16 23:48:00,0,1,Electronics,Delhi,45,Male,6098.6,4.0,97755,184.17
2882,649,2024-05-27 01:43:00,0,0,Electronics,Mumbai,46,Female,1632.42,3.1,24805,218.06
3799,716,2024-11-29 22:23:00,1,0,Home,Kolkata,21,Male,9955.81,2.3,84066,34.89
2457,960,2024-06-08 10:36:00,1,0,Books,Bangalore,55,Female,7336.84,1.9,34725,274.97
2235,861,2024-02-13 21:34:00,0,0,Toys,Bangalore,46,Male,7394.43,2.0,81371,157.47
4900,540,2024-02-05 16:34:00,1,1,Toys,Kolkata,47,Male,7130.74,4.7,82470,230.29
1394,478,2024-11-22 07:05:00,1,1,Electronics,Bangalore,24,Female,8761.93,4.8,63551,137.25
4074,475,2024-05-27 03:07:00,1,0,Electronics,Kolkata,38,Male,4001.24,4.3,81478,223.6
1945,102,2024-05-11 13:50:00,0,0,Home,Kolkata,20,Male,459.62,5.0,10279,50.5
2278,346,2024-03-02 18:42:00,1,1,Electronics,Bangalore,32,Male,1145.62,4.7,57332,72.58
2707,487,2024-02-21 01:31:00,1,0,Electronics,Kolkata,38,Male,8327.13,2.5,90421,10.11
1491,141,2024-07-05 00:02:00,0,0,Home,Chennai,58,Male,2420.51,4.7,74850,77.63
3041,515,2024-04-25 09:58:00,0,0,Toys,Bangalore,57,Male,1558.17,3.7,55935,104.18
1148,835,2024-10-17 05:13:00,1,0,Home,Mumbai,45,Male,7191.21,2.9,92370,264.25
2849,337,2024-08-21 09:38:00,0,0,Electronics,Kolkata,46,Male,4071.17,2.6,15621,77.6
1181,304,2024-07-23 19:18:00,1,0,Electronics,Bangalore,44,Male,2740.61,3.6,52859,14.24
2822,289,2024-10-18 17:33:00,1,1,Toys,Delhi,25,Male,1082.77,1.8,62806,80.25
3040,227,2024-08-27 02:42:00,1,0,Toys,Chennai,52,Female,8380.02,1.5,79412,172.97
4219,409,2024-10-14 13:22:00,0,0,Clothing,Kolkata,39,Male,681.45,4.0,58398,162.08
3996,489,2024-04-05 11:32:00,1,0,Toys,Mumbai,30,Male,8619.31,3.0,98870,78.18
4522,118,2024-03-25 13:05:00,1,1,Clothing,Delhi,50,Male,6758.68,3.4,96426,218.59
1689,505,2024-05-01 15:33:00,1,0,Home,Chennai,58,Male,3975.39,4.5,52446,296.84
2003,471,2024-09-25 03:16:00,1,0,Home,Mumbai,54,Male,6773.74,2.5,62637,248.8
4084,570,2024-05-29 18:03:00,1,0,Electronics,Kolkata,47,Female,1042.28,1.2,71145,121.06
2039,209,2024-08-13 16:05:00,0,0,Clothing,Chennai,35,Female,5816.08,3.0,52120,242.06
1341,893,2024-01-24 21:21:00,1,0,Books,Bangalore,21,Female,7448.36,1.3,26201,61.63
1054,687,2024-06-10 05:12:00,1,0,Books,Bangalore,28,Male,5301.53,2.5,62751,199.01
3942,304,2024-06-10 22:52:00,1,0,Clothing,Kolkata,43,Male,1921.04,2.4,89919,71.46
4271,812,2024-05-27 16:30:00,1,1,Electronics,Mumbai,30,Female,613.04,1.2,19721,48.53
1188,178,2024-01-15 23:30:00,1,0,Toys,Bangalore,26,Male,2832.02,2.7,20968,174.69
4189,386,2024-12-19 00:15:00,1,0,Electronics,Kolkata,23,Male,3821.01,4.0,72915,159.49
1288,167,2024-03-21 03:52:00,1,0,Electronics,Bangalore,32,Female,6105.25,1.4,83173,256.52
2771,612,2024-10-05 11:25:00,0,0,Electronics,Delhi,43,Male,3838.68,1.4,68797,232.6
4722,417,2024-09-15 10:23:00,1,1,Electronics,Bangalore,31,Female,1360.17,3.2,63858,218.52
4161,414,2024-01-07 13:19:00,0,1,Home,Mumbai,39,Female,7446.22,2.3,29556,287.5
4575,348,2024-06-06 13:53:00,1,0,Home,Bangalore,34,Male,6419.97,2.8,87097,123.95
3976,639,2024-09-17 17:29:00,1,1,Electronics,Chennai,39,Male,624.6,3.6,46788,36.06
3481,345,2024-03-11 07:22:00,1,0,Toys,Chennai,47,Male,4013.93,4.7,80929,24.92
2375,131,2024-05-13 20:52:00,1,1,Electronics,Bangalore,24,Male,6859.19,2.1,47134,94.8
3026,602,2024-05-05 16:34:00,0,0,Clothing,Mumbai,43,Female,3073.52,3.3,34306,18.75
2592,552,2024-07-27 06:41:00,0,0,Home,Mumbai,27,Male,1349.36,3.8,18318,87.95
4919,811,2024-11-13 18:45:00,1,0,Electronics,Kolkata,24,Female,1232.99,3.9,13360,250.28
4404,608,2024-01-03 10:33:00,0,0,Clothing,Kolkata,43,Female,3221.85,2.9,63960,267.02
2568,743,2024-12-20 20:24:00,0,0,Home,Chennai,19,Male,1999.12,1.6,69277,204.97
3328,145,2024-08-21 20:55:00,1,0,Toys,Kolkata,45,Male,3329.27,4.1,72931,127.26
4015,491,2024-11-01 06:31:00,1,0,Toys,Bangalore,20,Female,3317.8,4.7,12813,157.6
2746,436,2024-02-02 20:30:00,1,0,Clothing,Mumbai,52,Female,5048.22,2.4,14472,176.9
2743,523,2024-03-15 23:37:00,1,0,Books,Kolkata,32,Male,8221.35,1.3,41262,54.25
4849,637,2024-08-28 13:39:00,1,0,Toys,Mumbai,50,Male,776.24,3.2,71416,230.72
4954,516,2024-03-25 08:09:00,0,0,Clothing,Delhi,42,Female,2858.77,1.8,29847,7.22
1201,660,2024-01-05 05:31:00,0,0,Toys,Kolkata,58,Male,4575.03,4.2,56255,242.85
4542,124,2024-03-18 21:21:00,1,0,Electronics,Delhi,25,Male,6147.16,3.7,48550,268.52
2306,690,2024-07-02 07:04:00,1,0,Books,Chennai,33,Male,2461.45,1.1,62570,118.99
4363,114,2024-12-08 06:36:00,1,0,Home,Mumbai,48,Male,3213.75,3.3,69882,69.9
2956,747,2024-09-17 21:42:00,1,0,Clothing,Delhi,35,Male,5460.27,3.6,23563,65.34
1335,273,2024-03-22 01:30:00,1,0,Electronics,Mumbai,49,Female,3783.96,4.3,43516,274.78
2629,513,2024-10-10 02:49:00,0,0,Toys,Delhi,24,Female,1977.05,5.0,37547,298.01
3669,787,2024-03-06 03:58:00,1,1,Books,Mumbai,52,Male,3377.57,2.1,22060,233.49
4494,501,2024-08-27 11:59:00,1,0,Electronics,Kolkata,25,Female,5848.59,2.1,73887,287.44
3117,334,2024-05-05 09:47:00,1,0,Electronics,Kolkata,49,Male,2377.08,4.2,30899,74.46
1857,307,2024-05-11 03:19:00,0,0,Electronics,Delhi,56,Male,9753.77,3.6,67198,229.29
3796,276,2024-09-18 05:10:00,0,1,Home,Kolkata,40,Male,1829.7,4.4,87473,266.06
4661,599,2024-05-29 02:14:00,1,0,Electronics,Delhi,58,Male,8848.4,4.4,74434,124.22
2559,487,2024-11-15 01:22:00,1,0,Toys,Mumbai,49,Female,9820.21,2.6,25903,98.69
3497,679,2024-05-24 01:02:00,0,0,Electronics,Chennai,42,Male,2837.43,3.4,35206,60.48
1284,155,2024-08-04 19:25:00,0,0,Home,Mumbai,35,Female,9075.89,4.6,63412,240.16
3883,597,2024-01-18 01:16:00,1,1,Toys,Bangalore,49,Female,9399.62,1.1,31986,59.39
3580,912,2024-06-12 18:13:00,0,0,Electronics,Chennai,32,Female,3002.92,3.7,87991,250.34
2888,817,2024-01-09 20:22:00,1,1,Electronics,Chennai,35,Male,2399.44,1.1,71858,276.47
2371,928,2024-10-03 11:28:00,0,0,Home,Bangalore,58,Female,1248.8,4.2,14844,105.62
1510,958,2024-09-27 02:26:00,1,1,Clothing,Bangalore,33,Female,563.1,2.0,87566,7.26
2790,292,2024-04-08 10:04:00,1,0,Electronics,Chennai,24,Male,512.96,2.9,98877,223.1
3501,630,2024-02-01 19:25:00,1,1,Clothing,Chennai,50,Female,8400.01,2.1,55948,24.06
1307,704,2024-10-10 12:01:00,1,0,Electronics,Delhi,43,Male,7287.37,4.2,73628,154.12
1681,510,2024-08-07 20:46:00,1,0,Clothing,Delhi,23,Female,2596.96,3.3,14598,140.13
3725,491,2024-05-01 00:59:00,0,0,Clothing,Bangalore,34,Female,6831.37,1.4,56182,131.81
2066,559,2024-01-23 21:47:00,1,0,Books,Mumbai,22,Male,818.38,3.1,23359,209.55
3736,244,2024-02-16 18:30:00,0,0,Books,Mumbai,25,Female,5599.6,2.3,51695,284.87
3116,747,2024-07-30 19:39:00,1,1,Toys,Delhi,42,Male,4568.86,4.9,10952,120.45
2247,769,2024-03-11 22:54:00,1,0,Home,Delhi,55,Female,8789.97,2.4,30890,203.45
1052,580,2024-08-23 08:04:00,0,0,Books,Chennai,33,Female,1628.27,3.2,18572,156.57
3215,719,2024-12-23 13:52:00,1,0,Clothing,Delhi,54,Male,2980.91,2.5,13947,211.07
3043,275,2024-03-08 09:24:00,1,0,Electronics,Delhi,29,Female,2278.21,3.9,86949,179.25
4628,867,2024-09-22 08:53:00,1,0,Toys,Kolkata,32,Male,7933.55,3.7,35693,81.93
3293,513,2024-07-03 07:51:00,1,0,Books,Mumbai,20,Male,6534.57,3.3,69001,230.39
4773,269,2024-08-26 12:09:00,1,0,Books,Delhi,23,Male,6419.66,4.4,93380,14.47
2913,783,2024-06-06 16:20:00,1,0,Toys,Delhi,28,Male,3355.93,1.6,99059,191.46
4871,731,2024-06-05 12:12:00,0,1,Electronics,Mumbai,21,Female,9249.99,3.9,60625,136.54
3577,408,2024-03-10 15:38:00,0,0,Clothing,Chennai,40,Male,1709.63,4.1,11717,72.36
1034,122,2024-11-28 02:20:00,1,0,Clothing,Bangalore,58,Male,3291.89,4.1,95596,254.36
1822,353,2024-08-28 00:14:00,1,0,Clothing,Mumbai,35,Female,559.65,1.3,13615,125.64
2448,673,2024-10-05 17:48:00,0,0,Home,Bangalore,51,Male,9507.7,3.3,21609,97.57
4006,766,2024-04-22 09:52:00,1,1,Home,Mumbai,25,Female,3914.17,4.2,82254,269.64
1615,940,2024-01-19 18:51:00,0,1,Home,Kolkata,25,Female,9989.22,3.5,99043,297.49
1721,216,2024-04-18 01:36:00,0,0,Toys,Bangalore,20,Male,3941.55,3.4,19357,242.41
2790,510,2024-08-21 18:20:00,1,0,Home,Chennai,39,Female,8015.43,4.7,85009,150.24
3646,220,2024-06-18 23:44:00,1,0,Books,Delhi,45,Female,957.91,4.8,97062,296.75
1117,955,2024-06-22 06:55:00,1,0,Electronics,Kolkata,48,Female,3521.41,4.2,72029,201.56
1067,595,2024-02-10 18:31:00,1,0,Toys,Kolkata,29,Male,757.5,2.3,46574,11.22
4012,514,2024-01-21 23:59:00,0,1,Clothing,Bangalore,46,Male,4001.01,3.6,74136,278.95
4174,921,2024-04-04 08:15:00,0,0,Books,Mumbai,56,Male,8567.68,3.0,30703,58.94
2250,396,2024-09-28 18:30:00,1,0,Clothing,Chennai,53,Male,5526.63,1.1,98745,268.71
1762,907,2024-11-14 15:15:00,1,0,Books,Bangalore,43,Male,1073.41,2.9,82881,122.34
2281,155,2024-12-01 02:34:00,0,0,Electronics,Kolkata,43,Female,6896.37,3.9,30154,189.55
2493,678,2024-10-24 23:27:00,1,0,Toys,Mumbai,24,Female,2845.89,3.3,24449,111.82
2884,403,2024-11-11 10:19:00,1,0,Home,Bangalore,43,Male,7867.39,3.2,30290,59.05
2173,401,2024-02-06 14:40:00,1,0,Clothing,Delhi,39,Female,5798.1,3.8,29068,204.36
2430,572,2024-07-11 22:03:00,1,0,Clothing,Chennai,25,Male,6856.01,4.8,97692,67.19
3806,871,2024-01-15 23:34:00,1,0,Clothing,Delhi,31,Male,5626.21,3.4,78081,281.69
1735,937,2024-10-01 07:17:00,0,0,Home,Chennai,49,Male,1097.59,2.1,79312,99.85
3439,138,2024-10-11 10:20:00,1,0,Books,Mumbai,31,Female,3042.48,3.6,24464,267.03
1342,854,2024-04-05 02:56:00,1,0,Books,Mumbai,53,Female,8066.49,1.3,17582,278.73
2720,780,2024-09-09 03:19:00,1,0,Toys,Bangalore,18,Female,2907.8,2.6,62429,94.57
2799,324,2024-09-10 21:01:00,1,1,Clothing,Delhi,57,Male,581.05,3.5,53834,86.44
1823,375,2024-12-19 08:45:00,1,1,Electronics,Delhi,21,Male,7670.59,1.1,13624,30.14
1078,955,2024-04-29 00:20:00,1,0,Electronics,Kolkata,38,Female,3977.1,1.2,33396,45.41
2803,918,2024-06-01 20:25:00,0,1,Clothing,Delhi,42,Male,7444.05,3.9,24539,163.05
2629,452,2024-01-18 01:11:00,1,0,Home,Delhi,46,Male,1434.65,4.1,45777,233.62
1815,187,2024-12-06 02:50:00,1,0,Home,Kolkata,49,Male,466.82,2.9,12178,90.45
2999,363,2024-09-19 06:27:00,0,0,Clothing,Kolkata,58,Female,4280.1,3.4,52458,103.46
1247,524,2024-12-27 09:59:00,1,0,Electronics,Kolkata,30,Female,3783.23,4.8,14073,268.56
3884,537,2024-05-01 13:22:00,1,0,Toys,Kolkata,19,Male,848.46,2.5,43871,220.29
1691,419,2024-12-30 16:59:00,1,0,Toys,Kolkata,49,Male,800.39,5.0,12585,209.97
4519,737,2024-06-05 17:26:00,1,0,Toys,Delhi,50,Female,4393.26,1.4,68569,84.04
3586,735,2024-06-04 09:00:00,1,0,Clothing,Chennai,32,Male,3127.78,3.2,74717,51.61
4546,392,2024-12-18 01:43:00,1,0,Clothing,Kolkata,53,Male,1539.6,2.9,75842,21.56
4834,992,2024-07-27 22:31:00,0,1,Home,Mumbai,22,Female,3226.17,4.2,33009,58.25
4923,279,2024-01-13 19:59:00,0,0,Electronics,Kolkata,48,Male,5392.68,2.5,24307,128.66
2410,763,2024-06-06 13:57:00,1,1,Toys,Mumbai,52,Male,1691.51,1.5,36111,66.6
1532,421,2024-10-22 01:09:00,0,0,Toys,Delhi,52,Male,1310.37,2.2,58550,211.06
2505,738,2024-03-10 07:44:00,0,1,Toys,Bangalore,18,Female,978.71,4.3,80887,172.86
4914,549,2024-05-25 11:11:00,1,0,Toys,Chennai,24,Female,1169.55,1.2,56495,157.65
3013,133,2024-01-15 00:39:00,1,0,Books,Mumbai,28,Female,7008.02,2.7,92913,216.31
3910,950,2024-11-24 17:37:00,1,0,Electronics,Bangalore,53,Female,7627.76,1.2,33336,132.76
1566,603,2024-02-01 06:36:00,1,0,Toys,Bangalore,23,Male,5394.43,2.3,22417,102.36
3309,870,2024-11-07 12:53:00,0,0,Clothing,Mumbai,18,Male,3532.35,4.6,56772,97.65
3604,655,2024-04-23 10:15:00,1,0,Clothing,Delhi,32,Female,7844.48,3.8,11812,103.35
1780,780,2024-05-05 23:51:00,0,0,Clothing,Bangalore,32,Female,4184.59,4.4,35833,254.8
1347,572,2024-04-07 02:16:00,1,0,Electronics,Chennai,23,Male,8630.31,3.1,59875,193.56
2026,750,2024-03-15 08:29:00,1,0,Clothing,Delhi,30,Female,8390.46,2.3,45703,87.7
4478,748,2024-04-20 09:59:00,1,1,Electronics,Delhi,55,Female,3497.42,3.1,20828,76.12
2823,233,2024-08-26 02:47:00,1,0,Clothing,Chennai,49,Female,9877.64,2.0,57401,29.75
2074,193,2024-12-11 07:18:00,1,0,Home,Kolkata,45,Female,4002.8,2.8,25620,80.74
3668,624,2024-09-08 07:39:00,0,0,Electronics,Chennai,37,Male,1353.25,1.1,89934,271.19
1986,438,2024-02-26 15:17:00,1,0,Clothing,Kolkata,57,Male,4765.02,2.0,28497,248.24
3613,597,2024-09-01 17:42:00,1,0,Home,Chennai,24,Female,107.56,4.9,84754,126.49
2433,955,2024-06-29 06:20:00,0,0,Books,Chennai,55,Female,6414.43,2.8,98175,293.35
4900,881,2024-06-01 16:02:00,0,0,Electronics,Kolkata,27,Female,6832.6,1.1,74220,286.04
4587,117,2024-11-27 11:48:00,0,1,Books,Mumbai,41,Male,7571.42,3.8,44972,164.62
4323,647,2024-01-29 16:31:00,1,0,Clothing,Bangalore,59,Male,6014.91,2.6,19009,249.66
2577,412,2024-09-18 06:20:00,0,1,Home,Kolkata,30,Male,9107.87,1.6,69382,85.15
4397,648,2024-07-27 04:48:00,0,0,Home,Kolkata,24,Female,6428.83,4.5,81678,232.63
2203,227,2024-02-16 10:06:00,1,0,Clothing,Chennai,59,Male,6509.7,3.8,51385,242.29
1479,476,2024-11-10 16:35:00,1,0,Home,Bangalore,53,Female,4436.66,4.7,61374,210.71
2581,697,2024-03-01 06:27:00,0,0,Electronics,Kolkata,22,Female,6432.0,3.8,26804,87.8
3791,713,2024-12-19 04:25:00,1,0,Toys,Mumbai,19,Male,1007.11,1.2,90384,295.17
2942,174,2024-08-21 01:54:00,1,0,Electronics,Kolkata,53,Female,1784.26,1.7,93643,208.06
3030,470,2024-12-27 21:20:00,1,0,Electronics,Mumbai,40,Female,4897.56,2.3,62592,173.62
3070,470,2024-11-17 16:50:00,0,1,Electronics,Kolkata,41,Male,5524.69,4.3,82679,63.11
3425,918,2024-12-23 07:54:00,1,0,Clothing,Chennai,48,Male,3509.49,1.9,35100,130.88
1117,360,2024-05-04 09:47:00,0,0,Home,Bangalore,55,Female,6308.04,3.7,95429,147.91
2087,775,2024-11-26 23:40:00,1,0,Home,Chennai,38,Female,6151.01,2.6,40785,21.18
1372,905,2024-10-24 00:37:00,1,1,Books,Bangalore,34,Female,332.69,4.1,59838,55.82
3691,919,2024-06-13 17:53:00,1,0,Electronics,Chennai,57,Male,2497.25,1.5,27203,101.98
1421,888,2024-10-22 13:10:00,1,0,Clothing,Delhi,22,Female,9504.7,4.5,33350,285.39
1863,201,2024-02-27 20:19:00,1,1,Clothing,Delhi,20,Female,9863.43,1.2,23342,234.08
3691,865,2024-05-15 09:37:00,0,0,Clothing,Kolkata,46,Female,9026.24,4.3,67092,17.7
2218,778,2024-01-29 07:04:00,1,1,Books,Delhi,36,Female,7972.08,1.2,37417,179.31
4014,952,2024-10-25 06:30:00,0,0,Clothing,Chennai,26,Female,4090.22,4.2,99308,88.09
4792,956,2024-04-03 05:24:00,0,1,Home,Delhi,21,Male,3039.46,4.4,49318,67.16
4361,760,2024-07-04 02:21:00,0,0,Clothing,Bangalore,22,Female,8593.23,1.9,35576,225.03
2728,608,2024-09-19 22:37:00,1,0,Books,Mumbai,21,Male,2590.5,4.4,45594,298.53
2973,287,2024-05-29 05:03:00,1,0,Electronics,Delhi,34,Female,5363.46,1.8,98137,280.3
1861,562,2024-06-08 02:57:00,1,0,Clothing,Chennai,24,Female,5217.38,3.2,32568,159.46
2194,229,2024-02-21 23:05:00,1,1,Books,Bangalore,24,Female,5118.62,4.2,62946,137.21
1054,368,2024-07-11 11:41:00,1,0,Electronics,Delhi,30,Male,3597.56,4.5,50581,162.77
3762,608,2024-09-07 19:56:00,0,0,Toys,Chennai,23,Male,7924.38,3.4,29078,62.79
4999,358,2024-08-18 09:21:00,0,0,Clothing,Kolkata,27,Female,1933.99,1.6,60684,73.23
4650,889,2024-04-29 06:59:00,1,1,Electronics,Chennai,51,Male,5212.96,2.9,60274,239.8
3761,852,2024-06-19 11:03:00,1,0,Clothing,Mumbai,23,Female,4347.84,3.9,26418,32.43
4941,923,2024-05-07 10:29:00,1,0,Electronics,Delhi,51,Female,4742.54,3.3,84612,79.53
2903,910,2024-09-01 12:11:00,0,0,Home,Kolkata,56,Female,5507.2,3.6,90667,274.64
1643,485,2024-04-05 04:09:00,1,0,Home,Delhi,58,Male,9324.91,3.9,30292,222.97
1420,295,2024-06-11 13:49:00,0,0,Home,Chennai,29,Male,7178.17,4.0,80945,100.33
4831,374,2024-12-12 10:31:00,1,0,Home,Mumbai,21,Female,9339.19,4.9,82488,273.94
4027,673,2024-10-11 01:37:00,1,0,Electronics,Mumbai,51,Female,5532.59,2.8,53523,217.1
3359,623,2024-01-23 04:35:00,1,0,Electronics,Bangalore,18,Male,8601.5,4.8,99964,68.26
1201,913,2024-02-02 06:47:00,0,1,Home,Bangalore,53,Female,1600.23,4.1,45402,58.24
3894,715,2024-01-20 20:25:00,0,0,Electronics,Chennai,28,Female,2761.94,4.3,52245,159.62
2624,467,2024-01-19 22:06:00,1,0,Toys,Delhi,40,Female,9173.3,4.2,82655,250.61
1476,857,2024-10-04 05:09:00,1,0,Toys,Mumbai,18,Female,560.18,1.8,68795,194.59
3854,962,2024-09-07 23:15:00,1,0,Home,Delhi,48,Male,4448.78,4.0,78529,282.74
4474,969,2024-07-26 22:57:00,1,0,Electronics,Bangalore,31,Male,214.55,4.4,24826,134.75
3181,454,2024-09-29 00:34:00,1,1,Home,Bangalore,44,Male,7038.89,2.9,15044,122.56
1294,146,2024-07-12 08:03:00,1,0,Home,Mumbai,34,Male,3191.16,3.2,95457,100.76
3618,512,2024-02-11 05:44:00,1,0,Home,Chennai,56,Female,2070.63,3.6,16045,186.79
2539,158,2024-04-10 14:03:00,1,0,Clothing,Bangalore,52,Male,9994.76,1.8,99565,104.77
1563,814,2024-04-08 06:12:00,1,0,Home,Delhi,48,Female,7240.08,5.0,51039,219.29
1130,426,2024-06-10 20:40:00,1,0,Home,Mumbai,48,Female,5097.55,1.4,31404,239.94
4959,109,2024-03-31 19:25:00,1,1,Books,Chennai,34,Male,2524.39,4.6,63731,48.88
3000,856,2024-04-21 14:30:00,1,0,Clothing,Delhi,46,Female,5707.63,4.1,14670,265.93
1090,221,2024-02-26 06:43:00,1,0,Electronics,Bangalore,44,Female,1813.07,2.3,18631,85.73
4182,260,2024-05-29 09:37:00,1,0,Books,Chennai,44,Male,1019.23,3.5,44872,220.72
4932,910,2024-09-04 08:38:00,0,0,Electronics,Chennai,30,Male,7068.77,4.6,66917,41.25
4244,994,2024-05-12 07:05:00,1,0,Electronics,Chennai,37,Female,1098.42,2.0,99663,41.66
3260,662,2024-02-05 09:17:00,1,0,Home,Chennai,42,Male,2774.99,5.0,23981,27.5
4203,441,2024-08-20 01:38:00,0,0,Electronics,Bangalore,36,Female,9311.33,2.2,96357,182.35
2269,134,2024-11-14 09:11:00,0,0,Electronics,Mumbai,26,Male,1016.88,2.5,77184,280.64
3558,387,2024-10-30 20:32:00,1,0,Toys,Mumbai,28,Male,1197.24,1.1,36778,214.25
3669,868,2024-12-23 09:48:00,1,0,Electronics,Delhi,35,Female,7618.37,2.7,64953,24.27
1257,747,2024-02-17 15:51:00,1,1,Clothing,Kolkata,36,Female,5122.82,1.3,65589,239.44
1431,852,2024-07-28 05:09:00,1,0,Clothing,Bangalore,25,Female,4081.85,3.4,99309,209.43
3759,160,2024-07-07 23:35:00,1,1,Home,Delhi,43,Male,2285.28,3.4,54531,171.72
2468,256,2024-09-02 05:37:00,1,1,Clothing,Mumbai,37,Male,9723.6,1.5,48200,16.17
2033,159,2024-06-28 20:27:00,1,0,Clothing,Chennai,24,Female,2348.29,2.3,28007,216.44
3027,377,2024-02-01 22:09:00,1,0,Home,Bangalore,38,Male,2665.22,3.6,60664,196.64
2422,346,2024-10-04 05:51:00,0,0,Toys,Mumbai,55,Female,8405.95,4.1,36888,6.66
2903,987,2024-08-29 04:20:00,0,0,Toys,Bangalore,19,Female,1397.74,4.7,66899,15.9
4158,838,2024-06-05 15:08:00,1,0,Toys,Delhi,22,Male,2085.42,4.3,26261,286.44
2607,316,2024-04-11 07:49:00,0,0,Home,Kolkata,20,Female,797.3,1.8,29788,35.78
1083,191,2024-01-31 19:21:00,0,0,Books,Kolkata,34,Male,472.0,1.8,73605,93.26
1397,431,2024-03-27 05:44:00,1,0,Toys,Mumbai,59,Female,5466.02,1.2,71668,275.61
2491,392,2024-06-02 20:25:00,0,0,Electronics,Mumbai,29,Female,9360.93,1.1,75349,59.89
2536,962,2024-06-05 05:00:00,1,0,Clothing,Bangalore,44,Female,6622.74,4.2,82524,230.22
4908,502,2024-12-20 16:16:00,1,1,Clothing,Chennai,30,Male,4627.8,4.5,13650,279.68
1183,128,2024-02-23 05:19:00,0,0,Toys,Mumbai,21,Female,3801.54,4.4,51140,108.87
4767,764,2024-02-13 07:32:00,1,0,Toys,Mumbai,20,Male,6484.11,2.2,87659,151.84
3550,488,2024-06-02 14:22:00,0,0,Electronics,Delhi,42,Male,9842.91,3.1,49891,65.18
4270,339,2024-12-09 02:06:00,1,0,Home,Chennai,46,Female,3514.84,2.6,37058,33.17
1179,270,2024-02-19 11:46:00,1,0,Toys,Chennai,48,Male,7018.45,2.9,93552,115.79
1007,417,2024-09-06 07:39:00,1,0,Electronics,Mumbai,26,Male,7854.34,2.3,36483,154.07
2382,618,2024-11-07 22:00:00,0,0,Clothing,Mumbai,49,Male,2943.06,4.4,41773,134.88
4475,938,2024-04-11 19:23:00,0,0,Home,Chennai,35,Male,8836.61,1.8,17258,251.7
2030,195,2024-12-19 18:00:00,0,0,Toys,Delhi,43,Female,9301.67,4.6,97468,216.27
4702,288,2024-05-05 14:14:00,1,0,Toys,Chennai,29,Male,2501.32,2.6,65152,165.99
2392,105,2024-06-05 11:09:00,1,0,Clothing,Kolkata,59,Male,2899.61,3.1,58401,174.38
1559,355,2024-04-09 16:45:00,1,1,Toys,Mumbai,53,Male,8168.85,3.5,14900,221.58
2627,479,2024-11-21 09:40:00,1,0,Toys,Kolkata,36,Male,5668.03,3.0,98000,109.75
3823,339,2024-06-27 15:27:00,1,1,Clothing,Mumbai,45,Male,2763.96,1.2,99049,248.3
4072,179,2024-02-01 23:30:00,1,1,Home,Bangalore,53,Female,7900.34,1.1,42551,224.25
1058,528,2024-06-30 01:26:00,1,0,Electronics,Chennai,39,Female,6286.32,2.0,90920,147.32
2450,123,2024-08-09 15:40:00,1,0,Electronics,Kolkata,37,Female,6999.16,4.0,74936,283.14
4182,286,2024-07-21 23:54:00,0,0,Electronics,Bangalore,41,Male,1685.59,4.6,81786,137.66
4555,294,2024-09-11 17:00:00,1,0,Toys,Chennai,21,Male,9104.45,3.0,24008,187.37
3699,658,2024-12-24 21:11:00,1,0,Books,Chennai,38,Female,7790.52,1.0,95391,279.33
1927,452,2024-05-06 06:59:00,0,0,Clothing,Kolkata,27,Female,1129.25,3.0,76129,13.87
4160,169,2024-06-18 15:52:00,1,0,Clothing,Chennai,50,Female,3626.99,2.0,27079,121.87
1645,399,2024-08-03 12:34:00,0,0,Home,Chennai,29,Female,5374.08,1.9,11547,27.77
2411,474,2024-02-06 16:57:00,0,1,Toys,Bangalore,22,Male,1239.87,1.1,54842,213.04
3442,822,2024-12-28 15:33:00,1,0,Books,Kolkata,32,Female,7530.99,4.3,60776,173.96
1501,816,2024-10-01 03:57:00,1,0,Clothing,Mumbai,56,Male,3522.13,1.1,92303,293.23
1606,602,2024-10-15 18:58:00,0,0,Toys,Bangalore,30,Female,4748.02,4.3,30039,254.09
4475,690,2024-11-01 03:48:00,1,0,Electronics,Bangalore,48,Male,235.91,3.4,68974,88.51
1778,221,2024-10-31 04:17:00,0,0,Home,Delhi,40,Male,1117.56,4.5,45132,14.45
2242,253,2024-03-05 12:15:00,1,0,Toys,Bangalore,18,Female,1668.25,4.2,42515,290.3
2983,639,2024-12-05 05:15:00,1,0,Electronics,Kolkata,40,Female,1005.61,2.5,96064,196.34
1947,391,2024-08-26 08:46:00,1,0,Books,Bangalore,53,Male,9572.52,1.2,32606,27.25
2922,182,2024-04-22 12:49:00,1,0,Home,Bangalore,49,Female,4798.31,2.2,60307,281.21
2303,575,2024-07-07 08:45:00,0,1,Electronics,Kolkata,26,Male,3569.93,4.9,27384,90.5
2483,180,2024-12-15 10:26:00,0,1,Home,Kolkata,44,Male,8027.52,3.2,88477,293.62
2823,923,2024-05-14 17:25:00,0,0,Toys,Bangalore,34,Male,8261.03,2.9,51696,87.72
3206,283,2024-12-19 03:30:00,0,0,Electronics,Chennai,48,Female,6270.96,3.0,21351,58.06
2492,134,2024-10-16 01:02:00,1,1,Toys,Chennai,54,Female,4441.65,1.2,47664,174.74
3369,272,2024-06-04 07:43:00,1,1,Home,Chennai,55,Male,1758.43,4.1,35627,105.31
4627,608,2024-08-30 23:11:00,1,0,Clothing,Bangalore,24,Male,1940.38,2.0,30783,240.52
3641,932,2024-07-16 01:51:00,1,1,Toys,Bangalore,42,Male,9977.76,2.8,54406,279.75
2636,421,2024-04-11 00:35:00,1,0,Electronics,Delhi,41,Female,3150.01,1.0,91458,37.92
1352,931,2024-05-12 06:24:00,1,0,Clothing,Chennai,47,Male,1974.33,2.4,16680,44.9
3018,652,2024-11-06 00:11:00,1,0,Toys,Chennai,35,Male,7353.63,2.3,94562,249.19
2542,591,2024-04-06 02:18:00,1,0,Toys,Delhi,35,Male,6681.94,2.7,56330,130.53
1506,409,2024-04-10 03:45:00,1,1,Home,Delhi,22,Female,7182.36,3.5,41212,25.1
1852,214,2024-05-11 02:29:00,0,0,Clothing,Chennai,35,Male,5201.8,3.1,16253,65.4
2396,978,2024-05-20 23:57:00,1,0,Books,Delhi,29,Female,9186.86,1.1,51728,119.01
4088,213,2024-11-02 18:49:00,0,0,Electronics,Delhi,39,Male,3062.17,2.1,72572,225.82
3001,989,2024-01-12 13:06:00,1,0,Clothing,Chennai,56,Female,4509.87,2.9,51043,53.53
4476,446,2024-12-07 19:29:00,1,0,Books,Kolkata,48,Female,505.73,2.2,94501,89.37
3231,690,2024-12-23 02:15:00,1,0,Books,Kolkata,45,Male,202.91,1.3,89046,52.18
1102,191,2024-03-12 23:03:00,1,0,Clothing,Kolkata,59,Male,4975.82,3.6,96985,182.06
4403,792,2024-10-02 02:18:00,1,0,Toys,Kolkata,55,Male,3394.08,2.4,78145,41.64
2509,356,2024-08-28 14:15:00,0,0,Electronics,Delhi,54,Female,7500.42,1.1,47165,63.28
3050,405,2024-12-18 12:16:00,0,0,Toys,Delhi,26,Female,8698.5,2.6,94728,102.65
1390,785,2024-06-28 02:12:00,1,0,Toys,Delhi,27,Male,3716.18,4.6,69898,96.39
2802,312,2024-05-24 07:04:00,1,0,Books,Kolkata,22,Male,9104.7,2.7,88814,38.73
2190,886,2024-11-28 19:23:00,1,0,Electronics,Delhi,26,Female,5760.82,4.2,63184,162.45
1181,684,2024-08-10 00:02:00,0,0,Toys,Chennai,31,Male,3814.25,3.0,85695,197.32
2628,707,2024-02-24 20:35:00,1,1,Home,Mumbai,26,Female,7355.18,2.0,31009,255.87
1113,533,2024-08-27 10:38:00,0,0,Electronics,Kolkata,56,Male,1625.81,2.8,63261,71.27
2143,969,2024-01-19 16:58:00,1,0,Clothing,Delhi,50,Female,9213.33,2.5,78333,281.14
4782,397,2024-07-14 03:11:00,1,0,Electronics,Delhi,41,Female,1471.4,1.6,67349,117.21
3597,541,2024-02-22 19:36:00,1,0,Clothing,Chennai,51,Male,4689.24,2.4,56436,296.03
1858,813,2024-02-13 05:51:00,1,0,Electronics,Chennai,32,Female,7624.98,3.6,92280,130.74
1135,626,2024-12-14 13:29:00,1,1,Clothing,Bangalore,59,Female,8940.82,4.5,74422,120.38
1170,768,2024-07-22 21:43:00,1,0,Books,Kolkata,48,Male,4305.4,3.4,98518,22.08
2202,450,2024-04-09 12:50:00,1,0,Toys,Kolkata,26,Female,8789.53,2.6,52689,258.05
4168,469,2024-12-09 02:36:00,1,1,Home,Kolkata,44,Male,8688.65,1.2,97883,207.56
2922,714,2024-06-06 19:41:00,1,1,Toys,Mumbai,53,Female,802.98,1.4,41980,98.21
2338,181,2024-07-09 04:43:00,0,0,Electronics,Delhi,34,Female,521.84,3.8,55453,258.82
3758,220,2024-08-31 01:47:00,1,1,Toys,Kolkata,42,Female,1210.17,4.6,55455,150.19
1760,862,2024-09-07 06:03:00,0,0,Books,Bangalore,32,Male,8162.73,2.4,45269,7.56
1296,290,2024-06-25 11:07:00,1,1,Books,Chennai,44,Female,3192.25,1.7,70889,69.6
3567,172,2024-10-23 07:37:00,1,1,Clothing,Bangalore,45,Female,8331.09,4.5,30005,95.22
1712,919,2024-04-17 20:00:00,1,0,Clothing,Delhi,21,Female,476.38,3.6,17178,281.02
3066,996,2024-06-17 06:09:00,1,0,Toys,Bangalore,40,Male,9314.18,3.1,69182,195.37
2969,361,2024-02-07 13:48:00,1,0,Home,Kolkata,19,Female,4223.54,4.6,57454,63.38
2781,297,2024-11-04 06:52:00,1,0,Books,Delhi,54,Female,5433.47,4.0,85221,96.79
1219,943,2024-07-10 15:59:00,0,0,Books,Kolkata,37,Male,7352.43,3.1,48865,27.24
4617,508,2024-03-07 19:58:00,0,1,Clothing,Chennai,29,Male,2952.19,2.8,36340,220.91
3096,798,2024-04-26 09:43:00,1,0,Toys,Delhi,56,Female,2040.38,2.0,31114,189.38
1147,431,2024-01-14 03:24:00,1,0,Clothing,Bangalore,21,Male,3278.44,3.5,78257,124.22
2363,294,2024-02-23 13:49:00,1,0,Home,Chennai,57,Male,1962.75,4.5,60547,225.57
1672,878,2024-07-15 03:16:00,1,1,Electronics,Delhi,19,Male,2383.1,1.8,95642,102.85
1364,457,2024-12-05 10:47:00,0,0,Electronics,Chennai,52,Female,6636.85,3.4,83947,161.03
1453,396,2024-10-24 18:48:00,1,0,Books,Chennai,19,Male,5567.95,4.7,13641,60.11
4814,844,2024-01-13 20:09:00,0,0,Electronics,Chennai,32,Male,9626.88,4.4,13691,45.87
3019,129,2024-02-01 17:17:00,0,0,Books,Bangalore,33,Male,3343.57,3.9,71490,120.76
3973,437,2024-12-13 09:40:00,1,1,Toys,Mumbai,49,Male,7041.0,2.2,38106,282.75
2259,807,2024-10-30 11:00:00,1,0,Toys,Kolkata,33,Male,6080.49,4.8,68263,289.39
4158,554,2024-02-23 03:29:00,1,0,Electronics,Mumbai,47,Male,9604.9,1.8,96949,165.59
4903,927,2024-02-18 01:51:00,1,0,Toys,Delhi,45,Male,3199.26,3.5,11835,137.03
2339,428,2024-01-18 18:17:00,0,0,Books,Bangalore,29,Female,6011.88,4.5,87398,269.3
3859,686,2024-03-03 05:07:00,1,1,Toys,Bangalore,43,Male,1883.94,4.9,87575,254.39
4193,191,2024-01-03 12:35:00,1,0,Clothing,Bangalore,44,Male,3024.04,4.5,98476,205.16
1613,246,2024-01-10 04:59:00,0,0,Home,Chennai,23,Male,9542.02,2.3,55083,225.47
2895,706,2024-09-20 01:48:00,1,0,Home,Kolkata,46,Male,4984.0,1.9,41087,23.94
2694,828,2024-06-15 16:01:00,1,0,Home,Delhi,58,Male,7910.03,1.4,63085,98.02
4839,846,2024-11-22 22:40:00,0,1,Home,Chennai,19,Female,767.73,4.2,90575,100.95
2661,829,2024-08-18 20:11:00,1,0,Clothing,Bangalore,36,Female,200.31,2.4,97924,283.72
1140,482,2024-12-15 16:42:00,1,1,Toys,Mumbai,54,Female,7267.14,4.2,56014,107.27
2948,915,2024-06-22 23:08:00,1,1,Electronics,Bangalore,43,Male,1948.5,4.8,59198,285.11
4664,829,2024-03-28 10:31:00,0,0,Toys,Bangalore,30,Male,4689.11,3.4,96079,280.71
4399,352,2024-01-30 10:10:00,0,1,Home,Kolkata,41,Male,5036.45,2.6,54264,23.04
4391,586,2024-04-18 23:50:00,1,0,Home,Kolkata,49,Male,2330.98,2.0,58411,99.37
4414,493,2024-11-27 03:52:00,0,1,Books,Kolkata,58,Female,6564.3,2.5,14715,215.09
2401,274,2024-07-05 07:58:00,0,0,Books,Delhi,34,Male,2642.23,3.5,76836,186.51
3318,509,2024-12-03 23:23:00,1,0,Clothing,Delhi,18,Male,9866.95,5.0,65470,14.51
4196,989,2024-11-25 17:03:00,1,0,Books,Chennai,42,Female,9751.29,4.9,81034,241.99
2578,465,2024-11-18 23:48:00,1,0,Electronics,Delhi,38,Male,9900.91,4.1,70508,91.86
2424,128,2024-06-25 10:34:00,1,0,Books,Chennai,42,Female,721.61,3.3,42394,139.44
4851,725,2024-07-19 01:21:00,1,1,Clothing,Kolkata,21,Female,1713.14,1.3,66183,21.44
1747,669,2024-07-11 08:06:00,1,0,Clothing,Delhi,59,Female,7428.11,1.3,85462,172.45
1519,640,2024-09-17 20:14:00,1,1,Clothing,Mumbai,48,Male,6280.54,1.2,98735,196.13
3511,510,2024-08-06 03:06:00,1,0,Home,Bangalore,36,Male,3983.58,4.4,11861,25.32
4010,306,2024-06-07 03:25:00,0,0,Clothing,Delhi,45,Female,1129.49,3.6,23630,146.16
4928,755,2024-01-10 20:03:00,1,0,Electronics,Delhi,54,Male,4235.14,1.8,85922,5.61
4586,267,2024-10-23 23:36:00,1,0,Electronics,Bangalore,23,Female,8740.93,4.4,57176,162.52
3688,444,2024-02-02 16:37:00,0,0,Home,Chennai,30,Male,8049.33,2.0,95919,169.14
4929,534,2024-01-28 07:09:00,1,0,Home,Chennai,39,Female,3157.3,3.7,28874,258.79
1336,353,2024-08-05 20:34:00,1,0,Clothing,Kolkata,58,Male,5990.46,4.0,90619,172.09
2536,222,2024-01-04 09:18:00,1,0,Electronics,Delhi,41,Male,8520.78,3.7,93377,172.33
4384,126,2024-03-04 16:53:00,0,0,Toys,Chennai,57,Female,1788.63,1.4,51464,151.06
3114,537,2024-07-13 18:24:00,0,0,Books,Mumbai,39,Male,4389.86,1.9,76746,130.94
2090,153,2024-12-19 00:35:00,0,0,Home,Chennai,57,Female,1502.56,2.5,95305,101.35
4174,991,2024-03-31 10:58:00,1,0,Books,Kolkata,39,Male,528.22,3.8,32497,141.36
3698,333,2024-03-19 06:59:00,1,0,Toys,Kolkata,29,Female,2281.28,4.0,97067,122.46
2962,336,2024-01-18 16:05:00,1,0,Home,Delhi,44,Female,2793.39,3.3,63831,296.64
3549,271,2024-03-08 10:18:00,0,1,Electronics,Chennai,52,Male,2319.08,1.3,44306,250.41
2948,542,2024-06-21 10:38:00,0,0,Home,Chennai,48,Female,3456.12,2.4,23583,26.56
3549,486,2024-05-16 19:08:00,0,0,Toys,Bangalore,48,Male,1848.42,2.4,82238,244.14
3128,673,2024-09-17 09:08:00,1,0,Books,Bangalore,46,Female,3960.52,1.1,56725,45.27
2681,338,2024-05-06 19:27:00,1,0,Electronics,Bangalore,40,Female,7565.42,2.5,25024,171.39
2634,129,2024-07-19 02:24:00,0,0,Home,Kolkata,42,Female,9743.03,2.2,42717,111.26
3461,867,2024-04-13 04:51:00,1,0,Books,Chennai,26,Female,7766.93,3.0,82971,44.82
4099,358,2024-07-14 01:33:00,0,0,Clothing,Chennai,38,Male,3266.12,1.6,46614,52.35
1349,356,2024-10-10 20:55:00,1,0,Toys,Mumbai,55,Female,8803.79,4.0,15978,100.26
3350,365,2024-01-27 23:15:00,0,0,Electronics,Kolkata,46,Female,6038.36,1.3,69710,254.39
4816,181,2024-12-23 09:24:00,0,0,Toys,Mumbai,36,Male,8207.82,2.5,19095,230.66
1699,996,2024-02-18 23:04:00,1,0,Clothing,Delhi,37,Male,5935.15,4.9,15818,165.6
1191,462,2024-04-12 03:06:00,1,1,Books,Kolkata,37,Male,2462.51,3.1,63794,276.63
2829,349,2024-03-16 18:45:00,1,0,Toys,Kolkata,52,Male,3766.43,2.1,78944,174.79
3429,956,2024-07-01 21:11:00,0,0,Toys,Chennai,32,Male,5174.72,1.2,28426,77.63
4018,518,2024-11-12 08:14:00,0,0,Toys,Bangalore,38,Male,5686.27,3.8,98071,80.21
4830,966,2024-12-26 00:24:00,0,0,Home,Mumbai,49,Female,953.01,1.2,19707,181.09
1802,592,2024-09-13 06:01:00,1,0,Electronics,Delhi,37,Female,5130.57,1.7,73353,233.77
4087,875,2024-06-10 09:01:00,1,0,Electronics,Chennai,32,Female,7429.38,3.1,23483,195.9
4565,115,2024-07-21 12:20:00,0,1,Books,Delhi,59,Female,9312.08,4.8,62106,244.26
1612,822,2024-10-15 20:28:00,0,0,Clothing,Chennai,38,Female,8654.85,2.0,83960,201.3
3316,366,2024-09-07 21:47:00,1,0,Clothing,Kolkata,24,Female,4702.44,3.7,84020,258.99
3495,296,2024-10-07 13:19:00,0,0,Home,Bangalore,37,Female,3151.94,4.5,44094,131.11
3802,549,2024-12-17 02:56:00,1,0,Clothing,Bangalore,41,Male,8683.26,2.4,53536,78.32
4743,427,2024-10-24 16:08:00,1,0,Electronics,Bangalore,31,Female,225.18,2.5,66550,202.27
4564,559,2024-12-06 13:19:00,1,0,Home,Kolkata,30,Male,1796.52,3.3,73486,149.91
4551,884,2024-01-14 07:04:00,1,0,Books,Mumbai,40,Male,4951.96,4.5,74868,26.93
4907,981,2024-03-11 20:22:00,1,0,Clothing,Kolkata,24,Male,7841.7,2.7,33219,8.19
4382,697,2024-03-22 01:15:00,1,0,Books,Mumbai,54,Female,7825.75,1.8,20050,57.51
4774,185,2024-04-29 12:58:00,1,0,Toys,Kolkata,50,Female,3736.38,4.7,11227,226.93
2948,335,2024-07-09 09:52:00,1,1,Clothing,Delhi,47,Female,9931.42,3.6,86150,231.75
4480,887,2024-12-15 03:16:00,1,0,Toys,Bangalore,54,Female,1079.13,3.4,33778,18.05
1931,295,2024-07-03 21:32:00,1,0,Clothing,Delhi,42,Male,8482.65,2.9,33566,191.4
2021,899,2024-10-10 00:23:00,1,0,Electronics,Delhi,33,Female,3511.64,4.9,95990,94.08
4448,889,2024-07-10 15:36:00,1,0,Toys,Chennai,59,Male,2966.57,1.1,32152,81.59
2449,653,2024-02-22 08:56:00,1,0,Electronics,Chennai,45,Male,4084.73,2.1,57441,154.92
4234,324,2024-04-15 21:35:00,0,0,Clothing,Chennai,44,Female,3614.81,2.8,93646,40.62
1193,201,2024-12-10 16:51:00,1,0,Clothing,Mumbai,24,Male,1961.3,2.1,51567,238.5
2018,353,2024-07-27 03:25:00,1,1,Books,Bangalore,41,Male,3353.87,3.3,69870,180.85
2850,964,2024-05-07 15:01:00,1,1,Electronics,Delhi,37,Male,4534.43,4.2,32138,238.54
4878,965,2024-09-14 17:36:00,0,0,Home,Mumbai,49,Male,8151.62,2.8,85307,272.04
4142,876,2024-06-05 15:21:00,0,1,Home,Chennai,58,Male,315.53,4.7,69202,192.32
3216,122,2024-01-19 03:29:00,1,1,Clothing,Bangalore,26,Male,2398.63,3.7,92467,107.55
1935,707,2024-07-23 23:35:00,1,0,Books,Kolkata,40,Male,4968.3,3.7,78678,81.95
3446,676,2024-03-05 09:34:00,0,0,Books,Chennai,53,Male,3541.29,2.5,43627,119.06
3259,306,2024-03-08 15:09:00,1,0,Clothing,Delhi,42,Female,9883.3,3.3,30766,214.28
2168,922,2024-02-14 20:25:00,1,0,Books,Bangalore,35,Female,1819.17,1.9,88237,180.24
2121,720,2024-07-04 10:07:00,1,1,Electronics,Delhi,58,Female,3234.58,2.8,29841,227.63
1166,714,2024-10-01 23:29:00,1,0,Toys,Bangalore,58,Male,7295.31,3.3,34593,197.13
2061,216,2024-03-26 19:19:00,0,1,Electronics,Kolkata,24,Male,6787.58,3.8,20698,88.51
2996,749,2024-11-11 20:53:00,1,1,Home,Bangalore,42,Male,9333.44,2.8,25537,179.65
1217,654,2024-02-11 15:34:00,1,0,Clothing,Delhi,27,Male,4301.92,1.0,58528,226.5
2474,345,2024-06-17 12:16:00,1,0,Home,Bangalore,34,Male,5982.58,1.5,77271,82.36
4337,582,2024-04-15 12:41:00,1,0,Toys,Chennai,37,Female,9287.93,1.9,58845,127.9
2813,237,2024-04-21 12:06:00,1,0,Electronics,Bangalore,32,Female,8922.76,2.9,42221,156.18
4109,826,2024-04-06 19:00:00,1,0,Clothing,Mumbai,40,Male,9148.67,1.3,70596,70.16
2871,365,2024-06-21 20:41:00,1,0,Home,Kolkata,36,Female,9429.08,2.3,27751,212.68
4492,460,2024-10-11 10:43:00,0,0,Books,Bangalore,27,Female,5765.91,1.4,76490,144.87
3933,296,2024-02-09 08:21:00,1,0,Clothing,Kolkata,45,Male,7710.44,2.8,62733,89.94
4767,695,2024-09-18 03:10:00,1,0,Clothing,Bangalore,57,Female,6161.7,1.9,99305,118.91
4657,321,2024-08-18 04:56:00,1,0,Electronics,Bangalore,36,Male,379.18,5.0,40938,259.93
3722,302,2024-07-28 07:19:00,0,1,Books,Bangalore,22,Female,2303.99,3.7,57538,89.29
3118,874,2024-07-14 07:19:00,1,1,Electronics,Bangalore,40,Male,731.78,3.9,84675,107.48
2669,265,2024-05-08 00:56:00,1,1,Electronics,Delhi,51,Female,1736.4,1.7,17922,81.22
1270,340,2024-06-18 02:06:00,0,0,Clothing,Bangalore,44,Male,4967.22,4.8,42270,169.97
3874,859,2024-10-18 19:45:00,0,0,Electronics,Mumbai,50,Female,2951.31,4.9,24479,245.66
1340,827,2024-03-18 05:11:00,1,0,Home,Delhi,55,Male,5081.82,1.4,18399,57.93
2433,471,2024-09-27 14:07:00,1,1,Toys,Chennai,27,Female,4518.81,4.9,89650,191.36
2329,593,2024-06-26 15:39:00,1,0,Electronics,Mumbai,52,Male,1291.84,2.8,14503,20.16
3004,539,2024-02-25 22:02:00,1,0,Books,Bangalore,36,Female,832.51,2.2,73578,107.7
3749,860,2024-02-19 22:48:00,1,1,Books,Mumbai,33,Female,8207.03,1.1,19517,17.63
1449,528,2024-05-20 07:30:00,0,0,Electronics,Bangalore,50,Female,7568.84,1.3,86525,59.82
1748,304,2024-02-21 06:10:00,1,0,Home,Delhi,36,Female,480.48,3.4,26432,81.68
3339,455,2024-07-27 14:04:00,1,0,Clothing,Delhi,53,Male,2491.3,3.5,17571,240.83
2234,385,2024-03-13 22:58:00,1,1,Home,Delhi,44,Female,7952.39,4.9,15785,54.98
2622,309,2024-03-14 09:17:00,0,0,Home,Delhi,30,Female,6252.52,2.7,92143,186.27
2504,597,2024-10-07 15:27:00,0,0,Home,Delhi,36,Female,8408.23,2.2,20638,42.14
2204,764,2024-09-06 07:14:00,0,0,Toys,Mumbai,29,Female,9790.27,2.8,84143,104.15
4266,513,2024-01-18 12:37:00,1,0,Home,Chennai,30,Female,2148.47,2.8,72574,172.17
2138,835,2024-09-01 08:39:00,1,0,Toys,Chennai,44,Female,6060.49,1.7,60356,18.77
1039,699,2024-01-15 12:25:00,0,0,Home,Delhi,59,Female,8923.08,3.6,94676,237.58
1246,299,2024-06-18 14:37:00,1,1,Electronics,Kolkata,21,Female,3646.18,1.0,43282,93.47
4514,579,2024-10-09 18:04:00,0,0,Toys,Chennai,43,Female,3948.17,3.5,67749,246.81
2129,550,2024-01-04 02:14:00,1,0,Home,Bangalore,43,Female,4022.95,1.7,70702,63.92
2140,254,2024-11-24 20:59:00,1,0,Toys,Chennai,54,Female,3547.96,4.5,60546,35.57
1174,885,2024-03-08 20:40:00,0,0,Books,Bangalore,22,Male,3416.82,3.1,19551,61.89
3252,190,2024-01-01 18:23:00,1,0,Electronics,Delhi,31,Female,1544.63,4.1,25668,140.42
1046,751,2024-08-17 22:29:00,1,0,Electronics,Delhi,32,Female,9679.88,2.3,74723,37.33
1463,585,2024-12-01 09:02:00,1,0,Home,Bangalore,59,Female,166.47,4.8,94593,262.93
2055,993,2024-07-08 15:25:00,0,0,Electronics,Mumbai,40,Male,5779.69,2.0,59686,27.35
4588,713,2024-01-02 20:43:00,0,0,Clothing,Chennai,29,Male,6517.91,1.2,75890,34.35
1478,553,2024-11-19 15:48:00,1,0,Toys,Bangalore,53,Male,7807.27,1.8,17200,95.23
4019,811,2024-11-23 16:10:00,0,0,Toys,Chennai,49,Female,7626.58,1.9,44853,147.49
4232,935,2024-03-10 23:05:00,1,0,Home,Mumbai,37,Male,314.08,3.0,91246,73.37
1403,894,2024-10-22 16:38:00,1,1,Books,Mumbai,40,Male,8665.14,4.6,56483,170.37
1251,968,2024-03-15 08:36:00,0,1,Electronics,Chennai,36,Male,6311.72,4.1,42915,223.75
1759,368,2024-05-26 16:07:00,0,0,Toys,Chennai,46,Male,2765.58,1.1,62563,48.88
1219,550,2024-08-15 01:15:00,0,1,Electronics,Mumbai,59,Male,8586.74,2.5,12162,45.96
3963,544,2024-08-16 18:46:00,1,0,Toys,Delhi,52,Female,4201.76,1.1,70274,199.3
4179,688,2024-04-03 13:51:00,1,1,Electronics,Kolkata,22,Male,6458.27,2.0,39460,31.57
3962,601,2024-04-14 08:16:00,1,1,Home,Chennai,39,Male,7470.26,1.3,25790,138.54
2219,423,2024-05-30 00:00:00,1,0,Electronics,Delhi,54,Female,5936.55,1.6,80167,254.63
3430,412,2024-07-13 14:15:00,0,0,Books,Delhi,30,Female,8495.35,1.5,82601,202.6
1507,943,2024-07-25 15:22:00,0,0,Toys,Mumbai,25,Male,4162.83,4.3,95958,163.59
1599,763,2024-04-30 09:42:00,1,1,Home,Kolkata,22,Male,7325.08,4.5,17566,251.57
4736,575,2024-02-19 14:19:00,0,1,Electronics,Delhi,50,Female,9522.69,3.7,10552,74.47
4176,722,2024-06-02 11:16:00,1,0,Home,Kolkata,35,Male,2833.3,4.2,88838,94.08
2491,258,2024-06-22 08:02:00,1,0,Home,Chennai,50,Female,5292.3,2.6,48108,24.24
3505,636,2024-06-15 23:02:00,1,0,Home,Kolkata,26,Female,7359.79,5.0,65910,126.3
4235,436,2024-12-29 18:10:00,1,0,Books,Chennai,43,Female,3412.98,4.2,44985,94.12
2127,129,2024-07-06 09:34:00,1,0,Toys,Delhi,38,Female,5899.4,2.4,26594,263.29
1705,858,2024-05-18 00:02:00,1,0,Electronics,Chennai,43,Male,4091.59,4.1,12791,207.4
4685,573,2024-11-11 05:50:00,1,0,Toys,Kolkata,19,Female,1439.05,2.8,87146,95.06
4499,322,2024-05-03 16:36:00,1,0,Home,Kolkata,54,Male,103.95,1.7,16953,289.26
4175,468,2024-03-23 18:59:00,1,0,Toys,Mumbai,53,Male,5071.19,3.4,88676,225.9
4408,686,2024-06-20 02:41:00,1,0,Clothing,Kolkata,41,Male,5379.45,4.5,68837,71.02
3651,790,2024-09-21 16:30:00,1,0,Books,Bangalore,30,Male,8119.7,1.7,32677,5.89
2580,919,2024-02-18 23:14:00,1,0,Books,Mumbai,55,Male,5235.57,1.1,38792,38.71
2760,979,2024-05-08 02:23:00,1,0,Toys,Chennai,21,Female,9074.85,2.9,80405,34.02
4290,867,2024-01-24 03:30:00,1,0,Toys,Chennai,30,Female,8264.49,4.9,21663,154.03
1650,656,2024-03-06 19:09:00,1,0,Toys,Mumbai,34,Female,923.1,2.3,97931,156.69
3746,321,2024-06-22 21:21:00,0,0,Home,Kolkata,36,Male,3932.26,1.1,92123,27.98
2812,868,2024-10-24 17:25:00,0,0,Clothing,Mumbai,18,Male,4721.38,3.1,28222,15.38
3739,358,2024-04-27 20:07:00,1,0,Books,Chennai,52,Male,8066.64,1.6,59093,33.66
4063,161,2024-05-04 19:03:00,1,0,Home,Bangalore,44,Female,6091.21,4.6,98856,242.36
2110,511,2024-01-14 06:47:00,1,0,Toys,Chennai,36,Female,3187.29,2.8,42615,274.64
3404,153,2024-08-17 04:59:00,1,0,Books,Chennai,40,Male,719.78,3.3,96913,68.98
2979,689,2024-08-23 18:27:00,1,0,Books,Chennai,39,Male,4790.5,4.6,31973,112.31
1269,106,2024-08-03 22:05:00,0,1,Home,Bangalore,26,Female,8323.73,3.2,98324,43.67
2641,496,2024-12-29 09:58:00,0,0,Home,Chennai,25,Male,519.9,4.0,34375,13.4
1415,459,2024-08-22 17:32:00,1,0,Clothing,Mumbai,41,Female,9939.87,2.4,44341,23.1
2636,668,2024-04-03 01:29:00,1,0,Books,Kolkata,56,Male,7423.51,3.2,35650,238.19
1055,163,2024-04-29 05:04:00,1,1,Home,Bangalore,22,Female,8120.67,2.8,21817,209.61
3622,224,2024-05-31 15:51:00,1,0,Home,Delhi,58,Male,4814.08,2.2,68213,229.44
1349,353,2024-06-21 21:25:00,0,0,Clothing,Kolkata,18,Female,3602.23,1.1,79813,240.97
2034,616,2024-10-01 06:34:00,1,0,Electronics,Mumbai,35,Female,1113.78,3.1,59211,115.22
3256,506,2024-09-17 11:07:00,1,1,Home,Chennai,53,Male,8589.03,3.7,72892,93.96
4264,178,2024-07-28 20:23:00,0,0,Books,Kolkata,52,Male,4254.65,3.9,10484,72.6
3656,447,2024-04-04 00:48:00,1,1,Clothing,Mumbai,21,Female,7878.4,4.4,17751,129.97
4860,209,2024-02-11 00:39:00,0,0,Books,Delhi,23,Male,7364.74,2.1,36202,136.06
4443,716,2024-02-07 04:51:00,1,0,Books,Delhi,38,Female,647.09,1.1,66098,141.67
4028,398,2024-07-13 21:27:00,0,0,Electronics,Bangalore,34,Male,4250.5,4.9,45317,282.73
1165,918,2024-03-06 09:50:00,1,0,Toys,Chennai,52,Male,1531.27,1.3,55211,136.35
1545,170,2024-04-02 11:54:00,1,0,Clothing,Delhi,50,Female,5686.47,2.7,68587,260.48
4503,369,2024-01-24 09:30:00,0,0,Electronics,Chennai,56,Female,7325.45,1.5,29151,35.8
2178,397,2024-10-03 06:06:00,0,0,Toys,Mumbai,35,Female,5065.44,1.4,45464,66.82
1469,486,2024-02-05 01:00:00,1,0,Books,Chennai,36,Female,5010.1,2.6,54842,71.91
2063,513,2024-05-26 17:28:00,1,0,Books,Chennai,31,Male,6026.39,3.5,77494,194.96
4553,566,2024-04-19 19:17:00,1,1,Toys,Delhi,42,Male,6497.92,3.0,26205,120.81
2514,575,2024-12-30 12:37:00,1,0,Books,Kolkata,31,Female,5316.0,3.1,86231,95.11
4550,522,2024-12-18 04:45:00,0,0,Electronics,Chennai,33,Female,564.4,4.9,39396,82.29
1971,910,2024-12-28 17:45:00,1,0,Books,Mumbai,26,Male,3913.71,5.0,29812,276.98
3392,655,2024-04-05 06:40:00,1,0,Toys,Bangalore,24,Female,4164.95,1.2,36367,85.01
4081,510,2024-11-19 18:32:00,1,0,Home,Chennai,48,Male,4531.65,1.3,36090,111.96
3316,922,2024-06-21 06:06:00,1,0,Toys,Kolkata,24,Male,1857.19,1.6,62896,277.77
1857,879,2024-11-26 15:51:00,1,0,Toys,Kolkata,37,Female,2084.1,1.7,11478,213.76
1133,509,2024-01-06 20:04:00,1,0,Electronics,Delhi,59,Female,848.83,4.0,53426,291.67
1125,768,2024-03-26 08:25:00,1,0,Electronics,Delhi,40,Female,500.65,2.0,92166,24.08
1639,310,2024-03-06 04:53:00,1,0,Toys,Mumbai,38,Female,9583.97,2.8,81083,297.45
2141,886,2024-08-12 06:04:00,1,0,Home,Kolkata,35,Male,8777.35,4.5,74377,204.25
4040,617,2024-06-23 09:23:00,1,0,Electronics,Delhi,41,Male,8260.3,4.4,38926,138.87
3237,591,2024-03-27 17:23:00,1,0,Books,Mumbai,29,Female,9138.97,2.7,69371,279.51
2398,379,2024-05-29 01:31:00,0,1,Electronics,Kolkata,32,Male,4165.13,2.0,63527,32.76
1065,659,2024-06-11 02:26:00,1,0,Electronics,Bangalore,34,Male,5388.14,4.4,18302,146.38
3845,137,2024-07-27 10:34:00,1,1,Electronics,Bangalore,54,Female,9605.57,2.1,85758,294.51
4166,793,2024-08-06 14:56:00,1,0,Books,Chennai,51,Female,9245.34,3.3,44167,224.19
3468,869,2024-04-22 06:37:00,0,0,Books,Kolkata,24,Female,8694.33,1.1,33389,153.15
4670,966,2024-06-12 07:34:00,1,0,Home,Bangalore,37,Male,2896.91,2.1,83624,26.22
4783,687,2024-01-03 15:31:00,0,0,Books,Delhi,22,Male,1679.15,2.4,37893,202.53
1961,302,2024-06-18 19:45:00,1,0,Clothing,Mumbai,45,Male,7265.54,3.8,65633,17.91
2469,232,2024-03-31 10:22:00,1,0,Books,Chennai,27,Male,9456.36,3.8,45556,250.33
4995,739,2024-07-06 17:56:00,0,0,Home,Bangalore,29,Male,7333.58,2.0,35086,213.4
3634,553,2024-06-16 05:37:00,1,0,Books,Delhi,44,Male,7201.36,3.0,74465,172.2
3400,725,2024-02-15 05:18:00,0,0,Toys,Delhi,59,Female,3043.45,1.8,49483,152.34
2424,804,2024-05-31 13:26:00,1,1,Toys,Bangalore,31,Female,5239.69,3.8,19562,172.73
1400,339,2024-08-31 11:04:00,1,0,Home,Kolkata,51,Female,4313.76,4.1,94702,25.19
1124,834,2024-05-31 20:10:00,0,0,Clothing,Kolkata,45,Female,6927.38,2.7,96049,45.42
4475,419,2024-06-15 04:50:00,1,0,Clothing,Delhi,25,Male,4258.68,4.4,87246,106.22
1017,352,2024-06-06 01:18:00,0,1,Toys,Chennai,34,Female,676.67,4.9,36334,109.45
4740,711,2024-10-30 17:56:00,1,0,Toys,Chennai,33,Female,7053.85,2.6,96615,182.09
4332,244,2024-02-04 16:14:00,1,0,Toys,Chennai,47,Male,5223.7,2.9,16324,128.87
3217,921,2024-10-16 16:35:00,1,1,Books,Mumbai,39,Female,5014.97,3.4,24377,46.25
3750,947,2024-08-24 13:25:00,1,0,Toys,Kolkata,39,Male,2741.64,2.7,31345,164.2
1826,941,2024-02-12 01:30:00,1,0,Clothing,Chennai,19,Female,7970.81,3.9,17694,71.98
4410,256,2024-08-09 08:36:00,0,0,Toys,Chennai,35,Female,6616.01,4.0,66103,30.8
4452,694,2024-02-12 07:08:00,1,0,Toys,Delhi,39,Female,1093.01,2.0,91887,33.14
2697,317,2024-06-13 15:56:00,1,0,Clothing,Kolkata,44,Female,9989.44,1.4,66048,28.42
2843,822,2024-04-26 19:34:00,1,1,Home,Chennai,35,Male,831.14,1.4,65008,279.73
4290,322,2024-06-06 10:18:00,1,0,Clothing,Mumbai,52,Female,5405.91,4.7,79450,34.53
1755,274,2024-07-14 07:08:00,0,0,Toys,Chennai,58,Male,451.31,4.5,59914,67.9
3301,105,2024-05-01 05:51:00,1,0,Books,Mumbai,33,Male,3993.28,4.4,56963,290.27
1692,626,2024-03-07 12:05:00,1,1,Clothing,Delhi,28,Male,321.22,2.4,27161,227.45
3580,793,2024-11-16 13:51:00,0,0,Electronics,Delhi,30,Female,5524.2,2.7,85449,95.4
1526,726,2024-04-28 09:20:00,1,0,Electronics,Mumbai,29,Male,1356.92,1.3,23495,141.75
4977,731,2024-05-23 20:07:00,0,0,Books,Chennai,20,Female,7323.28,1.5,47332,19.54
2587,937,2024-02-28 17:13:00,0,0,Toys,Bangalore,53,Male,5562.1,3.7,54870,168.52
1214,287,2024-10-29 19:46:00,0,0,Electronics,Delhi,53,Male,160.28,2.8,52293,92.85
4372,720,2024-06-28 02:49:00,1,0,Electronics,Kolkata,31,Male,8520.52,2.5,26088,82.18
1733,627,2024-11-23 22:26:00,0,0,Electronics,Bangalore,30,Male,3619.91,1.2,51642,257.47
1942,942,2024-03-26 16:36:00,1,1,Books,Kolkata,36,Male,8707.89,2.0,97543,21.86
2109,609,2024-07-19 07:16:00,1,0,Electronics,Kolkata,34,Male,7120.74,2.1,66482,290.35
4030,389,2024-09-18 19:51:00,1,0,Home,Mumbai,52,Male,3532.06,3.6,98464,191.06
4404,154,2024-06-15 08:29:00,0,0,Clothing,Kolkata,34,Male,3617.39,1.7,39813,296.83
1229,966,2024-05-23 20:51:00,1,0,Toys,Delhi,47,Female,6628.82,1.3,37236,50.24
2637,561,2024-02-12 01:50:00,1,1,Clothing,Delhi,33,Female,3637.97,4.1,59828,120.4
2602,220,2024-12-04 03:02:00,1,0,Books,Mumbai,41,Female,1010.29,2.5,24144,183.98
3171,149,2024-05-30 00:17:00,1,0,Toys,Chennai,34,Female,367.12,4.7,60687,148.87
3099,190,2024-06-29 10:29:00,0,1,Toys,Chennai,42,Male,7778.03,4.3,86927,146.23
4341,181,2024-04-18 04:23:00,0,0,Clothing,Mumbai,25,Male,5466.32,1.2,63475,265.61
3893,400,2024-04-23 22:50:00,1,0,Books,Bangalore,59,Male,9328.11,3.5,94718,160.82
4312,158,2024-09-29 03:26:00,1,0,Clothing,Bangalore,41,Female,8949.47,1.7,11979,152.55
1289,830,2024-09-03 12:39:00,1,0,Books,Delhi,26,Male,1690.09,4.4,18746,12.63
3151,901,2024-01-31 07:43:00,1,0,Clothing,Kolkata,31,Female,9290.81,1.8,90571,287.38
1974,222,2024-03-30 13:03:00,0,0,Home,Chennai,21,Female,7821.05,2.5,50013,86.92
3622,267,2024-03-14 19:00:00,1,0,Books,Delhi,22,Female,4567.24,1.2,93251,227.95
2106,923,2024-09-27 02:50:00,1,0,Clothing,Delhi,35,Female,4180.06,1.4,20929,159.76
3202,537,2024-12-16 00:20:00,1,0,Home,Chennai,31,Male,8393.91,4.5,63625,215.79
4427,990,2024-03-20 17:25:00,0,1,Home,Mumbai,27,Male,2548.96,1.9,84294,14.18
2269,287,2024-10-20 05:50:00,1,0,Electronics,Kolkata,43,Male,4515.63,2.3,10357,257.19
1605,333,2024-07-17 03:53:00,0,1,Electronics,Kolkata,31,Female,1586.2,2.0,12722,263.89
4890,828,2024-01-18 19:39:00,1,0,Home,Chennai,31,Female,9632.87,3.0,70829,108.44
2941,440,2024-11-16 06:16:00,0,1,Clothing,Kolkata,47,Female,2623.95,3.6,57608,83.85
3781,688,2024-11-18 05:54:00,0,1,Books,Kolkata,53,Male,1213.45,1.8,19006,150.76
2859,227,2024-01-12 22:32:00,1,0,Toys,Kolkata,50,Male,2918.27,3.1,82990,171.3
3599,920,2024-07-28 10:17:00,1,0,Home,Mumbai,30,Female,8029.25,2.1,87218,30.67
2167,906,2024-04-11 08:29:00,0,1,Clothing,Chennai,52,Female,3567.13,3.6,63041,116.58
3052,438,2024-09-23 00:21:00,1,0,Books,Delhi,47,Female,8307.31,3.0,97528,228.57
2306,165,2024-09-25 20:19:00,0,1,Home,Chennai,19,Female,5179.01,4.8,99282,101.94
2595,484,2024-09-12 16:11:00,1,0,Toys,Chennai,24,Female,6361.28,3.0,58196,132.58
1441,419,2024-06-29 13:30:00,1,0,Clothing,Delhi,23,Male,557.09,1.5,34476,208.89
2101,636,2024-09-26 14:18:00,0,0,Books,Kolkata,55,Female,7338.94,4.4,84486,265.11
3731,817,2024-05-13 18:00:00,1,1,Books,Delhi,20,Male,403.58,2.2,85138,109.45
4589,359,2024-07-09 13:24:00,0,0,Home,Bangalore,36,Female,1794.29,2.0,61483,75.03
4015,463,2024-01-15 07:40:00,1,0,Toys,Chennai,37,Male,2294.01,4.1,84427,148.42
2525,555,2024-03-06 21:10:00,0,0,Books,Kolkata,31,Female,2494.83,2.8,39809,183.79
2305,266,2024-09-22 06:05:00,0,0,Electronics,Bangalore,19,Male,773.91,4.3,60953,263.31
1121,590,2024-10-30 07:03:00,1,0,Toys,Delhi,47,Male,2602.61,1.5,10902,222.56
1566,619,2024-06-01 16:11:00,1,0,Home,Chennai,59,Male,6276.2,1.1,25890,164.44
4703,756,2024-10-20 11:40:00,0,0,Toys,Bangalore,58,Male,3148.7,2.7,68292,181.72
1399,770,2024-10-31 09:00:00,1,0,Toys,Kolkata,51,Male,308.14,3.7,81903,188.11
4819,477,2024-05-06 18:23:00,0,0,Clothing,Mumbai,19,Female,904.83,2.1,78402,82.4
2009,410,2024-04-22 03:30:00,1,1,Electronics,Bangalore,51,Male,9941.82,4.0,50655,201.89
2333,757,2024-02-07 16:04:00,1,0,Books,Delhi,54,Male,6814.1,3.7,25168,190.16
1299,854,2024-12-19 12:17:00,0,0,Electronics,Bangalore,23,Male,4406.82,4.7,64065,135.75
2090,758,2024-12-01 05:30:00,1,0,Clothing,Kolkata,21,Female,6580.51,1.4,42083,166.46
1053,559,2024-02-24 00:22:00,0,0,Electronics,Kolkata,37,Male,8753.9,4.4,12235,109.67
2405,834,2024-06-17 06:09:00,0,0,Clothing,Kolkata,57,Male,6510.14,4.7,77144,42.01
4138,462,2024-01-29 23:43:00,0,0,Books,Bangalore,36,Female,8325.43,3.4,18124,192.36
1915,113,2024-01-20 12:28:00,0,1,Books,Chennai,28,Male,2726.95,3.7,95904,258.94
4079,735,2024-12-01 03:13:00,1,0,Electronics,Chennai,34,Male,1441.81,3.1,16968,267.85
1120,879,2024-03-29 03:21:00,1,1,Books,Delhi,36,Male,3131.03,1.2,36991,124.04
1619,959,2024-03-09 05:00:00,1,0,Clothing,Kolkata,34,Male,2438.35,2.6,98910,280.77
4453,744,2024-04-25 04:51:00,1,0,Toys,Bangalore,49,Female,5509.33,1.6,59343,176.74
3368,818,2024-04-10 09:29:00,0,0,Electronics,Mumbai,46,Female,2330.83,1.7,47369,253.1
4044,341,2024-03-16 14:14:00,1,0,Home,Mumbai,20,Female,783.84,3.0,12275,10.68
2940,738,2024-04-19 22:14:00,1,0,Electronics,Kolkata,28,Female,9719.06,4.6,37937,277.72
3543,366,2024-05-14 23:11:00,1,0,Electronics,Delhi,26,Female,4674.45,4.1,97284,141.87
3364,808,2024-02-10 05:24:00,0,0,Toys,Mumbai,58,Female,1500.27,1.7,87200,188.39
3554,572,2024-02-12 23:01:00,1,0,Clothing,Chennai,57,Female,3352.15,3.9,66989,43.05
3350,289,2024-08-13 21:44:00,0,0,Toys,Kolkata,31,Female,2349.28,2.7,47665,39.03
4959,233,2024-07-20 21:39:00,1,0,Toys,Bangalore,54,Male,5208.35,4.4,19000,259.08
2674,554,2024-12-15 00:43:00,1,0,Toys,Mumbai,41,Male,2480.26,1.2,65951,282.27
3627,286,2024-10-11 06:40:00,0,0,Home,Mumbai,30,Male,6761.26,3.0,37957,138.17
1573,959,2024-05-07 13:02:00,1,0,Books,Chennai,36,Male,8732.94,1.8,92194,17.43
2620,541,2024-07-07 15:02:00,0,0,Electronics,Delhi,56,Male,722.19,5.0,66496,146.46
1981,866,2024-04-26 22:02:00,1,1,Home,Delhi,30,Female,8031.57,1.3,57403,8.06
4740,898,2024-06-10 14:44:00,1,0,Books,Kolkata,32,Male,5921.6,3.0,31686,79.42
2472,840,2024-03-25 14:54:00,1,0,Clothing,Kolkata,35,Male,6325.28,3.3,23922,58.59
3635,386,2024-10-04 14:52:00,0,0,Books,Bangalore,44,Female,2723.08,1.3,88931,258.9
3120,910,2024-05-20 21:42:00,1,0,Home,Kolkata,45,Male,5438.84,1.7,92262,40.5
2641,589,2024-06-14 15:48:00,0,0,Books,Delhi,53,Female,8251.84,1.1,52021,196.77
1743,788,2024-08-26 14:34:00,1,1,Toys,Kolkata,23,Female,3947.76,4.5,71990,58.99
3060,760,2024-02-07 09:13:00,1,0,Home,Delhi,58,Female,5840.81,2.2,89204,233.01
2540,305,2024-08-20 22:28:00,1,1,Clothing,Delhi,43,Female,7429.04,4.6,75206,157.43
1665,523,2024-02-28 11:52:00,1,0,Toys,Delhi,25,Male,2228.97,1.2,89978,246.78
2755,422,2024-07-31 08:34:00,1,0,Clothing,Mumbai,58,Male,8060.39,2.1,83806,221.58
3272,640,2024-02-24 21:00:00,1,0,Toys,Mumbai,58,Male,1092.12,2.8,93253,155.92
4867,184,2024-04-09 18:58:00,1,1,Electronics,Bangalore,40,Female,1611.33,2.8,12954,261.57
3623,167,2024-04-19 05:25:00,0,0,Home,Chennai,43,Male,877.23,1.1,41553,211.99
2372,840,2024-01-25 17:23:00,1,0,Toys,Kolkata,50,Male,8574.39,1.0,58568,255.84
4979,496,2024-08-20 10:31:00,1,0,Clothing,Kolkata,20,Female,3404.59,4.5,70327,269.44
1336,113,2024-04-21 21:40:00,1,0,Home,Chennai,57,Female,6125.2,3.9,20461,248.01
2389,189,2024-06-19 11:48:00,0,0,Clothing,Bangalore,33,Male,6915.49,1.4,72121,221.93
2919,557,2024-03-17 23:00:00,1,0,Clothing,Chennai,41,Male,9934.29,5.0,44334,58.33
1942,406,2024-06-19 17:28:00,1,0,Clothing,Delhi,37,Male,2850.91,3.6,58242,210.94
3410,144,2024-10-24 04:02:00,1,1,Electronics,Bangalore,36,Female,4347.43,4.8,84733,100.99
4021,975,2024-05-01 07:29:00,1,0,Home,Bangalore,50,Male,8942.28,4.2,33868,264.64
3014,377,2024-02-22 20:14:00,1,0,Books,Bangalore,19,Male,2052.07,4.4,55193,47.73
4757,735,2024-11-18 14:50:00,1,1,Home,Mumbai,39,Female,5126.3,4.3,24818,264.74
3477,980,2024-05-22 17:05:00,0,0,Clothing,Mumbai,39,Male,3979.27,1.1,45057,38.35
2219,933,2024-02-23 21:18:00,1,1,Clothing,Kolkata,32,Female,5774.54,2.9,30741,162.37
2306,393,2024-05-10 09:09:00,0,0,Toys,Kolkata,33,Female,3767.02,3.7,16422,179.88
3224,432,2024-09-16 08:50:00,1,1,Clothing,Chennai,45,Male,386.87,3.6,49606,153.18
3090,882,2024-12-10 06:56:00,0,0,Electronics,Kolkata,56,Female,4938.62,2.2,19465,238.6
3131,224,2024-02-04 20:58:00,1,1,Toys,Mumbai,41,Male,5434.53,4.4,29413,289.83
4924,577,2024-09-17 18:35:00,1,0,Books,Chennai,21,Male,8158.2,3.7,73737,125.41
3489,972,2024-06-11 02:38:00,0,0,Clothing,Chennai,39,Female,8004.77,3.0,59819,299.62
4517,307,2024-11-23 08:21:00,1,0,Clothing,Bangalore,30,Female,7427.89,1.0,67550,296.22
3019,638,2024-06-22 13:06:00,1,0,Clothing,Kolkata,51,Female,6630.93,2.3,75188,275.22
3131,101,2024-01-29 02:20:00,0,0,Electronics,Delhi,39,Male,8922.65,1.6,36340,217.59
4217,515,2024-01-01 01:22:00,0,0,Books,Delhi,22,Female,4935.22,4.1,75814,178.68
1989,705,2024-12-08 16:45:00,0,1,Toys,Kolkata,27,Male,3583.57,4.8,86420,32.65
2412,877,2024-12-17 05:37:00,1,0,Books,Mumbai,18,Female,2578.82,3.8,41962,187.47
1010,864,2024-08-14 00:34:00,1,0,Home,Kolkata,32,Male,1071.38,3.8,97001,104.43
3213,733,2024-07-27 08:13:00,0,0,Books,Kolkata,19,Male,563.85,4.2,17386,61.05
1157,568,2024-01-13 01:23:00,1,0,Home,Mumbai,43,Female,5526.8,1.1,28260,260.27
2524,558,2024-08-29 00:24:00,1,0,Electronics,Mumbai,37,Female,6386.39,3.2,22394,117.7
4341,785,2024-07-16 10:59:00,0,0,Toys,Mumbai,49,Female,382.33,4.8,80599,24.21
1461,268,2024-06-11 12:51:00,1,0,Electronics,Chennai,26,Female,9871.71,1.2,80470,128.18
4564,638,2024-08-02 02:39:00,1,0,Electronics,Kolkata,20,Male,1296.64,3.0,13337,191.47
1844,331,2024-11-18 03:37:00,0,0,Books,Kolkata,40,Male,3610.75,3.0,72978,187.23
4974,334,2024-08-25 17:15:00,0,0,Home,Mumbai,59,Female,9076.65,2.5,89962,181.44
4316,838,2024-12-12 03:26:00,1,0,Home,Chennai,29,Female,6336.3,2.0,17098,57.85
3738,856,2024-03-06 17:42:00,0,0,Clothing,Chennai,38,Female,9690.86,2.2,93792,53.53
4201,783,2024-02-14 19:16:00,0,0,Home,Kolkata,35,Female,3172.86,3.9,83095,251.89
4937,629,2024-09-06 17:31:00,1,0,Books,Kolkata,52,Male,7664.37,3.4,63323,95.61
1910,300,2024-01-26 15:18:00,0,0,Toys,Mumbai,19,Male,2845.31,1.5,39246,119.99
1892,783,2024-10-14 09:17:00,1,0,Books,Chennai,51,Male,4351.05,4.4,64027,121.58
4714,252,2024-05-08 17:49:00,0,0,Books,Chennai,55,Female,4206.19,1.4,42084,69.08
2327,551,2024-02-29 14:19:00,0,0,Electronics,Kolkata,21,Male,1674.66,2.9,57405,171.66
1584,483,2024-03-28 01:07:00,1,1,Toys,Chennai,49,Female,2157.88,2.0,78408,144.78
1951,101,2024-08-07 00:25:00,1,1,Toys,Mumbai,44,Female,8837.25,4.7,76900,39.82
3306,417,2024-10-11 21:57:00,0,0,Toys,Bangalore,44,Male,8093.14,4.6,46286,44.54
4893,680,2024-07-29 00:39:00,1,0,Home,Delhi,47,Female,2029.92,3.2,78721,120.41
2051,168,2024-10-10 09:45:00,1,0,Electronics,Delhi,43,Female,7384.89,3.5,72430,288.45
4692,256,2024-12-17 22:28:00,1,0,Toys,Kolkata,43,Female,3465.06,3.4,19619,43.65
1470,769,2024-11-13 19:49:00,1,0,Toys,Chennai,35,Male,1838.48,4.1,78911,255.68
3961,932,2024-03-26 15:00:00,0,0,Home,Kolkata,57,Female,4272.02,1.8,73957,185.84
4435,804,2024-06-09 05:01:00,1,0,Toys,Kolkata,44,Male,4963.21,2.0,16272,87.79
3496,631,2024-04-12 15:54:00,1,0,Electronics,Mumbai,22,Female,9180.16,1.2,49814,61.4
1480,216,2024-01-07 17:13:00,1,0,Books,Mumbai,32,Male,4727.21,3.8,70567,84.79
4518,418,2024-12-20 12:12:00,1,1,Clothing,Kolkata,59,Female,4920.55,4.3,97455,43.82
2601,479,2024-07-05 03:41:00,0,0,Clothing,Chennai,45,Male,2706.57,2.0,89881,221.64
3421,769,2024-07-01 08:49:00,0,0,Toys,Mumbai,18,Female,6197.93,3.6,84622,272.82
2476,579,2024-05-25 00:30:00,1,0,Electronics,Mumbai,58,Female,5003.68,1.6,59581,245.15
1404,705,2024-10-09 12:15:00,0,1,Home,Kolkata,27,Female,4236.09,3.3,77399,188.69
1362,930,2024-07-07 18:21:00,0,1,Clothing,Bangalore,57,Female,6699.77,4.6,82977,134.88
1705,232,2024-10-25 13:06:00,1,0,Toys,Delhi,31,Female,1291.57,1.6,84590,141.03
1351,220,2024-07-25 11:55:00,0,1,Home,Chennai,26,Female,3868.45,3.4,46194,33.15
3757,765,2024-05-31 09:38:00,0,0,Books,Delhi,46,Female,1843.93,2.6,95767,45.65
1641,652,2024-03-26 19:26:00,1,1,Electronics,Bangalore,20,Female,2674.85,1.9,12464,137.0
2704,165,2024-07-13 07:20:00,0,0,Toys,Delhi,50,Female,9764.08,2.0,33384,160.72
3671,699,2024-01-25 10:58:00,1,0,Electronics,Bangalore,41,Female,1304.25,1.8,55873,62.78
2563,809,2024-06-27 20:48:00,1,0,Home,Kolkata,34,Male,5970.54,1.5,37300,26.43
4476,332,2024-08-20 21:18:00,1,1,Home,Bangalore,49,Female,8367.71,1.3,20986,109.27
1285,935,2024-06-24 17:32:00,1,0,Books,Kolkata,55,Male,2278.97,1.2,43409,252.52
2508,868,2024-02-16 13:55:00,1,1,Clothing,Kolkata,45,Female,999.28,2.7,83532,247.6
1187,444,2024-07-04 00:12:00,1,1,Books,Mumbai,59,Male,7828.78,3.4,67977,280.76
2906,611,2024-06-08 01:34:00,1,0,Electronics,Mumbai,43,Female,4068.89,3.3,26039,109.15
4860,393,2024-11-28 11:37:00,1,0,Clothing,Bangalore,20,Male,1051.89,2.8,79212,132.29
2873,663,2024-03-01 13:03:00,0,0,Clothing,Delhi,32,Male,2379.39,4.2,72277,259.91
1120,504,2024-01-27 15:52:00,1,0,Home,Bangalore,28,Female,9023.46,1.3,45188,205.61
4677,108,2024-05-09 13:06:00,0,1,Electronics,Kolkata,24,Male,4354.95,4.9,33203,14.35
2275,346,2024-04-03 15:48:00,0,0,Toys,Kolkata,31,Female,6536.65,2.2,68027,120.44
2961,703,2024-01-19 04:54:00,1,0,Books,Chennai,38,Male,566.34,4.0,38264,257.34
4495,660,2024-06-16 15:33:00,1,1,Home,Delhi,58,Male,2465.19,3.8,85804,28.59
3787,724,2024-03-24 14:51:00,1,1,Books,Chennai,36,Male,8531.2,4.7,73227,172.18
3725,306,2024-06-28 18:29:00,1,1,Toys,Delhi,31,Female,6443.68,2.4,24329,174.14
1126,551,2024-09-09 17:00:00,1,0,Books,Kolkata,21,Male,2557.24,1.8,44696,87.52
1193,620,2024-04-14 19:27:00,1,0,Toys,Chennai,54,Male,9330.86,1.0,41560,132.41
1970,278,2024-04-16 13:54:00,1,0,Home,Mumbai,50,Male,6555.01,2.7,76955,207.15
4422,146,2024-11-30 12:49:00,1,1,Toys,Delhi,27,Male,7754.74,3.5,67078,216.6
4137,743,2024-09-15 20:05:00,0,0,Electronics,Bangalore,31,Male,2374.3,1.2,65243,22.31
3636,865,2024-12-16 12:37:00,0,0,Electronics,Mumbai,40,Female,9597.84,4.1,89004,91.75
1281,618,2024-09-23 21:45:00,1,0,Clothing,Delhi,52,Male,5749.57,2.0,90900,49.85
2600,395,2024-06-29 20:40:00,1,0,Books,Mumbai,46,Female,3532.86,4.6,51328,55.87
4643,601,2024-07-04 13:29:00,1,1,Home,Mumbai,19,Female,5960.46,2.5,41826,75.04
2497,306,2024-02-11 22:03:00,1,0,Clothing,Delhi,59,Female,1190.49,3.5,15427,39.36
3195,472,2024-03-30 18:38:00,1,0,Home,Chennai,56,Male,1436.55,2.2,34272,30.89
1903,484,2024-05-09 01:11:00,0,0,Home,Delhi,48,Male,2486.31,3.7,91452,98.52
2825,353,2024-11-16 18:47:00,1,0,Home,Kolkata,58,Female,5656.12,4.8,91218,240.81
4767,325,2024-01-16 23:09:00,1,0,Home,Delhi,40,Male,1485.36,4.3,67602,175.38
2348,798,2024-08-10 16:27:00,1,0,Electronics,Bangalore,42,Male,2960.3,4.9,48448,42.76
2208,697,2024-03-24 09:26:00,0,0,Home,Mumbai,22,Male,5317.36,3.3,66938,239.96
4024,257,2024-12-04 13:17:00,0,0,Clothing,Delhi,44,Female,363.21,2.2,58727,73.68
1142,321,2024-02-17 18:56:00,0,0,Clothing,Delhi,34,Male,4339.26,3.4,99123,199.77
3193,100,2024-12-05 14:28:00,1,0,Clothing,Mumbai,35,Male,2585.51,3.1,24299,72.58
1648,513,2024-02-12 15:28:00,1,0,Toys,Chennai,57,Female,1490.24,4.1,56805,24.82
2240,918,2024-09-25 14:57:00,1,1,Home,Bangalore,19,Male,1341.63,3.4,36537,194.19
3854,869,2024-02-10 11:22:00,1,0,Toys,Chennai,36,Female,922.39,2.9,69816,221.69
2568,706,2024-11-25 13:50:00,1,0,Books,Delhi,37,Female,8454.04,2.2,66537,147.29
4438,436,2024-07-18 03:46:00,1,0,Clothing,Bangalore,20,Male,3476.47,3.4,90906,12.1
1329,759,2024-09-15 04:13:00,0,0,Clothing,Kolkata,36,Male,9790.63,1.2,72086,162.83
1564,710,2024-12-27 11:02:00,1,0,Clothing,Bangalore,24,Female,8046.59,3.5,86112,272.87
4634,280,2024-10-26 21:40:00,1,0,Books,Bangalore,32,Male,2483.98,2.3,98518,237.16
2130,397,2024-05-01 08:52:00,1,0,Clothing,Mumbai,28,Male,4831.96,2.8,78839,58.21
4142,942,2024-10-28 21:59:00,1,0,Home,Kolkata,35,Male,957.08,3.9,57345,101.19
4455,413,2024-08-04 13:17:00,1,0,Home,Mumbai,52,Male,8667.67,2.9,28897,186.06
2463,757,2024-08-18 04:06:00,1,0,Home,Delhi,18,Female,3773.65,3.3,94244,37.7
4223,633,2024-08-27 20:18:00,1,1,Home,Mumbai,25,Male,4499.07,1.4,86370,218.11
4356,736,2024-03-02 11:22:00,0,0,Books,Delhi,22,Female,597.76,1.2,50074,191.33
1460,241,2024-12-25 21:45:00,0,0,Clothing,Mumbai,30,Female,7658.25,2.7,82573,43.5
1209,594,2024-11-17 02:06:00,1,0,Home,Mumbai,28,Female,8577.27,3.3,43348,239.43
4507,562,2024-06-12 18:53:00,1,0,Toys,Delhi,55,Male,4199.32,4.0,40127,36.74
4753,112,2024-12-15 14:46:00,1,0,Toys,Kolkata,23,Female,875.83,1.5,26711,173.61
4669,924,2024-11-06 04:13:00,1,1,Clothing,Mumbai,38,Male,4347.96,3.1,28060,13.1
4014,617,2024-09-21 07:01:00,1,1,Toys,Mumbai,25,Female,6149.74,3.8,84690,50.2
1130,100,2024-08-10 22:09:00,1,0,Clothing,Mumbai,24,Female,3930.94,2.3,25547,137.34
3659,891,2024-10-23 06:35:00,1,0,Toys,Bangalore,49,Female,7251.8,1.1,25132,299.78
3385,658,2024-07-06 09:46:00,1,0,Home,Kolkata,39,Male,1024.41,2.1,12662,91.92
2085,951,2024-09-22 19:18:00,1,0,Home,Delhi,19,Female,7511.68,1.8,62954,216.84
3347,929,2024-05-11 10:49:00,0,0,Electronics,Mumbai,35,Female,7518.54,1.6,51702,131.67
1949,953,2024-08-19 07:02:00,0,0,Home,Kolkata,34,Male,8612.09,2.0,94313,219.46
4745,969,2024-03-27 16:43:00,0,0,Books,Delhi,58,Male,9469.69,2.2,43882,59.03
4553,760,2024-05-29 17:34:00,1,1,Toys,Delhi,47,Female,809.33,1.3,92470,37.57
1073,329,2024-05-27 13:59:00,1,0,Electronics,Delhi,48,Female,5916.47,2.9,75778,165.34
2941,497,2024-05-29 20:35:00,1,0,Clothing,Delhi,53,Male,7444.78,4.3,60484,153.14
2302,596,2024-04-17 17:44:00,0,0,Electronics,Kolkata,19,Male,9050.6,3.0,82222,155.3
2233,710,2024-12-01 08:54:00,1,0,Clothing,Mumbai,53,Male,8684.32,2.4,34711,107.57
1951,141,2024-02-21 04:10:00,0,0,Electronics,Mumbai,37,Male,3508.21,1.5,96695,97.46
1173,373,2024-12-06 23:27:00,0,0,Electronics,Kolkata,20,Male,8713.73,2.8,44197,226.77
1447,745,2024-07-26 12:46:00,0,1,Toys,Kolkata,28,Male,8472.67,3.6,86066,86.38
3856,893,2024-09-02 01:34:00,1,0,Clothing,Delhi,45,Female,9279.66,2.8,78908,55.58
3273,140,2024-02-04 06:52:00,1,0,Home,Chennai,26,Male,2120.91,1.9,37142,238.92
3611,266,2024-09-29 09:47:00,1,0,Electronics,Delhi,34,Female,5978.87,1.9,16385,33.5
3294,544,2024-05-05 00:36:00,1,0,Electronics,Mumbai,51,Female,3226.03,3.6,73563,229.65
1345,476,2024-02-15 02:12:00,1,0,Home,Kolkata,48,Female,413.83,2.4,60369,108.73
2478,404,2024-02-17 21:47:00,1,0,Home,Chennai,33,Male,2550.22,2.6,46469,205.01
4723,601,2024-05-16 03:44:00,1,0,Home,Mumbai,55,Male,5056.59,2.0,38732,209.42
3521,480,2024-10-21 02:21:00,1,0,Home,Chennai,41,Male,600.76,4.5,85597,82.94
1750,563,2024-10-26 23:36:00,1,0,Electronics,Delhi,27,Male,2743.51,4.9,98838,37.93
4630,721,2024-12-01 06:00:00,0,0,Books,Kolkata,31,Female,4707.76,3.5,23489,125.59
4468,445,2024-05-03 07:45:00,1,1,Toys,Mumbai,32,Female,114.42,3.2,85396,32.63
1535,116,2024-04-06 10:31:00,1,1,Books,Kolkata,52,Male,6035.61,4.2,52752,233.39
3062,410,2024-05-28 08:53:00,1,0,Books,Kolkata,34,Female,4948.57,4.8,27133,24.59
1370,185,2024-05-05 00:24:00,1,0,Home,Bangalore,41,Female,9878.02,1.4,53826,144.82
1180,258,2024-12-22 17:31:00,0,1,Clothing,Kolkata,39,Female,7421.72,4.3,14698,73.7
4858,569,2024-12-29 03:46:00,1,0,Books,Mumbai,41,Male,6107.47,3.7,47867,186.52
3492,846,2024-11-13 13:02:00,1,0,Electronics,Chennai,47,Female,7747.21,1.5,62654,216.18
3121,823,2024-07-03 04:41:00,0,0,Toys,Kolkata,48,Male,3114.28,2.7,14368,227.83
3110,463,2024-11-03 17:02:00,1,0,Toys,Delhi,45,Female,4786.68,3.9,25771,250.73
4778,367,2024-04-12 21:56:00,1,0,Home,Bangalore,21,Female,8322.51,2.8,84265,74.24
2048,605,2024-03-26 15:16:00,1,0,Electronics,Chennai,33,Male,3764.53,4.3,33021,273.24
1198,425,2024-02-19 06:28:00,0,0,Books,Mumbai,27,Female,2905.13,3.1,77427,69.45
3425,315,2024-12-03 02:21:00,1,0,Home,Chennai,33,Female,8259.49,3.7,44292,6.09
4444,127,2024-01-15 12:49:00,1,0,Clothing,Kolkata,34,Male,1597.66,2.3,93655,18.65
3657,642,2024-04-23 01:36:00,1,0,Books,Kolkata,44,Female,4702.95,2.3,67546,73.58
2050,609,2024-07-01 04:35:00,1,1,Books,Delhi,21,Female,3989.2,4.1,69731,46.19
1870,361,2024-07-06 02:39:00,1,0,Books,Mumbai,44,Male,2548.69,2.8,61537,299.79
2370,549,2024-09-11 00:41:00,1,0,Electronics,Mumbai,33,Male,3851.1,2.4,42062,237.69
4612,791,2024-10-29 10:49:00,1,0,Home,Mumbai,39,Male,4615.19,4.1,66627,293.88
2854,150,2024-06-20 21:32:00,0,0,Toys,Bangalore,19,Male,323.35,3.3,76510,209.34
1211,713,2024-08-09 12:53:00,1,1,Electronics,Chennai,49,Female,6108.88,1.8,41814,225.03
1312,820,2024-02-18 11:23:00,0,0,Toys,Delhi,25,Male,5325.44,4.2,16233,281.5
2502,197,2024-10-23 21:15:00,0,0,Toys,Bangalore,24,Male,2671.72,2.9,93131,7.32
3042,112,2024-04-05 23:54:00,1,0,Home,Kolkata,36,Male,459.07,1.4,66523,94.91
2433,169,2024-10-18 08:37:00,1,0,Home,Chennai,45,Female,5282.79,3.8,92203,89.23
3238,753,2024-12-21 09:04:00,1,0,Home,Chennai,48,Male,3476.79,3.1,53023,9.97
3364,720,2024-05-01 22:03:00,0,0,Electronics,Bangalore,30,Female,403.4,2.1,28908,113.01
1355,484,2024-02-28 05:10:00,0,0,Toys,Bangalore,34,Male,8670.74,4.8,74918,128.07
2324,375,2024-12-21 17:17:00,0,0,Home,Delhi,35,Male,5122.8,4.0,86014,18.61
4189,356,2024-07-29 14:15:00,1,1,Toys,Bangalore,52,Female,7842.21,3.5,14106,24.94
4311,589,2024-12-22 16:39:00,1,0,Toys,Delhi,25,Female,7129.36,2.4,12916,263.16
2607,790,2024-03-25 14:24:00,0,0,Books,Mumbai,25,Female,2128.53,3.4,91221,64.33
3749,880,2024-12-01 19:44:00,1,0,Home,Bangalore,31,Male,8287.71,4.2,37246,95.01
3341,295,2024-07-24 05:04:00,1,0,Toys,Kolkata,39,Male,1238.15,2.4,52563,293.29
2921,304,2024-01-15 00:57:00,1,1,Toys,Kolkata,33,Female,7290.82,4.7,85229,100.37
4651,954,2024-03-27 00:25:00,0,0,Toys,Chennai,42,Female,1250.82,4.2,97873,7.82
3459,697,2024-03-19 18:31:00,1,0,Books,Chennai,21,Male,4479.38,4.6,94472,131.44
4519,501,2024-09-07 15:18:00,1,0,Toys,Bangalore,21,Male,3986.88,2.8,81669,224.22
3940,384,2024-11-21 15:01:00,1,1,Electronics,Chennai,35,Female,1146.95,4.5,24452,171.46
4408,997,2024-04-16 11:15:00,0,0,Electronics,Chennai,26,Female,376.87,1.5,54323,153.13
1040,858,2024-06-04 15:25:00,1,0,Toys,Chennai,48,Female,4396.21,3.4,59936,212.91
4968,148,2024-07-17 00:51:00,0,1,Electronics,Chennai,52,Female,9661.81,3.1,13894,100.05
4224,855,2024-06-11 06:46:00,1,0,Toys,Kolkata,57,Male,5036.08,1.0,82214,230.31
2697,985,2024-04-20 07:50:00,1,1,Books,Bangalore,43,Male,5602.78,4.7,59549,29.3
2327,368,2024-11-29 11:20:00,1,0,Clothing,Mumbai,56,Female,8850.89,2.5,78491,257.82
1270,852,2024-09-07 02:32:00,1,0,Electronics,Mumbai,46,Female,7678.23,1.4,49577,82.62
4421,279,2024-03-11 03:00:00,0,0,Toys,Chennai,27,Female,1679.19,4.6,33610,108.88
3016,383,2024-09-07 10:17:00,1,1,Books,Kolkata,33,Male,4268.67,2.7,89839,180.52
4375,385,2024-02-18 11:40:00,0,0,Books,Chennai,23,Male,8303.42,2.9,20108,158.18
2525,155,2024-07-31 16:56:00,1,0,Clothing,Delhi,39,Male,2931.35,2.4,84889,20.94
3077,836,2024-09-08 12:35:00,0,0,Toys,Chennai,49,Male,4349.6,2.1,93882,63.7
2519,889,2024-09-16 10:57:00,1,0,Clothing,Bangalore,36,Female,2922.04,4.3,69741,203.2
2675,838,2024-10-31 03:47:00,0,1,Electronics,Bangalore,58,Male,6184.99,3.2,28284,233.85
2698,867,2024-11-09 11:21:00,0,1,Electronics,Chennai,55,Female,9541.2,1.3,55867,67.89
2223,388,2024-01-28 10:49:00,1,0,Home,Mumbai,30,Female,6758.56,2.8,34857,166.56
2894,952,2024-05-09 12:50:00,1,0,Toys,Delhi,57,Female,9640.35,3.5,80129,104.11
3829,166,2024-07-23 10:25:00,1,0,Clothing,Bangalore,40,Male,4722.75,4.0,66979,8.99
2854,879,2024-04-08 08:48:00,1,0,Books,Chennai,49,Male,4391.72,3.6,42676,202.53
3868,267,2024-01-11 11:08:00,0,0,Clothing,Kolkata,33,Male,9445.8,4.4,83373,143.15
4601,848,2024-11-23 01:31:00,0,0,Electronics,Mumbai,52,Female,9369.05,3.2,65738,71.34
4924,884,2024-03-22 06:07:00,0,0,Toys,Delhi,31,Female,3623.98,1.3,49665,178.79
3256,419,2024-05-11 05:47:00,1,0,Electronics,Mumbai,44,Male,8752.46,2.1,75025,80.56
1563,396,2024-11-18 09:53:00,1,0,Toys,Bangalore,26,Female,8633.47,1.7,62926,155.91
4957,938,2024-11-23 15:02:00,0,0,Clothing,Mumbai,59,Female,1144.06,3.5,15801,158.43
3744,546,2024-07-21 16:30:00,1,0,Clothing,Bangalore,24,Female,4027.17,2.9,44886,13.98
2101,578,2024-02-07 13:00:00,1,0,Home,Chennai,25,Female,8024.52,4.4,50792,34.22
1968,924,2024-05-27 07:37:00,1,0,Toys,Chennai,22,Male,4354.16,4.9,25619,51.26
3927,966,2024-12-11 14:28:00,1,0,Electronics,Mumbai,25,Male,7888.13,1.2,40301,61.48
1474,666,2024-07-21 16:03:00,1,0,Clothing,Delhi,50,Male,4345.7,4.1,87725,112.29
2847,473,2024-07-04 09:33:00,0,0,Clothing,Mumbai,25,Female,659.24,4.6,95703,189.11
1471,106,2024-10-23 18:16:00,1,0,Home,Chennai,52,Female,3741.13,4.5,74148,297.04
1686,134,2024-01-17 23:19:00,0,1,Clothing,Delhi,38,Male,4415.11,3.4,39786,49.78
1188,517,2024-10-13 06:05:00,0,1,Books,Bangalore,41,Male,3377.51,3.6,58918,297.25
2928,709,2024-07-09 16:46:00,1,0,Toys,Delhi,40,Male,6341.5,4.0,59103,90.42
1292,325,2024-02-02 14:20:00,0,0,Books,Chennai,58,Male,1472.1,1.6,39274,108.2
4718,855,2024-04-09 04:17:00,1,0,Books,Delhi,21,Female,1534.88,3.5,94883,285.43
1855,566,2024-12-02 08:20:00,1,0,Toys,Kolkata,42,Female,219.56,1.1,74578,217.73
3825,118,2024-01-27 22:05:00,1,0,Books,Delhi,57,Female,7418.86,1.0,83500,106.65
1884,815,2024-04-16 13:09:00,0,0,Clothing,Delhi,18,Female,428.71,2.9,18648,13.39
1861,174,2024-03-02 20:24:00,1,1,Electronics,Chennai,41,Female,779.98,2.1,81241,31.35
3445,789,2024-05-04 03:06:00,1,0,Home,Delhi,48,Female,1012.3,1.4,12963,268.49
2336,746,2024-08-21 17:31:00,0,0,Clothing,Chennai,29,Male,2666.28,3.7,99483,273.56
3621,436,2024-11-18 07:56:00,1,0,Home,Bangalore,38,Male,4467.61,4.1,43766,62.05
1138,388,2024-07-24 23:51:00,0,1,Home,Kolkata,52,Female,2752.28,2.6,19280,227.93
3279,638,2024-03-20 21:16:00,1,0,Home,Chennai,20,Male,9607.64,4.9,31065,289.88
3837,730,2024-08-29 06:48:00,1,0,Electronics,Bangalore,49,Male,6902.62,4.3,91189,169.15
4714,688,2024-11-01 14:17:00,1,0,Home,Chennai,23,Female,4877.32,2.2,53569,149.77
4501,421,2024-08-24 20:22:00,1,0,Clothing,Delhi,55,Female,2568.51,2.2,68017,176.96
2748,297,2024-01-21 06:27:00,1,0,Books,Delhi,54,Male,6223.3,2.6,58345,131.72
4943,496,2024-11-27 08:38:00,1,0,Clothing,Chennai,21,Male,244.31,2.6,32974,140.67
4418,549,2024-05-01 06:35:00,1,0,Toys,Mumbai,31,Male,6672.52,1.9,75398,28.04
3430,553,2024-11-18 18:27:00,1,1,Clothing,Mumbai,21,Male,489.86,4.4,75096,55.14
1357,974,2024-12-03 05:19:00,1,1,Electronics,Kolkata,37,Female,223.63,3.4,46028,254.42
3588,522,2024-01-20 14:20:00,1,1,Clothing,Mumbai,43,Female,7654.66,5.0,39659,157.18
4068,696,2024-07-05 05:00:00,1,0,Home,Chennai,20,Male,7636.32,3.8,65820,265.07
3030,775,2024-08-21 09:56:00,0,0,Toys,Kolkata,28,Male,8545.27,2.2,58356,239.18
4602,873,2024-03-20 23:14:00,0,0,Clothing,Bangalore,52,Female,5981.6,2.1,75629,22.75
2142,424,2024-08-27 17:00:00,0,0,Clothing,Mumbai,45,Female,9905.28,1.0,54793,105.8
3878,423,2024-05-31 18:06:00,1,1,Electronics,Mumbai,24,Female,7224.87,2.7,38737,229.34
4252,285,2024-05-13 08:37:00,1,0,Clothing,Mumbai,24,Female,5258.5,1.5,55513,199.97
3916,595,2024-09-19 17:10:00,0,0,Electronics,Kolkata,30,Female,5069.41,1.1,36964,104.62
1079,420,2024-03-30 16:44:00,1,0,Clothing,Mumbai,48,Female,8799.26,1.2,71329,158.3
3521,655,2024-09-29 07:03:00,0,0,Toys,Bangalore,57,Female,9691.9,2.3,52591,35.23
4150,784,2024-08-31 07:51:00,0,0,Books,Delhi,18,Female,6376.79,2.6,19812,184.26
4741,362,2024-09-21 07:35:00,1,0,Toys,Kolkata,47,Male,5321.38,1.0,41450,210.12
1905,311,2024-01-21 04:29:00,1,0,Books,Mumbai,38,Male,9318.62,3.6,22986,30.52
4649,181,2024-05-25 03:57:00,0,0,Toys,Mumbai,51,Female,7670.16,2.0,82546,245.8
2220,923,2024-05-08 16:30:00,1,0,Clothing,Chennai,21,Male,7850.09,3.1,36459,89.62
1532,183,2024-10-07 17:48:00,1,0,Books,Mumbai,57,Male,2281.14,1.7,76781,200.28
3759,404,2024-03-02 08:03:00,1,0,Toys,Kolkata,45,Male,4564.83,2.9,60223,77.42
3374,179,2024-06-17 09:02:00,1,0,Home,Chennai,59,Male,127.39,1.5,43500,268.41
2766,969,2024-06-14 19:24:00,1,0,Home,Mumbai,33,Female,2948.16,3.4,28284,296.45
3034,683,2024-07-09 16:04:00,1,1,Home,Bangalore,33,Female,3238.42,3.3,37647,67.95
3123,680,2024-10-09 21:48:00,1,0,Home,Chennai,46,Female,9293.64,1.7,37536,30.39
3878,614,2024-09-11 11:02:00,1,1,Toys,Bangalore,43,Female,9372.09,1.2,60398,179.0
4071,309,2024-12-03 08:36:00,1,0,Books,Mumbai,20,Female,1864.32,1.7,21671,98.93
3407,963,2024-11-23 14:09:00,1,0,Books,Delhi,46,Male,6680.81,2.5,28211,258.18
1336,429,2024-12-08 19:33:00,1,0,Clothing,Delhi,52,Male,4140.54,1.1,10763,45.74
1707,889,2024-03-07 13:37:00,1,0,Clothing,Mumbai,40,Female,6526.38,1.1,37491,241.56
4152,200,2024-06-15 04:50:00,1,1,Home,Delhi,34,Male,4342.65,3.0,41766,106.15
4108,648,2024-07-12 12:59:00,1,0,Electronics,Kolkata,42,Female,3441.26,3.9,10596,269.68
3717,403,2024-11-23 10:37:00,1,0,Toys,Delhi,55,Male,2173.37,1.1,76178,272.49
2402,459,2024-12-08 07:43:00,1,0,Clothing,Bangalore,33,Male,1199.43,3.9,83739,235.64
4934,363,2024-01-01 15:30:00,1,1,Clothing,Mumbai,22,Male,3603.49,3.4,68452,95.66
2211,618,2024-09-18 07:37:00,0,0,Clothing,Mumbai,52,Female,557.62,4.4,37471,255.77
2770,344,2024-10-28 01:59:00,0,0,Clothing,Mumbai,24,Female,9267.7,2.8,31499,43.52
3250,163,2024-01-31 10:19:00,1,1,Books,Delhi,25,Male,8155.51,3.3,40258,192.85
3134,363,2024-08-26 01:41:00,1,0,Clothing,Kolkata,48,Male,3933.59,4.3,92256,163.02
3072,831,2024-06-20 17:22:00,1,0,Toys,Bangalore,57,Male,8111.85,3.9,73606,207.65
3678,935,2024-05-01 14:00:00,1,0,Home,Kolkata,58,Male,3759.35,2.9,42607,14.06
3159,228,2024-03-12 11:35:00,0,0,Toys,Chennai,53,Male,4416.98,5.0,34526,229.68
3598,221,2024-03-22 00:12:00,0,1,Clothing,Delhi,51,Female,7474.23,1.0,40381,287.11
1595,326,2024-03-17 22:05:00,1,0,Books,Chennai,34,Male,1209.79,2.5,24962,47.64
3511,419,2024-12-01 00:28:00,1,0,Toys,Chennai,45,Male,7173.76,4.0,34997,18.8
2500,269,2024-10-27 09:39:00,0,0,Electronics,Chennai,50,Male,9623.22,1.1,63689,256.59
1288,522,2024-06-29 11:01:00,1,0,Toys,Delhi,59,Female,6868.36,3.0,40677,276.16
4384,343,2024-04-23 10:07:00,1,0,Toys,Mumbai,40,Female,2523.51,3.7,45727,297.36
2355,424,2024-09-04 06:10:00,1,0,Home,Bangalore,28,Male,6115.67,3.0,30717,10.6
2027,921,2024-11-09 15:23:00,1,0,Books,Kolkata,44,Male,5572.03,4.5,91772,209.34
4219,228,2024-06-24 00:09:00,1,0,Electronics,Chennai,36,Female,4764.47,4.8,73366,154.52
4931,583,2024-02-16 18:13:00,1,0,Toys,Mumbai,45,Female,1638.88,1.2,54804,164.27
4363,130,2024-11-16 20:23:00,1,0,Books,Delhi,51,Female,2839.45,4.8,34304,24.83
4474,523,2024-06-12 21:28:00,1,0,Toys,Mumbai,20,Female,7927.35,1.2,53266,7.38
1950,976,2024-11-01 02:26:00,0,0,Home,Delhi,47,Male,1700.11,3.5,20974,197.48
2037,963,2024-03-03 16:08:00,1,0,Home,Mumbai,39,Female,2925.55,4.5,81820,263.75
1968,863,2024-09-16 18:43:00,0,0,Electronics,Mumbai,51,Female,4194.46,1.5,42206,103.18
4791,693,2024-05-29 11:22:00,1,0,Home,Mumbai,49,Female,3259.35,3.9,74144,214.64
2784,652,2024-10-06 01:20:00,1,0,Home,Delhi,47,Female,5419.3,2.6,37819,236.8
3406,996,2024-10-22 18:43:00,0,0,Home,Bangalore,53,Male,4516.15,3.4,11135,92.28
3169,764,2024-09-06 14:54:00,1,0,Clothing,Bangalore,27,Male,3764.86,3.0,90073,96.47
4037,207,2024-10-04 09:54:00,0,0,Clothing,Bangalore,49,Male,1483.99,2.0,87402,198.35
1423,374,2024-08-20 06:28:00,1,1,Clothing,Bangalore,53,Male,6244.31,3.4,58923,285.9
3533,169,2024-03-15 11:07:00,0,0,Clothing,Chennai,27,Female,7390.37,3.7,86794,297.67
1221,238,2024-10-10 21:10:00,1,0,Clothing,Kolkata,19,Female,3742.26,1.8,45612,114.59
1346,348,2024-08-21 19:56:00,1,0,Home,Kolkata,35,Male,4385.88,3.5,15711,92.5
1680,576,2024-04-26 12:37:00,0,0,Books,Kolkata,59,Female,3826.49,3.1,26911,263.4
1489,983,2024-12-02 19:41:00,0,0,Home,Kolkata,34,Female,899.87,2.0,30547,266.48
2808,585,2024-03-16 08:34:00,1,0,Books,Mumbai,25,Female,1862.94,1.8,74267,163.84
1612,922,2024-07-28 06:30:00,0,1,Books,Bangalore,38,Female,8151.52,2.3,65278,108.15
1471,686,2024-03-26 13:51:00,0,0,Home,Delhi,22,Male,5965.95,2.6,73064,138.37
3285,154,2024-07-08 22:00:00,0,0,Books,Chennai,42,Male,9836.44,4.9,34353,85.29
2405,805,2024-08-03 02:46:00,1,1,Clothing,Bangalore,50,Female,8660.04,1.1,49119,108.23
3457,349,2024-09-02 06:31:00,0,0,Books,Mumbai,43,Male,6453.06,1.1,13102,289.75
1038,925,2024-01-02 14:51:00,0,0,Home,Bangalore,58,Male,9200.31,3.8,85173,116.32
4932,240,2024-10-25 23:37:00,1,0,Home,Mumbai,34,Female,1813.96,2.6,63501,133.09
4365,404,2024-11-22 16:15:00,1,0,Electronics,Delhi,45,Male,2558.91,4.9,63006,128.26
2050,283,2024-09-24 13:29:00,0,1,Clothing,Mumbai,53,Male,3187.81,3.4,62512,195.34
2383,720,2024-08-18 11:32:00,0,0,Home,Chennai,44,Female,4585.0,4.3,79419,79.1
4494,328,2024-09-29 17:00:00,0,0,Home,Chennai,53,Female,5877.72,2.0,33012,258.6
2053,217,2024-10-08 00:07:00,0,0,Clothing,Delhi,48,Female,2082.86,1.1,49472,111.29
1719,686,2024-01-14 14:57:00,1,0,Home,Kolkata,37,Male,2957.51,4.8,32699,252.83
1332,527,2024-04-17 08:32:00,1,0,Electronics,Chennai,56,Female,4922.38,3.2,13522,55.63
3022,375,2024-06-30 03:57:00,0,0,Electronics,Chennai,59,Female,4469.94,1.5,92799,211.93
2902,856,2024-10-23 13:08:00,0,0,Clothing,Delhi,18,Male,3026.86,1.3,67147,151.22
1355,217,2024-06-18 17:07:00,1,0,Electronics,Bangalore,45,Female,2761.11,2.6,27411,49.48
3790,602,2024-11-22 21:46:00,0,1,Clothing,Bangalore,53,Female,7939.56,4.2,80355,231.93
2445,967,2024-03-29 19:45:00,1,1,Home,Delhi,25,Female,9959.66,3.6,17388,179.95
2707,868,2024-10-02 09:17:00,1,1,Electronics,Chennai,22,Male,4078.33,2.0,48994,212.18
1009,252,2024-11-15 07:05:00,0,1,Clothing,Kolkata,20,Male,1255.47,2.6,52547,71.5
3520,991,2024-04-12 05:56:00,0,1,Home,Delhi,49,Female,3397.62,4.1,41123,93.52
3783,694,2024-03-12 09:11:00,1,0,Home,Delhi,29,Female,2248.9,4.5,58159,224.87
2226,575,2024-12-20 04:08:00,1,0,Clothing,Mumbai,52,Female,6724.8,1.1,72661,10.41
4103,571,2024-11-21 17:23:00,0,0,Toys,Kolkata,21,Male,5527.88,3.3,85373,107.46
4836,647,2024-09-23 02:20:00,1,0,Clothing,Bangalore,57,Female,1214.11,1.1,83332,252.03
3821,456,2024-07-27 15:29:00,0,0,Books,Kolkata,20,Male,8540.89,1.9,52866,232.15
2133,386,2024-05-17 12:55:00,1,0,Home,Bangalore,40,Male,2531.42,4.6,13934,86.15
3038,781,2024-09-16 13:50:00,1,0,Electronics,Bangalore,35,Male,7252.12,4.0,62635,174.92
4345,969,2024-09-26 13:29:00,0,0,Books,Delhi,36,Male,641.41,1.1,54533,49.95
4548,737,2024-10-28 18:42:00,1,0,Books,Mumbai,49,Male,4933.8,2.0,47992,43.98
3515,620,2024-02-03 19:46:00,0,0,Books,Kolkata,34,Male,4387.68,3.8,82994,102.83
2183,784,2024-07-19 09:14:00,1,0,Clothing,Kolkata,45,Female,4012.37,4.3,17683,93.9
3348,938,2024-12-19 06:22:00,1,0,Toys,Kolkata,58,Female,8958.15,1.1,39227,250.85
2919,716,2024-10-03 03:37:00,1,0,Home,Kolkata,26,Female,9343.14,1.2,29945,97.18
1889,425,2024-06-03 06:42:00,0,0,Clothing,Bangalore,23,Female,8549.59,2.5,19091,76.91
4577,712,2024-12-18 16:50:00,1,0,Clothing,Delhi,43,Female,2912.3,3.0,10829,173.89
4873,278,2024-04-03 23:14:00,1,1,Home,Chennai,28,Female,4375.25,1.2,35241,173.39
4650,596,2024-04-28 04:31:00,0,0,Toys,Mumbai,51,Male,2457.23,1.7,38804,84.77
1793,776,2024-09-15 20:15:00,1,1,Books,Bangalore,58,Male,4443.6,1.9,74009,258.73
3646,706,2024-07-02 18:31:00,1,0,Home,Chennai,22,Male,9213.29,4.2,47998,24.45
3882,216,2024-03-22 15:58:00,0,0,Home,Delhi,51,Female,6973.51,4.5,97336,91.1
2049,761,2024-03-24 19:35:00,1,0,Toys,Bangalore,19,Female,2634.19,3.6,33634,9.42
4807,973,2024-06-13 07:07:00,1,0,Books,Bangalore,49,Female,4298.28,4.5,92169,200.34
1519,160,2024-10-18 02:03:00,0,1,Clothing,Mumbai,54,Male,804.57,2.3,86780,176.08
1546,297,2024-03-27 14:48:00,1,0,Toys,Bangalore,18,Male,5819.39,4.5,48406,64.88
4025,153,2024-06-16 02:13:00,1,0,Toys,Mumbai,23,Male,5257.39,2.0,27998,220.18
1375,763,2024-06-08 10:25:00,1,0,Home,Bangalore,30,Male,3731.28,3.9,76471,115.51
1358,406,2024-02-07 06:27:00,1,0,Toys,Bangalore,18,Male,9701.97,2.9,98178,203.21
1655,878,2024-11-20 17:00:00,1,0,Home,Mumbai,48,Female,2740.05,1.1,60445,27.26
2014,714,2024-07-12 12:23:00,1,0,Electronics,Delhi,44,Female,1603.38,1.5,64430,19.92
2080,201,2024-02-13 08:07:00,1,0,Electronics,Kolkata,48,Female,4912.57,2.7,19218,240.38
3817,167,2024-02-10 01:07:00,1,0,Clothing,Kolkata,46,Male,8108.29,5.0,44544,119.19
4925,272,2024-10-02 10:10:00,1,0,Clothing,Delhi,21,Male,7314.15,2.3,45692,116.81
1410,153,2024-01-04 19:00:00,1,0,Home,Bangalore,58,Male,5774.6,3.9,59578,236.9
4300,158,2024-06-28 12:14:00,1,1,Home,Bangalore,24,Female,2459.79,1.8,24830,173.4
3984,793,2024-11-11 22:41:00,1,1,Clothing,Chennai,52,Female,1832.06,4.0,33848,159.41
2936,521,2024-02-05 12:19:00,1,1,Toys,Chennai,59,Male,2040.24,1.9,66681,34.47
1950,215,2024-11-06 08:54:00,1,0,Books,Bangalore,47,Male,8100.65,2.9,16167,178.23
1288,264,2024-04-23 14:44:00,1,0,Home,Mumbai,37,Male,9177.87,2.7,26559,141.26
2215,932,2024-05-11 19:46:00,1,0,Books,Delhi,21,Female,9318.38,4.2,19626,88.51
1888,353,2024-08-09 15:15:00,0,0,Electronics,Bangalore,44,Female,7397.92,3.9,20459,70.97
3579,696,2024-04-29 23:46:00,1,0,Home,Kolkata,29,Male,4573.35,2.8,19615,118.6
4535,354,2024-03-31 03:28:00,1,1,Electronics,Chennai,37,Male,2443.28,1.5,33523,65.65
1018,158,2024-09-05 13:00:00,1,0,Clothing,Chennai,23,Female,2391.99,1.4,83722,85.55
3833,764,2024-01-12 13:19:00,1,0,Clothing,Mumbai,21,Male,7959.87,2.6,20343,207.02
3294,209,2024-05-26 10:27:00,1,1,Electronics,Bangalore,42,Male,2769.37,3.0,76115,203.12
2553,763,2024-08-12 21:24:00,1,0,Toys,Delhi,28,Male,1304.89,2.3,91007,134.44
2102,636,2024-05-02 08:45:00,1,0,Electronics,Mumbai,24,Male,196.13,3.2,46879,78.59
4640,918,2024-08-10 14:08:00,1,0,Electronics,Delhi,23,Female,442.42,1.1,87591,190.94
2964,308,2024-06-19 10:04:00,0,0,Toys,Mumbai,27,Female,3949.51,1.8,80036,13.44
3134,792,2024-10-13 00:26:00,1,0,Home,Delhi,51,Male,6898.78,4.9,26071,207.0
1751,520,2024-07-05 12:22:00,0,0,Clothing,Kolkata,58,Male,7223.42,1.3,28700,78.91
3208,276,2024-10-02 18:55:00,1,0,Clothing,Bangalore,54,Female,3035.73,2.8,32912,29.81
3058,691,2024-03-03 16:29:00,1,0,Electronics,Mumbai,49,Male,8811.31,3.4,69587,94.95
3708,816,2024-03-10 05:48:00,0,0,Books,Mumbai,56,Female,8412.67,3.5,60471,232.25
2196,139,2024-03-01 03:44:00,0,1,Toys,Mumbai,28,Female,9634.4,1.2,64398,233.3
2510,951,2024-05-18 13:11:00,0,0,Toys,Bangalore,57,Female,6207.85,3.6,12662,120.62
4550,899,2024-10-30 16:14:00,1,0,Books,Mumbai,23,Male,2712.54,1.3,21611,59.4
1591,131,2024-06-24 17:15:00,0,0,Electronics,Bangalore,34,Female,5692.86,4.7,38752,118.61
3843,160,2024-02-02 10:04:00,1,0,Toys,Bangalore,43,Male,9177.9,4.6,52807,231.21
4592,896,2024-02-25 22:41:00,1,0,Electronics,Bangalore,35,Female,6513.32,2.3,24526,176.38
2006,436,2024-06-15 06:56:00,1,0,Toys,Mumbai,59,Female,5605.57,1.6,17913,224.74
1886,568,2024-08-15 11:29:00,1,0,Toys,Bangalore,48,Male,3720.58,4.2,53217,218.84
2886,652,2024-04-02 12:15:00,0,0,Electronics,Bangalore,42,Male,1743.61,2.2,94719,104.7
1174,719,2024-11-21 00:33:00,1,0,Electronics,Bangalore,19,Female,8116.62,2.0,98720,134.05
4450,506,2024-05-29 04:03:00,1,0,Toys,Delhi,48,Male,3713.5,4.0,29965,156.17
2159,302,2024-01-24 02:05:00,1,0,Books,Mumbai,18,Female,8368.37,1.8,16064,269.6
2585,919,2024-02-09 23:07:00,1,0,Books,Bangalore,53,Male,6608.65,2.8,12422,43.81
4110,438,2024-10-02 18:43:00,1,0,Books,Bangalore,37,Male,2822.68,1.2,19628,124.39
